[2026-09-05 07:29:23] 開始執行每日分析，共 3 檔目標股
[2026-09-05 07:29:23] 處理中：編號1 - 3661.TW
[2026-09-05 07:29:34] ⚠️ 關聯股 3529.TW 更新失敗，跳過：抓取 3529.TW 失敗，重試 3 次後仍失敗：3529.TW 沒有抓到任何資料，請確認代號是否正確（尤其台股需要 .TW / .TWO 後綴）
[2026-09-05 07:29:39] ⚠️ 關聯股 6643.TW 更新失敗，跳過：抓取 6643.TW 失敗，重試 3 次後仍失敗：6643.TW 沒有抓到任何資料，請確認代號是否正確（尤其台股需要 .TW / .TWO 後綴）
[2026-09-05 07:29:49] ⚠️ 關聯股 AWS 更新失敗，跳過：抓取 AWS 失敗，重試 3 次後仍失敗：AWS 沒有抓到任何資料，請確認代號是否正確（尤其台股需要 .TW / .TWO 後綴）
[2026-09-05 07:30:02] ⚠️ 關聯股 6223.TW 更新失敗，跳過：抓取 6223.TW 失敗，重試 3 次後仍失敗：6223.TW 沒有抓到任何資料，請確認代號是否正確（尤其台股需要 .TW / .TWO 後綴）
[2026-09-05 07:30:08] ⚠️ 關聯股 6510.TW 更新失敗，跳過：抓取 6510.TW 失敗，重試 3 次後仍失敗：6510.TW 沒有抓到任何資料，請確認代號是否正確（尤其台股需要 .TW / .TWO 後綴）
[2026-09-05 07:30:10] 完成：3661.TW 趨勢延續分數=0.413（樣本不足（<30，僅供觀察，不做方向推論）（納入 13 檔關聯股））
[2026-09-05 07:30:10] 處理中：編號1 - 3443.TW
[2026-09-05 07:30:18] ⚠️ 關聯股 3529.TW 更新失敗，跳過：抓取 3529.TW 失敗，重試 3 次後仍失敗：3529.TW 沒有抓到任何資料，請確認代號是否正確（尤其台股需要 .TW / .TWO 後綴）
[2026-09-05 07:30:23] ⚠️ 關聯股 6643.TW 更新失敗，跳過：抓取 6643.TW 失敗，重試 3 次後仍失敗：6643.TW 沒有抓到任何資料，請確認代號是否正確（尤其台股需要 .TW / .TWO 後綴）
[2026-09-05 07:30:32] ⚠️ 關聯股 AWS 更新失敗，跳過：抓取 AWS 失敗，重試 3 次後仍失敗：AWS 沒有抓到任何資料，請確認代號是否正確（尤其台股需要 .TW / .TWO 後綴）
[2026-09-05 07:30:43] ⚠️ 關聯股 6223.TW 更新失敗，跳過：抓取 6223.TW 失敗，重試 3 次後仍失敗：6223.TW 沒有抓到任何資料，請確認代號是否正確（尤其台股需要 .TW / .TWO 後綴）
[2026-09-05 07:30:48] ⚠️ 關聯股 6510.TW 更新失敗，跳過：抓取 6510.TW 失敗，重試 3 次後仍失敗：6510.TW 沒有抓到任何資料，請確認代號是否正確（尤其台股需要 .TW / .TWO 後綴）
[2026-09-05 07:30:50] 完成：3443.TW 趨勢延續分數=0.371（樣本不足（<30，僅供觀察，不做方向推論）（納入 13 檔關聯股））
[2026-09-05 07:30:50] 處理中：編號9 - 2449.TW
[2026-09-05 07:31:00] 完成：2449.TW 趨勢延續分數=0.621（樣本不足（<30，僅供觀察，不做方向推論）（納入 9 檔關聯股））
[2026-09-05 07:31:00] 每日摘要已存到 /home/runner/work/brian670126/brian670126/reports/summary_2026-09-05.csv
[2026-09-05 07:31:00] 本次執行完畢

[2026-09-05 07:56:05] 開始執行每日分析，共 19 檔目標股
[2026-09-05 07:56:05] 處理中：編號1 - 3661.TW
[2026-09-05 07:56:14] ⚠️ 關聯股 3529.TW 更新失敗，跳過：抓取 3529.TW 失敗，重試 3 次後仍失敗：3529.TW 沒有抓到任何資料，請確認代號是否正確（尤其台股需要 .TW / .TWO 後綴）
[2026-09-05 07:56:20] ⚠️ 關聯股 6643.TW 更新失敗，跳過：抓取 6643.TW 失敗，重試 3 次後仍失敗：6643.TW 沒有抓到任何資料，請確認代號是否正確（尤其台股需要 .TW / .TWO 後綴）
[2026-09-05 07:56:29] ⚠️ 關聯股 AWS 更新失敗，跳過：抓取 AWS 失敗，重試 3 次後仍失敗：AWS 沒有抓到任何資料，請確認代號是否正確（尤其台股需要 .TW / .TWO 後綴）
[2026-09-05 07:56:40] ⚠️ 關聯股 6223.TW 更新失敗，跳過：抓取 6223.TW 失敗，重試 3 次後仍失敗：6223.TW 沒有抓到任何資料，請確認代號是否正確（尤其台股需要 .TW / .TWO 後綴）
[2026-09-05 07:56:46] ⚠️ 關聯股 6510.TW 更新失敗，跳過：抓取 6510.TW 失敗，重試 3 次後仍失敗：6510.TW 沒有抓到任何資料，請確認代號是否正確（尤其台股需要 .TW / .TWO 後綴）
[2026-09-05 07:56:49] 完成：3661.TW 趨勢延續分數=0.413（納入 13 檔關聯股；其中天數樣本最少的一檔為 243 天（樣本充足（>200，具統計意義）））
[2026-09-05 07:56:49] 處理中：編號1 - 3443.TW
[2026-09-05 07:56:56] ⚠️ 關聯股 3529.TW 更新失敗，跳過：抓取 3529.TW 失敗，重試 3 次後仍失敗：3529.TW 沒有抓到任何資料，請確認代號是否正確（尤其台股需要 .TW / .TWO 後綴）
[2026-09-05 07:57:01] ⚠️ 關聯股 6643.TW 更新失敗，跳過：抓取 6643.TW 失敗，重試 3 次後仍失敗：6643.TW 沒有抓到任何資料，請確認代號是否正確（尤其台股需要 .TW / .TWO 後綴）
[2026-09-05 07:57:10] ⚠️ 關聯股 AWS 更新失敗，跳過：抓取 AWS 失敗，重試 3 次後仍失敗：AWS 沒有抓到任何資料，請確認代號是否正確（尤其台股需要 .TW / .TWO 後綴）
[2026-09-05 07:57:21] ⚠️ 關聯股 6223.TW 更新失敗，跳過：抓取 6223.TW 失敗，重試 3 次後仍失敗：6223.TW 沒有抓到任何資料，請確認代號是否正確（尤其台股需要 .TW / .TWO 後綴）
[2026-09-05 07:57:27] ⚠️ 關聯股 6510.TW 更新失敗，跳過：抓取 6510.TW 失敗，重試 3 次後仍失敗：6510.TW 沒有抓到任何資料，請確認代號是否正確（尤其台股需要 .TW / .TWO 後綴）
[2026-09-05 07:57:28] 完成：3443.TW 趨勢延續分數=0.371（納入 13 檔關聯股；其中天數樣本最少的一檔為 238 天（樣本充足（>200，具統計意義）））
[2026-09-05 07:57:28] 處理中：編號9 - 2449.TW
[2026-09-05 07:57:38] 完成：2449.TW 趨勢延續分數=0.621（納入 9 檔關聯股；其中天數樣本最少的一檔為 238 天（樣本充足（>200，具統計意義）））
[2026-09-05 07:57:38] 處理中：編號3 - 8299.TW
[2026-09-05 07:57:43] ⚠️ 目標股 8299.TW 更新失敗：抓取 8299.TW 失敗，重試 3 次後仍失敗：8299.TW 沒有抓到任何資料，請確認代號是否正確（尤其台股需要 .TW / .TWO 後綴）
[2026-09-05 07:57:43] 處理中：編號16 - 6669.TW
[2026-09-05 07:57:54] 完成：6669.TW 趨勢延續分數=0.766（納入 11 檔關聯股；其中天數樣本最少的一檔為 242 天（樣本充足（>200，具統計意義）））
[2026-09-05 07:57:54] 處理中：編號34 - 2421.TW
[2026-09-05 07:57:59] ⚠️ 關聯股 BBU 更新失敗，跳過：抓取 BBU 失敗，重試 3 次後仍失敗：BBU 沒有抓到任何資料，請確認代號是否正確（尤其台股需要 .TW / .TWO 後綴）
[2026-09-05 07:58:06] 完成：2421.TW 趨勢延續分數=0.904（納入 6 檔關聯股；其中天數樣本最少的一檔為 240 天（樣本充足（>200，具統計意義）））
[2026-09-05 07:58:06] 處理中：編號9 - 3374.TW
[2026-09-05 07:58:11] ⚠️ 目標股 3374.TW 更新失敗：抓取 3374.TW 失敗，重試 3 次後仍失敗：3374.TW 沒有抓到任何資料，請確認代號是否正確（尤其台股需要 .TW / .TWO 後綴）
[2026-09-05 07:58:11] 處理中：編號11 - 1815.TW
[2026-09-05 07:58:16] ⚠️ 目標股 1815.TW 更新失敗：抓取 1815.TW 失敗，重試 3 次後仍失敗：1815.TW 沒有抓到任何資料，請確認代號是否正確（尤其台股需要 .TW / .TWO 後綴）
[2026-09-05 07:58:16] 處理中：編號34 - 3003.TW
[2026-09-05 07:58:20] ⚠️ 關聯股 BBU 更新失敗，跳過：抓取 BBU 失敗，重試 3 次後仍失敗：BBU 沒有抓到任何資料，請確認代號是否正確（尤其台股需要 .TW / .TWO 後綴）
[2026-09-05 07:58:27] 完成：3003.TW 趨勢延續分數=0.757（納入 6 檔關聯股；其中天數樣本最少的一檔為 234 天（樣本充足（>200，具統計意義）））
[2026-09-05 07:58:27] 處理中：編號34 - 4931.TW
[2026-09-05 07:58:32] ⚠️ 目標股 4931.TW 更新失敗：抓取 4931.TW 失敗，重試 3 次後仍失敗：4931.TW 沒有抓到任何資料，請確認代號是否正確（尤其台股需要 .TW / .TWO 後綴）
[2026-09-05 07:58:32] 處理中：編號16 - 2377.TW
[2026-09-05 07:58:43] 完成：2377.TW 趨勢延續分數=0.706（納入 11 檔關聯股；其中天數樣本最少的一檔為 229 天（樣本充足（>200，具統計意義）））
[2026-09-05 07:58:43] 處理中：編號39 - 4908.TW
[2026-09-05 07:58:48] ⚠️ 目標股 4908.TW 更新失敗：抓取 4908.TW 失敗，重試 3 次後仍失敗：4908.TW 沒有抓到任何資料，請確認代號是否正確（尤其台股需要 .TW / .TWO 後綴）
[2026-09-05 07:58:48] 處理中：編號32 - 8103.TW
[2026-09-05 07:58:55] ⚠️ 關聯股 JAE 更新失敗，跳過：抓取 JAE 失敗，重試 3 次後仍失敗：JAE 沒有抓到任何資料，請確認代號是否正確（尤其台股需要 .TW / .TWO 後綴）
[2026-09-05 07:58:59] 完成：8103.TW 趨勢延續分數=0.872（納入 5 檔關聯股；其中天數樣本最少的一檔為 240 天（樣本充足（>200，具統計意義）））
[2026-09-05 07:58:59] 處理中：編號17 - 5284.TW
[2026-09-05 07:59:05] ⚠️ 關聯股 CDU 更新失敗，跳過：抓取 CDU 失敗，重試 3 次後仍失敗：CDU 沒有抓到任何資料，請確認代號是否正確（尤其台股需要 .TW / .TWO 後綴）
[2026-09-05 07:59:14] 完成：5284.TW 趨勢延續分數=1.0（納入 9 檔關聯股；其中天數樣本最少的一檔為 234 天（樣本充足（>200，具統計意義）））
[2026-09-05 07:59:14] 處理中：編號35 - 6830.TW
[2026-09-05 07:59:17] 完成：6830.TW 趨勢延續分數=-0.177（納入 3 檔關聯股；其中天數樣本最少的一檔為 237 天（樣本充足（>200，具統計意義）））
[2026-09-05 07:59:17] 處理中：編號36 - 7711.TW
[2026-09-05 07:59:23] ⚠️ 關聯股 CPU 更新失敗，跳過：抓取 CPU 失敗，重試 3 次後仍失敗：CPU 沒有抓到任何資料，請確認代號是否正確（尤其台股需要 .TW / .TWO 後綴）
[2026-09-05 07:59:29] 完成：7711.TW 趨勢延續分數=0.845（納入 6 檔關聯股；其中天數樣本最少的一檔為 176 天（樣本尚可（100–200，具參考意義）））
[2026-09-05 07:59:29] 處理中：編號37 - 3234.TW
[2026-09-05 07:59:34] ⚠️ 目標股 3234.TW 更新失敗：抓取 3234.TW 失敗，重試 3 次後仍失敗：3234.TW 沒有抓到任何資料，請確認代號是否正確（尤其台股需要 .TW / .TWO 後綴）
[2026-09-05 07:59:34] 處理中：編號38 - 6291.TW
[2026-09-05 07:59:39] ⚠️ 目標股 6291.TW 更新失敗：抓取 6291.TW 失敗，重試 3 次後仍失敗：6291.TW 沒有抓到任何資料，請確認代號是否正確（尤其台股需要 .TW / .TWO 後綴）
[2026-09-05 07:59:39] 處理中：編號25 - 2408.TW
[2026-09-05 07:59:42] 完成：2408.TW 趨勢延續分數=1.0（納入 3 檔關聯股；其中天數樣本最少的一檔為 247 天（樣本充足（>200，具統計意義）））
[2026-09-05 07:59:42] 每日摘要已存到 /home/runner/work/brian670126/brian670126/reports/summary_2026-09-05.csv
[2026-09-05 07:59:42] 本次執行完畢

[2026-09-05 08:16:59] 開始執行每日分析，共 19 檔目標股
[2026-09-05 08:16:59] 處理中：編號1 - 3661.TW
[2026-09-05 08:17:35] 完成：3661.TW 趨勢延續分數=0.522（納入 17 檔關聯股；其中天數樣本最少的一檔為 243 天（樣本充足（>200，具統計意義）））
[2026-09-05 08:17:35] 處理中：編號1 - 3443.TW
[2026-09-05 08:18:09] 完成：3443.TW 趨勢延續分數=0.524（納入 17 檔關聯股；其中天數樣本最少的一檔為 238 天（樣本充足（>200，具統計意義）））
[2026-09-05 08:18:09] 處理中：編號9 - 2449.TW
[2026-09-05 08:18:18] 完成：2449.TW 趨勢延續分數=0.621（納入 9 檔關聯股；其中天數樣本最少的一檔為 238 天（樣本充足（>200，具統計意義）））
[2026-09-05 08:18:18] 處理中：編號3 - 8299.TW
[2026-09-05 08:18:35] 完成：8299.TW 趨勢延續分數=0.689（納入 8 檔關聯股；其中天數樣本最少的一檔為 236 天（樣本充足（>200，具統計意義）））
[2026-09-05 08:18:35] 處理中：編號16 - 6669.TW
[2026-09-05 08:18:45] 完成：6669.TW 趨勢延續分數=0.757（納入 10 檔關聯股；其中天數樣本最少的一檔為 242 天（樣本充足（>200，具統計意義）））
[2026-09-05 08:18:45] 處理中：編號34 - 2421.TW
[2026-09-05 08:18:51] 完成：2421.TW 趨勢延續分數=0.904（納入 6 檔關聯股；其中天數樣本最少的一檔為 240 天（樣本充足（>200，具統計意義）））
[2026-09-05 08:18:51] 處理中：編號9 - 3374.TW
[2026-09-05 08:19:04] 完成：3374.TW 趨勢延續分數=0.556（納入 9 檔關聯股；其中天數樣本最少的一檔為 231 天（樣本充足（>200，具統計意義）））
[2026-09-05 08:19:04] 處理中：編號11 - 1815.TW
[2026-09-05 08:19:23] 完成：1815.TW 趨勢延續分數=1.0（納入 5 檔關聯股；其中天數樣本最少的一檔為 241 天（樣本充足（>200，具統計意義）））
[2026-09-05 08:19:23] 處理中：編號34 - 3003.TW
[2026-09-05 08:19:28] 完成：3003.TW 趨勢延續分數=0.757（納入 6 檔關聯股；其中天數樣本最少的一檔為 234 天（樣本充足（>200，具統計意義）））
[2026-09-05 08:19:28] 處理中：編號34 - 4931.TW
[2026-09-05 08:19:38] 完成：4931.TW 趨勢延續分數=0.849（納入 6 檔關聯股；其中天數樣本最少的一檔為 243 天（樣本充足（>200，具統計意義）））
[2026-09-05 08:19:38] 處理中：編號16 - 2377.TW
[2026-09-05 08:19:48] 完成：2377.TW 趨勢延續分數=0.705（納入 10 檔關聯股；其中天數樣本最少的一檔為 229 天（樣本充足（>200，具統計意義）））
[2026-09-05 08:19:48] 處理中：編號39 - 4908.TW
[2026-09-05 08:19:54] 完成：4908.TW 趨勢延續分數=1.0（納入 2 檔關聯股；其中天數樣本最少的一檔為 248 天（樣本充足（>200，具統計意義）））
[2026-09-05 08:19:54] 處理中：編號32 - 8103.TW
[2026-09-05 08:19:59] 完成：8103.TW 趨勢延續分數=0.872（納入 5 檔關聯股；其中天數樣本最少的一檔為 240 天（樣本充足（>200，具統計意義）））
[2026-09-05 08:19:59] 處理中：編號17 - 5284.TW
[2026-09-05 08:20:08] 完成：5284.TW 趨勢延續分數=1.0（納入 9 檔關聯股；其中天數樣本最少的一檔為 234 天（樣本充足（>200，具統計意義）））
[2026-09-05 08:20:08] 處理中：編號35 - 6830.TW
[2026-09-05 08:20:11] 完成：6830.TW 趨勢延續分數=-0.177（納入 3 檔關聯股；其中天數樣本最少的一檔為 237 天（樣本充足（>200，具統計意義）））
[2026-09-05 08:20:11] 處理中：編號36 - 7711.TW
[2026-09-05 08:20:16] 完成：7711.TW 趨勢延續分數=0.845（納入 6 檔關聯股；其中天數樣本最少的一檔為 176 天（樣本尚可（100–200，具參考意義）））
[2026-09-05 08:20:16] 處理中：編號37 - 3234.TW
[2026-09-05 08:20:28] ⚠️ 關聯股 800G 更新失敗，跳過：抓取 800G 失敗，重試 3 次後仍失敗（含嘗試 .TWO 後綴）：800G 沒有抓到任何資料；請確認代號是否正確（尤其台股需要 .TW / .TWO 後綴）
[2026-09-05 08:20:41] 完成：3234.TW 趨勢延續分數=1.0（納入 5 檔關聯股；其中天數樣本最少的一檔為 248 天（樣本充足（>200，具統計意義）））
[2026-09-05 08:20:41] 處理中：編號38 - 6291.TW
[2026-09-05 08:21:04] 完成：6291.TW 趨勢延續分數=0.489（納入 5 檔關聯股；其中天數樣本最少的一檔為 251 天（樣本充足（>200，具統計意義）））
[2026-09-05 08:21:04] 處理中：編號25 - 2408.TW
[2026-09-05 08:21:07] 完成：2408.TW 趨勢延續分數=1.0（納入 3 檔關聯股；其中天數樣本最少的一檔為 247 天（樣本充足（>200，具統計意義）））
[2026-09-05 08:21:07] 每日摘要已存到 /home/runner/work/brian670126/brian670126/reports/summary_2026-09-05.csv
[2026-09-05 08:21:07] 本次執行完畢

[2026-09-06 23:36:49] 開始執行每日分析，共 19 檔目標股
[2026-09-06 23:36:49] 處理中：編號1 - 3661.TW
[2026-09-06 23:37:29] 完成：3661.TW 趨勢延續分數=0.522（納入 17 檔關聯股；其中天數樣本最少的一檔為 243 天（樣本充足（>200，具統計意義）））
[2026-09-06 23:37:29] 處理中：編號1 - 3443.TW
[2026-09-06 23:38:04] 完成：3443.TW 趨勢延續分數=0.524（納入 17 檔關聯股；其中天數樣本最少的一檔為 238 天（樣本充足（>200，具統計意義）））
[2026-09-06 23:38:04] 處理中：編號9 - 2449.TW
[2026-09-06 23:38:15] 完成：2449.TW 趨勢延續分數=0.621（納入 9 檔關聯股；其中天數樣本最少的一檔為 238 天（樣本充足（>200，具統計意義）））
[2026-09-06 23:38:15] 處理中：編號3 - 8299.TW
[2026-09-06 23:38:34] 完成：8299.TW 趨勢延續分數=0.689（納入 8 檔關聯股；其中天數樣本最少的一檔為 236 天（樣本充足（>200，具統計意義）））
[2026-09-06 23:38:34] 處理中：編號16 - 6669.TW
[2026-09-06 23:38:46] 完成：6669.TW 趨勢延續分數=0.757（納入 10 檔關聯股；其中天數樣本最少的一檔為 242 天（樣本充足（>200，具統計意義）））
[2026-09-06 23:38:46] 處理中：編號34 - 2421.TW
[2026-09-06 23:38:54] 完成：2421.TW 趨勢延續分數=0.904（納入 6 檔關聯股；其中天數樣本最少的一檔為 240 天（樣本充足（>200，具統計意義）））
[2026-09-06 23:38:54] 處理中：編號9 - 3374.TW
[2026-09-06 23:39:09] 完成：3374.TW 趨勢延續分數=0.556（納入 9 檔關聯股；其中天數樣本最少的一檔為 231 天（樣本充足（>200，具統計意義）））
[2026-09-06 23:39:09] 處理中：編號11 - 1815.TW
[2026-09-06 23:39:30] 完成：1815.TW 趨勢延續分數=1.0（納入 5 檔關聯股；其中天數樣本最少的一檔為 241 天（樣本充足（>200，具統計意義）））
[2026-09-06 23:39:30] 處理中：編號34 - 3003.TW
[2026-09-06 23:39:37] 完成：3003.TW 趨勢延續分數=0.757（納入 6 檔關聯股；其中天數樣本最少的一檔為 234 天（樣本充足（>200，具統計意義）））
[2026-09-06 23:39:37] 處理中：編號34 - 4931.TW
[2026-09-06 23:39:48] 完成：4931.TW 趨勢延續分數=0.849（納入 6 檔關聯股；其中天數樣本最少的一檔為 243 天（樣本充足（>200，具統計意義）））
[2026-09-06 23:39:48] 處理中：編號16 - 2377.TW
[2026-09-06 23:39:59] 完成：2377.TW 趨勢延續分數=0.705（納入 10 檔關聯股；其中天數樣本最少的一檔為 229 天（樣本充足（>200，具統計意義）））
[2026-09-06 23:39:59] 處理中：編號39 - 4908.TW
[2026-09-06 23:40:06] 完成：4908.TW 趨勢延續分數=1.0（納入 2 檔關聯股；其中天數樣本最少的一檔為 248 天（樣本充足（>200，具統計意義）））
[2026-09-06 23:40:06] 處理中：編號32 - 8103.TW
[2026-09-06 23:40:11] 完成：8103.TW 趨勢延續分數=0.872（納入 5 檔關聯股；其中天數樣本最少的一檔為 240 天（樣本充足（>200，具統計意義）））
[2026-09-06 23:40:11] 處理中：編號17 - 5284.TW
[2026-09-06 23:40:20] 完成：5284.TW 趨勢延續分數=1.0（納入 9 檔關聯股；其中天數樣本最少的一檔為 234 天（樣本充足（>200，具統計意義）））
[2026-09-06 23:40:20] 處理中：編號35 - 6830.TW
[2026-09-06 23:40:23] 完成：6830.TW 趨勢延續分數=-0.177（納入 3 檔關聯股；其中天數樣本最少的一檔為 237 天（樣本充足（>200，具統計意義）））
[2026-09-06 23:40:23] 處理中：編號36 - 7711.TW
[2026-09-06 23:40:30] 完成：7711.TW 趨勢延續分數=0.845（納入 6 檔關聯股；其中天數樣本最少的一檔為 176 天（樣本尚可（100–200，具參考意義）））
[2026-09-06 23:40:30] 處理中：編號37 - 3234.TW
[2026-09-06 23:40:42] ⚠️ 關聯股 800G 更新失敗，跳過：抓取 800G 失敗，重試 3 次後仍失敗（含嘗試 .TWO 後綴）：800G 沒有抓到任何資料；請確認代號是否正確（尤其台股需要 .TW / .TWO 後綴）
[2026-09-06 23:40:55] 完成：3234.TW 趨勢延續分數=1.0（納入 5 檔關聯股；其中天數樣本最少的一檔為 248 天（樣本充足（>200，具統計意義）））
[2026-09-06 23:40:55] 處理中：編號38 - 6291.TW
[2026-09-06 23:41:20] 完成：6291.TW 趨勢延續分數=0.489（納入 5 檔關聯股；其中天數樣本最少的一檔為 251 天（樣本充足（>200，具統計意義）））
[2026-09-06 23:41:20] 處理中：編號25 - 2408.TW
[2026-09-06 23:41:24] 完成：2408.TW 趨勢延續分數=1.0（納入 3 檔關聯股；其中天數樣本最少的一檔為 247 天（樣本充足（>200，具統計意義）））
[2026-09-06 23:41:24] 每日摘要已存到 /home/runner/work/brian670126/brian670126/reports/summary_2026-09-06.csv
[2026-09-06 23:41:24] 本次執行完畢

[2026-09-07 23:36:47] 開始執行每日分析，共 19 檔目標股
[2026-09-07 23:36:47] 處理中：編號1 - 3661.TW
[2026-09-07 23:37:24] 完成：3661.TW 趨勢延續分數=0.4（納入 17 檔關聯股；其中天數樣本最少的一檔為 244 天（樣本充足（>200，具統計意義）））
[2026-09-07 23:37:24] 處理中：編號1 - 3443.TW
[2026-09-07 23:37:57] 完成：3443.TW 趨勢延續分數=0.415（納入 17 檔關聯股；其中天數樣本最少的一檔為 239 天（樣本充足（>200，具統計意義）））
[2026-09-07 23:37:57] 處理中：編號9 - 2449.TW
[2026-09-07 23:38:07] 完成：2449.TW 趨勢延續分數=0.836（納入 9 檔關聯股；其中天數樣本最少的一檔為 239 天（樣本充足（>200，具統計意義）））
[2026-09-07 23:38:07] 處理中：編號3 - 8299.TW
[2026-09-07 23:38:24] 完成：8299.TW 趨勢延續分數=1.0（納入 8 檔關聯股；其中天數樣本最少的一檔為 237 天（樣本充足（>200，具統計意義）））
[2026-09-07 23:38:24] 處理中：編號16 - 6669.TW
[2026-09-07 23:38:33] 完成：6669.TW 趨勢延續分數=-0.127（納入 10 檔關聯股；其中天數樣本最少的一檔為 243 天（樣本充足（>200，具統計意義）））
[2026-09-07 23:38:33] 處理中：編號34 - 2421.TW
[2026-09-07 23:38:40] 完成：2421.TW 趨勢延續分數=0.538（納入 6 檔關聯股；其中天數樣本最少的一檔為 241 天（樣本充足（>200，具統計意義）））
[2026-09-07 23:38:40] 處理中：編號9 - 3374.TW
[2026-09-07 23:38:53] 完成：3374.TW 趨勢延續分數=0.754（納入 9 檔關聯股；其中天數樣本最少的一檔為 232 天（樣本充足（>200，具統計意義）））
[2026-09-07 23:38:53] 處理中：編號11 - 1815.TW
[2026-09-07 23:39:12] 完成：1815.TW 趨勢延續分數=1.0（納入 5 檔關聯股；其中天數樣本最少的一檔為 242 天（樣本充足（>200，具統計意義）））
[2026-09-07 23:39:12] 處理中：編號34 - 3003.TW
[2026-09-07 23:39:18] 完成：3003.TW 趨勢延續分數=0.347（納入 6 檔關聯股；其中天數樣本最少的一檔為 235 天（樣本充足（>200，具統計意義）））
[2026-09-07 23:39:18] 處理中：編號34 - 4931.TW
[2026-09-07 23:39:28] 完成：4931.TW 趨勢延續分數=0.487（納入 6 檔關聯股；其中天數樣本最少的一檔為 244 天（樣本充足（>200，具統計意義）））
[2026-09-07 23:39:28] 處理中：編號16 - 2377.TW
[2026-09-07 23:39:37] 完成：2377.TW 趨勢延續分數=-0.209（納入 10 檔關聯股；其中天數樣本最少的一檔為 230 天（樣本充足（>200，具統計意義）））
[2026-09-07 23:39:37] 處理中：編號39 - 4908.TW
[2026-09-07 23:39:44] 完成：4908.TW 趨勢延續分數=-0.117（納入 2 檔關聯股；其中天數樣本最少的一檔為 249 天（樣本充足（>200，具統計意義）））
[2026-09-07 23:39:44] 處理中：編號32 - 8103.TW
[2026-09-07 23:39:49] 完成：8103.TW 趨勢延續分數=-0.001（納入 5 檔關聯股；其中天數樣本最少的一檔為 241 天（樣本充足（>200，具統計意義）））
[2026-09-07 23:39:49] 處理中：編號17 - 5284.TW
[2026-09-07 23:39:57] 完成：5284.TW 趨勢延續分數=0.404（納入 9 檔關聯股；其中天數樣本最少的一檔為 235 天（樣本充足（>200，具統計意義）））
[2026-09-07 23:39:57] 處理中：編號35 - 6830.TW
[2026-09-07 23:40:00] 完成：6830.TW 趨勢延續分數=1.0（納入 3 檔關聯股；其中天數樣本最少的一檔為 238 天（樣本充足（>200，具統計意義）））
[2026-09-07 23:40:00] 處理中：編號36 - 7711.TW
[2026-09-07 23:40:06] 完成：7711.TW 趨勢延續分數=0.48（納入 6 檔關聯股；其中天數樣本最少的一檔為 177 天（樣本尚可（100–200，具參考意義）））
[2026-09-07 23:40:06] 處理中：編號37 - 3234.TW
[2026-09-07 23:40:17] ⚠️ 關聯股 800G 更新失敗，跳過：抓取 800G 失敗，重試 3 次後仍失敗（含嘗試 .TWO 後綴）：800G 沒有抓到任何資料；請確認代號是否正確（尤其台股需要 .TW / .TWO 後綴）
[2026-09-07 23:40:30] 完成：3234.TW 趨勢延續分數=0.036（納入 5 檔關聯股；其中天數樣本最少的一檔為 248 天（樣本充足（>200，具統計意義）））
[2026-09-07 23:40:30] 處理中：編號38 - 6291.TW
[2026-09-07 23:40:54] 完成：6291.TW 趨勢延續分數=-0.378（納入 5 檔關聯股；其中天數樣本最少的一檔為 252 天（樣本充足（>200，具統計意義）））
[2026-09-07 23:40:54] 處理中：編號25 - 2408.TW
[2026-09-07 23:40:57] 完成：2408.TW 趨勢延續分數=0.424（納入 3 檔關聯股；其中天數樣本最少的一檔為 248 天（樣本充足（>200，具統計意義）））
[2026-09-07 23:40:57] 每日摘要已存到 /home/runner/work/brian670126/brian670126/reports/summary_2026-09-07.csv
[2026-09-07 23:40:57] 本次執行完畢

[2026-09-08 03:35:21] 開始執行每日分析，共 97 檔目標股
[2026-09-08 03:35:21] 處理中：編號1 - 3661.TW
[2026-09-08 03:35:58] 完成：3661.TW 趨勢延續分數=44.6（中度偏多延續，納入 17 檔關聯股；其中天數樣本最少的一檔為 245 天（樣本充足（>200，具統計意義）））
[2026-09-08 03:35:58] 處理中：編號1 - 3443.TW
[2026-09-08 03:36:32] 完成：3443.TW 趨勢延續分數=41.7（中度偏多延續，納入 17 檔關聯股；其中天數樣本最少的一檔為 240 天（樣本充足（>200，具統計意義）））
[2026-09-08 03:36:32] 處理中：編號1 - 3035.TW
[2026-09-08 03:37:06] 完成：3035.TW 趨勢延續分數=37.4（弱偏多延續，納入 17 檔關聯股；其中天數樣本最少的一檔為 237 天（樣本充足（>200，具統計意義）））
[2026-09-08 03:37:06] 處理中：編號1 - 8227.TW
[2026-09-08 03:37:45] 完成：8227.TW 趨勢延續分數=38.4（弱偏多延續，納入 17 檔關聯股；其中天數樣本最少的一檔為 238 天（樣本充足（>200，具統計意義）））
[2026-09-08 03:37:45] 處理中：編號1 - 7707.TW
[2026-09-08 03:38:23] 完成：7707.TW 趨勢延續分數=43.0（中度偏多延續，納入 16 檔關聯股；其中天數樣本最少的一檔為 235 天（樣本充足（>200，具統計意義）））
[2026-09-08 03:38:23] 處理中：編號1 - 7796.TW
[2026-09-08 03:39:02] 完成：7796.TW 趨勢延續分數=44.7（中度偏多延續，納入 17 檔關聯股；其中天數樣本最少的一檔為 234 天（樣本充足（>200，具統計意義）））
[2026-09-08 03:39:02] 處理中：編號1 - 2454.TW
[2026-09-08 03:39:36] 完成：2454.TW 趨勢延續分數=33.7（弱偏多延續，納入 17 檔關聯股；其中天數樣本最少的一檔為 230 天（樣本充足（>200，具統計意義）））
[2026-09-08 03:39:36] 處理中：編號1 - 2379.TW
[2026-09-08 03:40:10] 完成：2379.TW 趨勢延續分數=33.9（弱偏多延續，納入 17 檔關聯股；其中天數樣本最少的一檔為 235 天（樣本充足（>200，具統計意義）））
[2026-09-08 03:40:10] 處理中：編號1 - 3034.TW
[2026-09-08 03:40:44] 完成：3034.TW 趨勢延續分數=32.4（弱偏多延續，納入 17 檔關聯股；其中天數樣本最少的一檔為 241 天（樣本充足（>200，具統計意義）））
[2026-09-08 03:40:44] 處理中：編號1 - 8054.TW
[2026-09-08 03:41:23] 完成：8054.TW 趨勢延續分數=37.6（弱偏多延續，納入 17 檔關聯股；其中天數樣本最少的一檔為 236 天（樣本充足（>200，具統計意義）））
[2026-09-08 03:41:23] 處理中：編號1 - 6695.TW
[2026-09-08 03:41:57] 完成：6695.TW 趨勢延續分數=29.7（弱偏多延續，納入 17 檔關聯股；其中天數樣本最少的一檔為 244 天（樣本充足（>200，具統計意義）））
[2026-09-08 03:41:57] 處理中：編號1 - 2388.TW
[2026-09-08 03:42:31] 完成：2388.TW 趨勢延續分數=34.7（弱偏多延續，納入 17 檔關聯股；其中天數樣本最少的一檔為 242 天（樣本充足（>200，具統計意義）））
[2026-09-08 03:42:31] 處理中：編號1 - 2363.TW
[2026-09-08 03:43:05] 完成：2363.TW 趨勢延續分數=34.3（弱偏多延續，納入 17 檔關聯股；其中天數樣本最少的一檔為 244 天（樣本充足（>200，具統計意義）））
[2026-09-08 03:43:05] 處理中：編號1 - 3041.TW
[2026-09-08 03:43:39] 完成：3041.TW 趨勢延續分數=41.3（中度偏多延續，納入 17 檔關聯股；其中天數樣本最少的一檔為 237 天（樣本充足（>200，具統計意義）））
[2026-09-08 03:43:39] 處理中：編號3 - 8299.TW
[2026-09-08 03:43:56] 完成：8299.TW 趨勢延續分數=68.2（中度偏多延續，納入 8 檔關聯股；其中天數樣本最少的一檔為 237 天（樣本充足（>200，具統計意義）））
[2026-09-08 03:43:56] 處理中：編號4 - 2337.TW
[2026-09-08 03:43:59] 完成：2337.TW 趨勢延續分數=100.0（強烈偏多延續，納入 3 檔關聯股；其中天數樣本最少的一檔為 251 天（樣本充足（>200，具統計意義）））
[2026-09-08 03:43:59] 處理中：編號4 - 2344.TW
[2026-09-08 03:44:02] 完成：2344.TW 趨勢延續分數=100.0（強烈偏多延續，納入 3 檔關聯股；其中天數樣本最少的一檔為 253 天（樣本充足（>200，具統計意義）））
[2026-09-08 03:44:02] 處理中：編號5 - 6239.TW
[2026-09-08 03:44:13] ⚠️ 關聯股 JCET 更新失敗，跳過：抓取 JCET 失敗，重試 3 次後仍失敗（含嘗試 .TWO 後綴）：JCET 沒有抓到任何資料；請確認代號是否正確（尤其台股需要 .TW / .TWO 後綴）
[2026-09-08 03:44:22] 完成：6239.TW 趨勢延續分數=88.4（強烈偏多延續，納入 10 檔關聯股；其中天數樣本最少的一檔為 100 天（樣本尚可（100–200，具參考意義）））
[2026-09-08 03:44:22] 處理中：編號5 - 2329.TW
[2026-09-08 03:44:32] ⚠️ 關聯股 JCET 更新失敗，跳過：抓取 JCET 失敗，重試 3 次後仍失敗（含嘗試 .TWO 後綴）：JCET 沒有抓到任何資料；請確認代號是否正確（尤其台股需要 .TW / .TWO 後綴）
[2026-09-08 03:44:41] 完成：2329.TW 趨勢延續分數=87.5（強烈偏多延續，納入 10 檔關聯股；其中天數樣本最少的一檔為 102 天（樣本尚可（100–200，具參考意義）））
[2026-09-08 03:44:41] 處理中：編號5 - 8110.TW
[2026-09-08 03:44:51] ⚠️ 關聯股 JCET 更新失敗，跳過：抓取 JCET 失敗，重試 3 次後仍失敗（含嘗試 .TWO 後綴）：JCET 沒有抓到任何資料；請確認代號是否正確（尤其台股需要 .TW / .TWO 後綴）
[2026-09-08 03:45:00] 完成：8110.TW 趨勢延續分數=88.4（強烈偏多延續，納入 10 檔關聯股；其中天數樣本最少的一檔為 100 天（樣本尚可（100–200，具參考意義）））
[2026-09-08 03:45:00] 處理中：編號5 - 8150.TW
[2026-09-08 03:45:11] ⚠️ 關聯股 JCET 更新失敗，跳過：抓取 JCET 失敗，重試 3 次後仍失敗（含嘗試 .TWO 後綴）：JCET 沒有抓到任何資料；請確認代號是否正確（尤其台股需要 .TW / .TWO 後綴）
[2026-09-08 03:45:20] 完成：8150.TW 趨勢延續分數=88.3（強烈偏多延續，納入 10 檔關聯股；其中天數樣本最少的一檔為 103 天（樣本尚可（100–200，具參考意義）））
[2026-09-08 03:45:20] 處理中：編號6 - 6147.TW
[2026-09-08 03:45:33] 完成：6147.TW 趨勢延續分數=-27.4（弱偏空延續，納入 8 檔關聯股；其中天數樣本最少的一檔為 240 天（樣本充足（>200，具統計意義）））
[2026-09-08 03:45:33] 處理中：編號7 - 2449.TW
[2026-09-08 03:45:51] 完成：2449.TW 趨勢延續分數=72.4（強烈偏多延續，納入 9 檔關聯股；其中天數樣本最少的一檔為 249 天（樣本充足（>200，具統計意義）））
[2026-09-08 03:45:51] 處理中：編號7 - 6257.TW
[2026-09-08 03:46:08] 完成：6257.TW 趨勢延續分數=70.8（強烈偏多延續，納入 9 檔關聯股；其中天數樣本最少的一檔為 247 天（樣本充足（>200，具統計意義）））
[2026-09-08 03:46:08] 處理中：編號7 - 3264.TW
[2026-09-08 03:46:30] 完成：3264.TW 趨勢延續分數=68.7（中度偏多延續，納入 9 檔關聯股；其中天數樣本最少的一檔為 253 天（樣本充足（>200，具統計意義）））
[2026-09-08 03:46:30] 處理中：編號8 - 6223.TW
[2026-09-08 03:46:54] 完成：6223.TW 趨勢延續分數=76.4（強烈偏多延續，納入 10 檔關聯股；其中天數樣本最少的一檔為 239 天（樣本充足（>200，具統計意義）））
[2026-09-08 03:46:54] 處理中：編號8 - 6510.TW
[2026-09-08 03:47:17] 完成：6510.TW 趨勢延續分數=77.9（強烈偏多延續，納入 10 檔關聯股；其中天數樣本最少的一檔為 237 天（樣本充足（>200，具統計意義）））
[2026-09-08 03:47:17] 處理中：編號8 - 6515.TW
[2026-09-08 03:47:35] 完成：6515.TW 趨勢延續分數=80.5（強烈偏多延續，納入 10 檔關聯股；其中天數樣本最少的一檔為 241 天（樣本充足（>200，具統計意義）））
[2026-09-08 03:47:35] 處理中：編號9 - 6488.TW
[2026-09-08 03:47:49] 完成：6488.TW 趨勢延續分數=14.8（弱偏多延續，納入 9 檔關聯股；其中天數樣本最少的一檔為 239 天（樣本充足（>200，具統計意義）））
[2026-09-08 03:47:49] 處理中：編號9 - 5483.TW
[2026-09-08 03:48:02] 完成：5483.TW 趨勢延續分數=16.2（弱偏多延續，納入 9 檔關聯股；其中天數樣本最少的一檔為 232 天（樣本充足（>200，具統計意義）））
[2026-09-08 03:48:02] 處理中：編號10 - 3037.TW
[2026-09-08 03:48:09] 完成：3037.TW 趨勢延續分數=7.5（方向不明/觀望，納入 7 檔關聯股；其中天數樣本最少的一檔為 238 天（樣本充足（>200，具統計意義）））
[2026-09-08 03:48:09] 處理中：編號10 - 8046.TW
[2026-09-08 03:48:16] 完成：8046.TW 趨勢延續分數=17.8（弱偏多延續，納入 7 檔關聯股；其中天數樣本最少的一檔為 240 天（樣本充足（>200，具統計意義）））
[2026-09-08 03:48:16] 處理中：編號10 - 3189.TW
[2026-09-08 03:48:23] 完成：3189.TW 趨勢延續分數=5.8（方向不明/觀望，納入 7 檔關聯股；其中天數樣本最少的一檔為 234 天（樣本充足（>200，具統計意義）））
[2026-09-08 03:48:23] 處理中：編號11 - 1815.TW
[2026-09-08 03:48:42] 完成：1815.TW 趨勢延續分數=-19.7（弱偏空延續，納入 5 檔關聯股；其中天數樣本最少的一檔為 243 天（樣本充足（>200，具統計意義）））
[2026-09-08 03:48:42] 處理中：編號11 - 1802.TW
[2026-09-08 03:48:56] 完成：1802.TW 趨勢延續分數=-24.8（弱偏空延續，納入 5 檔關聯股；其中天數樣本最少的一檔為 242 天（樣本充足（>200，具統計意義）））
[2026-09-08 03:48:56] 處理中：編號11 - 5475.TW
[2026-09-08 03:49:15] 完成：5475.TW 趨勢延續分數=-12.5（弱偏空延續，納入 5 檔關聯股；其中天數樣本最少的一檔為 242 天（樣本充足（>200，具統計意義）））
[2026-09-08 03:49:15] 處理中：編號11 - 1446.TW
[2026-09-08 03:49:29] 完成：1446.TW 趨勢延續分數=-29.2（弱偏空延續，納入 5 檔關聯股；其中天數樣本最少的一檔為 219 天（樣本充足（>200，具統計意義）））
[2026-09-08 03:49:29] 處理中：編號12 - 8358.TW
[2026-09-08 03:49:44] 完成：8358.TW 趨勢延續分數=-22.3（弱偏空延續，納入 6 檔關聯股；其中天數樣本最少的一檔為 243 天（樣本充足（>200，具統計意義）））
[2026-09-08 03:49:44] 處理中：編號12 - 1303.TW
[2026-09-08 03:49:54] 完成：1303.TW 趨勢延續分數=-20.8（弱偏空延續，納入 6 檔關聯股；其中天數樣本最少的一檔為 238 天（樣本充足（>200，具統計意義）））
[2026-09-08 03:49:54] 處理中：編號12 - 4989.TW
[2026-09-08 03:50:06] 完成：4989.TW 趨勢延續分數=-33.3（弱偏空延續，納入 6 檔關聯股；其中天數樣本最少的一檔為 239 天（樣本充足（>200，具統計意義）））
[2026-09-08 03:50:06] 處理中：編號13 - 2383.TW
[2026-09-08 03:50:11] ⚠️ 關聯股 HVLP 更新失敗，跳過：抓取 HVLP 失敗，重試 3 次後仍失敗（含嘗試 .TWO 後綴）：HVLP 沒有抓到任何資料；請確認代號是否正確（尤其台股需要 .TW / .TWO 後綴）
[2026-09-08 03:50:26] 完成：2383.TW 趨勢延續分數=51.9（中度偏多延續，納入 6 檔關聯股；其中天數樣本最少的一檔為 250 天（樣本充足（>200，具統計意義）））
[2026-09-08 03:50:26] 處理中：編號13 - 6274.TW
[2026-09-08 03:50:35] ⚠️ 關聯股 HVLP 更新失敗，跳過：抓取 HVLP 失敗，重試 3 次後仍失敗（含嘗試 .TWO 後綴）：HVLP 沒有抓到任何資料；請確認代號是否正確（尤其台股需要 .TW / .TWO 後綴）
[2026-09-08 03:50:50] 完成：6274.TW 趨勢延續分數=60.7（中度偏多延續，納入 6 檔關聯股；其中天數樣本最少的一檔為 251 天（樣本充足（>200，具統計意義）））
[2026-09-08 03:50:50] 處理中：編號13 - 6213.TW
[2026-09-08 03:50:55] ⚠️ 關聯股 HVLP 更新失敗，跳過：抓取 HVLP 失敗，重試 3 次後仍失敗（含嘗試 .TWO 後綴）：HVLP 沒有抓到任何資料；請確認代號是否正確（尤其台股需要 .TW / .TWO 後綴）
[2026-09-08 03:51:10] 完成：6213.TW 趨勢延續分數=66.9（中度偏多延續，納入 6 檔關聯股；其中天數樣本最少的一檔為 252 天（樣本充足（>200，具統計意義）））
[2026-09-08 03:51:10] 處理中：編號14 - 2368.TW
[2026-09-08 03:51:23] 完成：2368.TW 趨勢延續分數=27.6（弱偏多延續，納入 9 檔關聯股；其中天數樣本最少的一檔為 242 天（樣本充足（>200，具統計意義）））
[2026-09-08 03:51:23] 處理中：編號14 - 3044.TW
[2026-09-08 03:51:36] 完成：3044.TW 趨勢延續分數=27.8（弱偏多延續，納入 9 檔關聯股；其中天數樣本最少的一檔為 242 天（樣本充足（>200，具統計意義）））
[2026-09-08 03:51:36] 處理中：編號14 - 2313.TW
[2026-09-08 03:51:49] 完成：2313.TW 趨勢延續分數=20.8（弱偏多延續，納入 9 檔關聯股；其中天數樣本最少的一檔為 245 天（樣本充足（>200，具統計意義）））
[2026-09-08 03:51:49] 處理中：編號15 - 2327.TW
[2026-09-08 03:52:02] ⚠️ 關聯股 SEMCO 更新失敗，跳過：抓取 SEMCO 失敗，重試 3 次後仍失敗（含嘗試 .TWO 後綴）：SEMCO 沒有抓到任何資料；請確認代號是否正確（尤其台股需要 .TW / .TWO 後綴）
[2026-09-08 03:52:09] ⚠️ 關聯股 TDK 更新失敗，跳過：抓取 TDK 失敗，重試 3 次後仍失敗（含嘗試 .TWO 後綴）：TDK 沒有抓到任何資料；請確認代號是否正確（尤其台股需要 .TW / .TWO 後綴）
[2026-09-08 03:52:14] 完成：2327.TW 趨勢延續分數=-68.1（中度偏空延續，納入 8 檔關聯股；其中天數樣本最少的一檔為 226 天（樣本充足（>200，具統計意義）））
[2026-09-08 03:52:14] 處理中：編號15 - 2492.TW
[2026-09-08 03:52:26] ⚠️ 關聯股 SEMCO 更新失敗，跳過：抓取 SEMCO 失敗，重試 3 次後仍失敗（含嘗試 .TWO 後綴）：SEMCO 沒有抓到任何資料；請確認代號是否正確（尤其台股需要 .TW / .TWO 後綴）
[2026-09-08 03:52:32] ⚠️ 關聯股 TDK 更新失敗，跳過：抓取 TDK 失敗，重試 3 次後仍失敗（含嘗試 .TWO 後綴）：TDK 沒有抓到任何資料；請確認代號是否正確（尤其台股需要 .TW / .TWO 後綴）
[2026-09-08 03:52:37] 完成：2492.TW 趨勢延續分數=-75.2（強烈偏空延續，納入 8 檔關聯股；其中天數樣本最少的一檔為 229 天（樣本充足（>200，具統計意義）））
[2026-09-08 03:52:37] 處理中：編號15 - 6173.TW
[2026-09-08 03:52:54] ⚠️ 關聯股 SEMCO 更新失敗，跳過：抓取 SEMCO 失敗，重試 3 次後仍失敗（含嘗試 .TWO 後綴）：SEMCO 沒有抓到任何資料；請確認代號是否正確（尤其台股需要 .TW / .TWO 後綴）
[2026-09-08 03:53:00] ⚠️ 關聯股 TDK 更新失敗，跳過：抓取 TDK 失敗，重試 3 次後仍失敗（含嘗試 .TWO 後綴）：TDK 沒有抓到任何資料；請確認代號是否正確（尤其台股需要 .TW / .TWO 後綴）
[2026-09-08 03:53:05] 完成：6173.TW 趨勢延續分數=-73.5（強烈偏空延續，納入 8 檔關聯股；其中天數樣本最少的一檔為 236 天（樣本充足（>200，具統計意義）））
[2026-09-08 03:53:05] 處理中：編號16 - 2382.TW
[2026-09-08 03:53:15] 完成：2382.TW 趨勢延續分數=-25.1（弱偏空延續，納入 10 檔關聯股；其中天數樣本最少的一檔為 237 天（樣本充足（>200，具統計意義）））
[2026-09-08 03:53:15] 處理中：編號16 - 6669.TW
[2026-09-08 03:53:24] 完成：6669.TW 趨勢延續分數=-27.1（弱偏空延續，納入 10 檔關聯股；其中天數樣本最少的一檔為 244 天（樣本充足（>200，具統計意義）））
[2026-09-08 03:53:24] 處理中：編號16 - 2376.TW
[2026-09-08 03:53:34] 完成：2376.TW 趨勢延續分數=-24.9（弱偏空延續，納入 10 檔關聯股；其中天數樣本最少的一檔為 237 天（樣本充足（>200，具統計意義）））
[2026-09-08 03:53:34] 處理中：編號16 - 2377.TW
[2026-09-08 03:53:43] 完成：2377.TW 趨勢延續分數=-37.2（弱偏空延續，納入 10 檔關聯股；其中天數樣本最少的一檔為 231 天（樣本充足（>200，具統計意義）））
[2026-09-08 03:53:43] 處理中：編號16 - 2357.TW
[2026-09-08 03:53:52] 完成：2357.TW 趨勢延續分數=-38.5（弱偏空延續，納入 10 檔關聯股；其中天數樣本最少的一檔為 228 天（樣本充足（>200，具統計意義）））
[2026-09-08 03:53:52] 處理中：編號17 - 3324.TW
[2026-09-08 03:54:06] 完成：3324.TW 趨勢延續分數=-2.9（方向不明/觀望，納入 9 檔關聯股；其中天數樣本最少的一檔為 229 天（樣本充足（>200，具統計意義）））
[2026-09-08 03:54:06] 處理中：編號17 - 3017.TW
[2026-09-08 03:54:15] 完成：3017.TW 趨勢延續分數=7.8（方向不明/觀望，納入 9 檔關聯股；其中天數樣本最少的一檔為 240 天（樣本充足（>200，具統計意義）））
[2026-09-08 03:54:15] 處理中：編號17 - 3653.TW
[2026-09-08 03:54:23] 完成：3653.TW 趨勢延續分數=-8.1（方向不明/觀望，納入 9 檔關聯股；其中天數樣本最少的一檔為 238 天（樣本充足（>200，具統計意義）））
[2026-09-08 03:54:23] 處理中：編號18 - 3081.TW
[2026-09-08 03:54:33] ⚠️ 關聯股 MOCVD 更新失敗，跳過：抓取 MOCVD 失敗，重試 3 次後仍失敗（含嘗試 .TWO 後綴）：MOCVD 沒有抓到任何資料；請確認代號是否正確（尤其台股需要 .TW / .TWO 後綴）
[2026-09-08 03:54:38] ⚠️ 關聯股 MBE 更新失敗，跳過：抓取 MBE 失敗，重試 3 次後仍失敗（含嘗試 .TWO 後綴）：MBE 沒有抓到任何資料；請確認代號是否正確（尤其台股需要 .TW / .TWO 後綴）
[2026-09-08 03:54:46] ⚠️ 關聯股 FAU 更新失敗，跳過：抓取 FAU 失敗，重試 3 次後仍失敗（含嘗試 .TWO 後綴）：FAU 沒有抓到任何資料；請確認代號是否正確（尤其台股需要 .TW / .TWO 後綴）
[2026-09-08 03:54:51] ⚠️ 關聯股 CPO 更新失敗，跳過：抓取 CPO 失敗，重試 3 次後仍失敗（含嘗試 .TWO 後綴）：CPO 沒有抓到任何資料；請確認代號是否正確（尤其台股需要 .TW / .TWO 後綴）
[2026-09-08 03:55:07] ⚠️ 關聯股 800G 更新失敗，跳過：抓取 800G 失敗，重試 3 次後仍失敗（含嘗試 .TWO 後綴）：800G 沒有抓到任何資料；請確認代號是否正確（尤其台股需要 .TW / .TWO 後綴）
[2026-09-08 03:55:12] ⚠️ 關聯股 IET 更新失敗，跳過：抓取 IET 失敗，重試 3 次後仍失敗（含嘗試 .TWO 後綴）：IET 沒有抓到任何資料；請確認代號是否正確（尤其台股需要 .TW / .TWO 後綴）
[2026-09-08 03:55:13] 完成：3081.TW 趨勢延續分數=31.1（弱偏多延續，納入 12 檔關聯股；其中天數樣本最少的一檔為 241 天（樣本充足（>200，具統計意義）））
[2026-09-08 03:55:13] 處理中：編號18 - 2455.TW
[2026-09-08 03:55:18] ⚠️ 關聯股 MOCVD 更新失敗，跳過：抓取 MOCVD 失敗，重試 3 次後仍失敗（含嘗試 .TWO 後綴）：MOCVD 沒有抓到任何資料；請確認代號是否正確（尤其台股需要 .TW / .TWO 後綴）
[2026-09-08 03:55:24] ⚠️ 關聯股 MBE 更新失敗，跳過：抓取 MBE 失敗，重試 3 次後仍失敗（含嘗試 .TWO 後綴）：MBE 沒有抓到任何資料；請確認代號是否正確（尤其台股需要 .TW / .TWO 後綴）
[2026-09-08 03:55:31] ⚠️ 關聯股 FAU 更新失敗，跳過：抓取 FAU 失敗，重試 3 次後仍失敗（含嘗試 .TWO 後綴）：FAU 沒有抓到任何資料；請確認代號是否正確（尤其台股需要 .TW / .TWO 後綴）
[2026-09-08 03:55:37] ⚠️ 關聯股 CPO 更新失敗，跳過：抓取 CPO 失敗，重試 3 次後仍失敗（含嘗試 .TWO 後綴）：CPO 沒有抓到任何資料；請確認代號是否正確（尤其台股需要 .TW / .TWO 後綴）
[2026-09-08 03:55:51] ⚠️ 關聯股 800G 更新失敗，跳過：抓取 800G 失敗，重試 3 次後仍失敗（含嘗試 .TWO 後綴）：800G 沒有抓到任何資料；請確認代號是否正確（尤其台股需要 .TW / .TWO 後綴）
[2026-09-08 03:55:57] ⚠️ 關聯股 IET 更新失敗，跳過：抓取 IET 失敗，重試 3 次後仍失敗（含嘗試 .TWO 後綴）：IET 沒有抓到任何資料；請確認代號是否正確（尤其台股需要 .TW / .TWO 後綴）
[2026-09-08 03:55:58] 完成：2455.TW 趨勢延續分數=25.2（弱偏多延續，納入 12 檔關聯股；其中天數樣本最少的一檔為 238 天（樣本充足（>200，具統計意義）））
[2026-09-08 03:55:58] 處理中：編號18 - 4991.TW
[2026-09-08 03:56:07] ⚠️ 關聯股 MOCVD 更新失敗，跳過：抓取 MOCVD 失敗，重試 3 次後仍失敗（含嘗試 .TWO 後綴）：MOCVD 沒有抓到任何資料；請確認代號是否正確（尤其台股需要 .TW / .TWO 後綴）
[2026-09-08 03:56:13] ⚠️ 關聯股 MBE 更新失敗，跳過：抓取 MBE 失敗，重試 3 次後仍失敗（含嘗試 .TWO 後綴）：MBE 沒有抓到任何資料；請確認代號是否正確（尤其台股需要 .TW / .TWO 後綴）
[2026-09-08 03:56:20] ⚠️ 關聯股 FAU 更新失敗，跳過：抓取 FAU 失敗，重試 3 次後仍失敗（含嘗試 .TWO 後綴）：FAU 沒有抓到任何資料；請確認代號是否正確（尤其台股需要 .TW / .TWO 後綴）
[2026-09-08 03:56:25] ⚠️ 關聯股 CPO 更新失敗，跳過：抓取 CPO 失敗，重試 3 次後仍失敗（含嘗試 .TWO 後綴）：CPO 沒有抓到任何資料；請確認代號是否正確（尤其台股需要 .TW / .TWO 後綴）
[2026-09-08 03:56:40] ⚠️ 關聯股 800G 更新失敗，跳過：抓取 800G 失敗，重試 3 次後仍失敗（含嘗試 .TWO 後綴）：800G 沒有抓到任何資料；請確認代號是否正確（尤其台股需要 .TW / .TWO 後綴）
[2026-09-08 03:56:45] ⚠️ 關聯股 IET 更新失敗，跳過：抓取 IET 失敗，重試 3 次後仍失敗（含嘗試 .TWO 後綴）：IET 沒有抓到任何資料；請確認代號是否正確（尤其台股需要 .TW / .TWO 後綴）
[2026-09-08 03:56:46] 完成：4991.TW 趨勢延續分數=25.5（弱偏多延續，納入 12 檔關聯股；其中天數樣本最少的一檔為 240 天（樣本充足（>200，具統計意義）））
[2026-09-08 03:56:46] 處理中：編號18 - 4971.TW
[2026-09-08 03:56:56] ⚠️ 關聯股 MOCVD 更新失敗，跳過：抓取 MOCVD 失敗，重試 3 次後仍失敗（含嘗試 .TWO 後綴）：MOCVD 沒有抓到任何資料；請確認代號是否正確（尤其台股需要 .TW / .TWO 後綴）
[2026-09-08 03:57:01] ⚠️ 關聯股 MBE 更新失敗，跳過：抓取 MBE 失敗，重試 3 次後仍失敗（含嘗試 .TWO 後綴）：MBE 沒有抓到任何資料；請確認代號是否正確（尤其台股需要 .TW / .TWO 後綴）
[2026-09-08 03:57:09] ⚠️ 關聯股 FAU 更新失敗，跳過：抓取 FAU 失敗，重試 3 次後仍失敗（含嘗試 .TWO 後綴）：FAU 沒有抓到任何資料；請確認代號是否正確（尤其台股需要 .TW / .TWO 後綴）
[2026-09-08 03:57:14] ⚠️ 關聯股 CPO 更新失敗，跳過：抓取 CPO 失敗，重試 3 次後仍失敗（含嘗試 .TWO 後綴）：CPO 沒有抓到任何資料；請確認代號是否正確（尤其台股需要 .TW / .TWO 後綴）
[2026-09-08 03:57:28] ⚠️ 關聯股 800G 更新失敗，跳過：抓取 800G 失敗，重試 3 次後仍失敗（含嘗試 .TWO 後綴）：800G 沒有抓到任何資料；請確認代號是否正確（尤其台股需要 .TW / .TWO 後綴）
[2026-09-08 03:57:34] ⚠️ 關聯股 IET 更新失敗，跳過：抓取 IET 失敗，重試 3 次後仍失敗（含嘗試 .TWO 後綴）：IET 沒有抓到任何資料；請確認代號是否正確（尤其台股需要 .TW / .TWO 後綴）
[2026-09-08 03:57:35] 完成：4971.TW 趨勢延續分數=27.5（弱偏多延續，納入 12 檔關聯股；其中天數樣本最少的一檔為 243 天（樣本充足（>200，具統計意義）））
[2026-09-08 03:57:35] 處理中：編號18 - 3105.TW
[2026-09-08 03:57:44] ⚠️ 關聯股 MOCVD 更新失敗，跳過：抓取 MOCVD 失敗，重試 3 次後仍失敗（含嘗試 .TWO 後綴）：MOCVD 沒有抓到任何資料；請確認代號是否正確（尤其台股需要 .TW / .TWO 後綴）
[2026-09-08 03:57:50] ⚠️ 關聯股 MBE 更新失敗，跳過：抓取 MBE 失敗，重試 3 次後仍失敗（含嘗試 .TWO 後綴）：MBE 沒有抓到任何資料；請確認代號是否正確（尤其台股需要 .TW / .TWO 後綴）
[2026-09-08 03:57:57] ⚠️ 關聯股 FAU 更新失敗，跳過：抓取 FAU 失敗，重試 3 次後仍失敗（含嘗試 .TWO 後綴）：FAU 沒有抓到任何資料；請確認代號是否正確（尤其台股需要 .TW / .TWO 後綴）
[2026-09-08 03:58:03] ⚠️ 關聯股 CPO 更新失敗，跳過：抓取 CPO 失敗，重試 3 次後仍失敗（含嘗試 .TWO 後綴）：CPO 沒有抓到任何資料；請確認代號是否正確（尤其台股需要 .TW / .TWO 後綴）
[2026-09-08 03:58:17] ⚠️ 關聯股 800G 更新失敗，跳過：抓取 800G 失敗，重試 3 次後仍失敗（含嘗試 .TWO 後綴）：800G 沒有抓到任何資料；請確認代號是否正確（尤其台股需要 .TW / .TWO 後綴）
[2026-09-08 03:58:23] ⚠️ 關聯股 IET 更新失敗，跳過：抓取 IET 失敗，重試 3 次後仍失敗（含嘗試 .TWO 後綴）：IET 沒有抓到任何資料；請確認代號是否正確（尤其台股需要 .TW / .TWO 後綴）
[2026-09-08 03:58:24] 完成：3105.TW 趨勢延續分數=14.6（弱偏多延續，納入 12 檔關聯股；其中天數樣本最少的一檔為 240 天（樣本充足（>200，具統計意義）））
[2026-09-08 03:58:24] 處理中：編號18 - 8086.TW
[2026-09-08 03:58:34] ⚠️ 關聯股 MOCVD 更新失敗，跳過：抓取 MOCVD 失敗，重試 3 次後仍失敗（含嘗試 .TWO 後綴）：MOCVD 沒有抓到任何資料；請確認代號是否正確（尤其台股需要 .TW / .TWO 後綴）
[2026-09-08 03:58:39] ⚠️ 關聯股 MBE 更新失敗，跳過：抓取 MBE 失敗，重試 3 次後仍失敗（含嘗試 .TWO 後綴）：MBE 沒有抓到任何資料；請確認代號是否正確（尤其台股需要 .TW / .TWO 後綴）
[2026-09-08 03:58:47] ⚠️ 關聯股 FAU 更新失敗，跳過：抓取 FAU 失敗，重試 3 次後仍失敗（含嘗試 .TWO 後綴）：FAU 沒有抓到任何資料；請確認代號是否正確（尤其台股需要 .TW / .TWO 後綴）
[2026-09-08 03:58:52] ⚠️ 關聯股 CPO 更新失敗，跳過：抓取 CPO 失敗，重試 3 次後仍失敗（含嘗試 .TWO 後綴）：CPO 沒有抓到任何資料；請確認代號是否正確（尤其台股需要 .TW / .TWO 後綴）
[2026-09-08 03:59:07] ⚠️ 關聯股 800G 更新失敗，跳過：抓取 800G 失敗，重試 3 次後仍失敗（含嘗試 .TWO 後綴）：800G 沒有抓到任何資料；請確認代號是否正確（尤其台股需要 .TW / .TWO 後綴）
[2026-09-08 03:59:12] ⚠️ 關聯股 IET 更新失敗，跳過：抓取 IET 失敗，重試 3 次後仍失敗（含嘗試 .TWO 後綴）：IET 沒有抓到任何資料；請確認代號是否正確（尤其台股需要 .TW / .TWO 後綴）
[2026-09-08 03:59:13] 完成：8086.TW 趨勢延續分數=7.6（方向不明/觀望，納入 12 檔關聯股；其中天數樣本最少的一檔為 232 天（樣本充足（>200，具統計意義）））
[2026-09-08 03:59:13] 處理中：編號18 - 3363.TW
[2026-09-08 03:59:23] ⚠️ 關聯股 MOCVD 更新失敗，跳過：抓取 MOCVD 失敗，重試 3 次後仍失敗（含嘗試 .TWO 後綴）：MOCVD 沒有抓到任何資料；請確認代號是否正確（尤其台股需要 .TW / .TWO 後綴）
[2026-09-08 03:59:28] ⚠️ 關聯股 MBE 更新失敗，跳過：抓取 MBE 失敗，重試 3 次後仍失敗（含嘗試 .TWO 後綴）：MBE 沒有抓到任何資料；請確認代號是否正確（尤其台股需要 .TW / .TWO 後綴）
[2026-09-08 03:59:35] ⚠️ 關聯股 FAU 更新失敗，跳過：抓取 FAU 失敗，重試 3 次後仍失敗（含嘗試 .TWO 後綴）：FAU 沒有抓到任何資料；請確認代號是否正確（尤其台股需要 .TW / .TWO 後綴）
[2026-09-08 03:59:41] ⚠️ 關聯股 CPO 更新失敗，跳過：抓取 CPO 失敗，重試 3 次後仍失敗（含嘗試 .TWO 後綴）：CPO 沒有抓到任何資料；請確認代號是否正確（尤其台股需要 .TW / .TWO 後綴）
[2026-09-08 03:59:55] ⚠️ 關聯股 800G 更新失敗，跳過：抓取 800G 失敗，重試 3 次後仍失敗（含嘗試 .TWO 後綴）：800G 沒有抓到任何資料；請確認代號是否正確（尤其台股需要 .TW / .TWO 後綴）
[2026-09-08 04:00:01] ⚠️ 關聯股 IET 更新失敗，跳過：抓取 IET 失敗，重試 3 次後仍失敗（含嘗試 .TWO 後綴）：IET 沒有抓到任何資料；請確認代號是否正確（尤其台股需要 .TW / .TWO 後綴）
[2026-09-08 04:00:02] 完成：3363.TW 趨勢延續分數=34.3（弱偏多延續，納入 12 檔關聯股；其中天數樣本最少的一檔為 240 天（樣本充足（>200，具統計意義）））
[2026-09-08 04:00:02] 處理中：編號18 - 3163.TW
[2026-09-08 04:00:11] ⚠️ 關聯股 MOCVD 更新失敗，跳過：抓取 MOCVD 失敗，重試 3 次後仍失敗（含嘗試 .TWO 後綴）：MOCVD 沒有抓到任何資料；請確認代號是否正確（尤其台股需要 .TW / .TWO 後綴）
[2026-09-08 04:00:17] ⚠️ 關聯股 MBE 更新失敗，跳過：抓取 MBE 失敗，重試 3 次後仍失敗（含嘗試 .TWO 後綴）：MBE 沒有抓到任何資料；請確認代號是否正確（尤其台股需要 .TW / .TWO 後綴）
[2026-09-08 04:00:24] ⚠️ 關聯股 FAU 更新失敗，跳過：抓取 FAU 失敗，重試 3 次後仍失敗（含嘗試 .TWO 後綴）：FAU 沒有抓到任何資料；請確認代號是否正確（尤其台股需要 .TW / .TWO 後綴）
[2026-09-08 04:00:30] ⚠️ 關聯股 CPO 更新失敗，跳過：抓取 CPO 失敗，重試 3 次後仍失敗（含嘗試 .TWO 後綴）：CPO 沒有抓到任何資料；請確認代號是否正確（尤其台股需要 .TW / .TWO 後綴）
[2026-09-08 04:00:44] ⚠️ 關聯股 800G 更新失敗，跳過：抓取 800G 失敗，重試 3 次後仍失敗（含嘗試 .TWO 後綴）：800G 沒有抓到任何資料；請確認代號是否正確（尤其台股需要 .TW / .TWO 後綴）
[2026-09-08 04:00:50] ⚠️ 關聯股 IET 更新失敗，跳過：抓取 IET 失敗，重試 3 次後仍失敗（含嘗試 .TWO 後綴）：IET 沒有抓到任何資料；請確認代號是否正確（尤其台股需要 .TW / .TWO 後綴）
[2026-09-08 04:00:50] 完成：3163.TW 趨勢延續分數=28.8（弱偏多延續，納入 12 檔關聯股；其中天數樣本最少的一檔為 239 天（樣本充足（>200，具統計意義）））
[2026-09-08 04:00:50] 處理中：編號18 - 4979.TW
[2026-09-08 04:01:00] ⚠️ 關聯股 MOCVD 更新失敗，跳過：抓取 MOCVD 失敗，重試 3 次後仍失敗（含嘗試 .TWO 後綴）：MOCVD 沒有抓到任何資料；請確認代號是否正確（尤其台股需要 .TW / .TWO 後綴）
[2026-09-08 04:01:05] ⚠️ 關聯股 MBE 更新失敗，跳過：抓取 MBE 失敗，重試 3 次後仍失敗（含嘗試 .TWO 後綴）：MBE 沒有抓到任何資料；請確認代號是否正確（尤其台股需要 .TW / .TWO 後綴）
[2026-09-08 04:01:13] ⚠️ 關聯股 FAU 更新失敗，跳過：抓取 FAU 失敗，重試 3 次後仍失敗（含嘗試 .TWO 後綴）：FAU 沒有抓到任何資料；請確認代號是否正確（尤其台股需要 .TW / .TWO 後綴）
[2026-09-08 04:01:18] ⚠️ 關聯股 CPO 更新失敗，跳過：抓取 CPO 失敗，重試 3 次後仍失敗（含嘗試 .TWO 後綴）：CPO 沒有抓到任何資料；請確認代號是否正確（尤其台股需要 .TW / .TWO 後綴）
[2026-09-08 04:01:33] ⚠️ 關聯股 800G 更新失敗，跳過：抓取 800G 失敗，重試 3 次後仍失敗（含嘗試 .TWO 後綴）：800G 沒有抓到任何資料；請確認代號是否正確（尤其台股需要 .TW / .TWO 後綴）
[2026-09-08 04:01:38] ⚠️ 關聯股 IET 更新失敗，跳過：抓取 IET 失敗，重試 3 次後仍失敗（含嘗試 .TWO 後綴）：IET 沒有抓到任何資料；請確認代號是否正確（尤其台股需要 .TW / .TWO 後綴）
[2026-09-08 04:01:39] 完成：4979.TW 趨勢延續分數=44.5（中度偏多延續，納入 12 檔關聯股；其中天數樣本最少的一檔為 242 天（樣本充足（>200，具統計意義）））
[2026-09-08 04:01:39] 處理中：編號18 - 3450.TW
[2026-09-08 04:01:44] ⚠️ 關聯股 MOCVD 更新失敗，跳過：抓取 MOCVD 失敗，重試 3 次後仍失敗（含嘗試 .TWO 後綴）：MOCVD 沒有抓到任何資料；請確認代號是否正確（尤其台股需要 .TW / .TWO 後綴）
[2026-09-08 04:01:49] ⚠️ 關聯股 MBE 更新失敗，跳過：抓取 MBE 失敗，重試 3 次後仍失敗（含嘗試 .TWO 後綴）：MBE 沒有抓到任何資料；請確認代號是否正確（尤其台股需要 .TW / .TWO 後綴）
[2026-09-08 04:01:57] ⚠️ 關聯股 FAU 更新失敗，跳過：抓取 FAU 失敗，重試 3 次後仍失敗（含嘗試 .TWO 後綴）：FAU 沒有抓到任何資料；請確認代號是否正確（尤其台股需要 .TW / .TWO 後綴）
[2026-09-08 04:02:02] ⚠️ 關聯股 CPO 更新失敗，跳過：抓取 CPO 失敗，重試 3 次後仍失敗（含嘗試 .TWO 後綴）：CPO 沒有抓到任何資料；請確認代號是否正確（尤其台股需要 .TW / .TWO 後綴）
[2026-09-08 04:02:17] ⚠️ 關聯股 800G 更新失敗，跳過：抓取 800G 失敗，重試 3 次後仍失敗（含嘗試 .TWO 後綴）：800G 沒有抓到任何資料；請確認代號是否正確（尤其台股需要 .TW / .TWO 後綴）
[2026-09-08 04:02:22] ⚠️ 關聯股 IET 更新失敗，跳過：抓取 IET 失敗，重試 3 次後仍失敗（含嘗試 .TWO 後綴）：IET 沒有抓到任何資料；請確認代號是否正確（尤其台股需要 .TW / .TWO 後綴）
[2026-09-08 04:02:23] 完成：3450.TW 趨勢延續分數=29.6（弱偏多延續，納入 12 檔關聯股；其中天數樣本最少的一檔為 239 天（樣本充足（>200，具統計意義）））
[2026-09-08 04:02:23] 處理中：編號18 - 4977.TW
[2026-09-08 04:02:28] ⚠️ 關聯股 MOCVD 更新失敗，跳過：抓取 MOCVD 失敗，重試 3 次後仍失敗（含嘗試 .TWO 後綴）：MOCVD 沒有抓到任何資料；請確認代號是否正確（尤其台股需要 .TW / .TWO 後綴）
[2026-09-08 04:02:33] ⚠️ 關聯股 MBE 更新失敗，跳過：抓取 MBE 失敗，重試 3 次後仍失敗（含嘗試 .TWO 後綴）：MBE 沒有抓到任何資料；請確認代號是否正確（尤其台股需要 .TW / .TWO 後綴）
[2026-09-08 04:02:41] ⚠️ 關聯股 FAU 更新失敗，跳過：抓取 FAU 失敗，重試 3 次後仍失敗（含嘗試 .TWO 後綴）：FAU 沒有抓到任何資料；請確認代號是否正確（尤其台股需要 .TW / .TWO 後綴）
[2026-09-08 04:02:46] ⚠️ 關聯股 CPO 更新失敗，跳過：抓取 CPO 失敗，重試 3 次後仍失敗（含嘗試 .TWO 後綴）：CPO 沒有抓到任何資料；請確認代號是否正確（尤其台股需要 .TW / .TWO 後綴）
[2026-09-08 04:03:01] ⚠️ 關聯股 800G 更新失敗，跳過：抓取 800G 失敗，重試 3 次後仍失敗（含嘗試 .TWO 後綴）：800G 沒有抓到任何資料；請確認代號是否正確（尤其台股需要 .TW / .TWO 後綴）
[2026-09-08 04:03:06] ⚠️ 關聯股 IET 更新失敗，跳過：抓取 IET 失敗，重試 3 次後仍失敗（含嘗試 .TWO 後綴）：IET 沒有抓到任何資料；請確認代號是否正確（尤其台股需要 .TW / .TWO 後綴）
[2026-09-08 04:03:07] 完成：4977.TW 趨勢延續分數=29.5（弱偏多延續，納入 12 檔關聯股；其中天數樣本最少的一檔為 238 天（樣本充足（>200，具統計意義）））
[2026-09-08 04:03:07] 處理中：編號18 - 6451.TW
[2026-09-08 04:03:12] ⚠️ 關聯股 MOCVD 更新失敗，跳過：抓取 MOCVD 失敗，重試 3 次後仍失敗（含嘗試 .TWO 後綴）：MOCVD 沒有抓到任何資料；請確認代號是否正確（尤其台股需要 .TW / .TWO 後綴）
[2026-09-08 04:03:17] ⚠️ 關聯股 MBE 更新失敗，跳過：抓取 MBE 失敗，重試 3 次後仍失敗（含嘗試 .TWO 後綴）：MBE 沒有抓到任何資料；請確認代號是否正確（尤其台股需要 .TW / .TWO 後綴）
[2026-09-08 04:03:25] ⚠️ 關聯股 FAU 更新失敗，跳過：抓取 FAU 失敗，重試 3 次後仍失敗（含嘗試 .TWO 後綴）：FAU 沒有抓到任何資料；請確認代號是否正確（尤其台股需要 .TW / .TWO 後綴）
[2026-09-08 04:03:30] ⚠️ 關聯股 CPO 更新失敗，跳過：抓取 CPO 失敗，重試 3 次後仍失敗（含嘗試 .TWO 後綴）：CPO 沒有抓到任何資料；請確認代號是否正確（尤其台股需要 .TW / .TWO 後綴）
[2026-09-08 04:03:44] ⚠️ 關聯股 800G 更新失敗，跳過：抓取 800G 失敗，重試 3 次後仍失敗（含嘗試 .TWO 後綴）：800G 沒有抓到任何資料；請確認代號是否正確（尤其台股需要 .TW / .TWO 後綴）
[2026-09-08 04:03:50] ⚠️ 關聯股 IET 更新失敗，跳過：抓取 IET 失敗，重試 3 次後仍失敗（含嘗試 .TWO 後綴）：IET 沒有抓到任何資料；請確認代號是否正確（尤其台股需要 .TW / .TWO 後綴）
[2026-09-08 04:03:51] 完成：6451.TW 趨勢延續分數=42.7（中度偏多延續，納入 12 檔關聯股；其中天數樣本最少的一檔為 242 天（樣本充足（>200，具統計意義）））
[2026-09-08 04:03:51] 處理中：編號18 - 3711.TW
[2026-09-08 04:03:56] ⚠️ 關聯股 MOCVD 更新失敗，跳過：抓取 MOCVD 失敗，重試 3 次後仍失敗（含嘗試 .TWO 後綴）：MOCVD 沒有抓到任何資料；請確認代號是否正確（尤其台股需要 .TW / .TWO 後綴）
[2026-09-08 04:04:01] ⚠️ 關聯股 MBE 更新失敗，跳過：抓取 MBE 失敗，重試 3 次後仍失敗（含嘗試 .TWO 後綴）：MBE 沒有抓到任何資料；請確認代號是否正確（尤其台股需要 .TW / .TWO 後綴）
[2026-09-08 04:04:08] ⚠️ 關聯股 FAU 更新失敗，跳過：抓取 FAU 失敗，重試 3 次後仍失敗（含嘗試 .TWO 後綴）：FAU 沒有抓到任何資料；請確認代號是否正確（尤其台股需要 .TW / .TWO 後綴）
[2026-09-08 04:04:14] ⚠️ 關聯股 CPO 更新失敗，跳過：抓取 CPO 失敗，重試 3 次後仍失敗（含嘗試 .TWO 後綴）：CPO 沒有抓到任何資料；請確認代號是否正確（尤其台股需要 .TW / .TWO 後綴）
[2026-09-08 04:04:28] ⚠️ 關聯股 800G 更新失敗，跳過：抓取 800G 失敗，重試 3 次後仍失敗（含嘗試 .TWO 後綴）：800G 沒有抓到任何資料；請確認代號是否正確（尤其台股需要 .TW / .TWO 後綴）
[2026-09-08 04:04:34] ⚠️ 關聯股 IET 更新失敗，跳過：抓取 IET 失敗，重試 3 次後仍失敗（含嘗試 .TWO 後綴）：IET 沒有抓到任何資料；請確認代號是否正確（尤其台股需要 .TW / .TWO 後綴）
[2026-09-08 04:04:35] 完成：3711.TW 趨勢延續分數=20.4（弱偏多延續，納入 12 檔關聯股；其中天數樣本最少的一檔為 232 天（樣本充足（>200，具統計意義）））
[2026-09-08 04:04:35] 處理中：編號18 - 2330.TW
[2026-09-08 04:04:39] ⚠️ 關聯股 MOCVD 更新失敗，跳過：抓取 MOCVD 失敗，重試 3 次後仍失敗（含嘗試 .TWO 後綴）：MOCVD 沒有抓到任何資料；請確認代號是否正確（尤其台股需要 .TW / .TWO 後綴）
[2026-09-08 04:04:45] ⚠️ 關聯股 MBE 更新失敗，跳過：抓取 MBE 失敗，重試 3 次後仍失敗（含嘗試 .TWO 後綴）：MBE 沒有抓到任何資料；請確認代號是否正確（尤其台股需要 .TW / .TWO 後綴）
[2026-09-08 04:04:52] ⚠️ 關聯股 FAU 更新失敗，跳過：抓取 FAU 失敗，重試 3 次後仍失敗（含嘗試 .TWO 後綴）：FAU 沒有抓到任何資料；請確認代號是否正確（尤其台股需要 .TW / .TWO 後綴）
[2026-09-08 04:04:58] ⚠️ 關聯股 CPO 更新失敗，跳過：抓取 CPO 失敗，重試 3 次後仍失敗（含嘗試 .TWO 後綴）：CPO 沒有抓到任何資料；請確認代號是否正確（尤其台股需要 .TW / .TWO 後綴）
[2026-09-08 04:05:12] ⚠️ 關聯股 800G 更新失敗，跳過：抓取 800G 失敗，重試 3 次後仍失敗（含嘗試 .TWO 後綴）：800G 沒有抓到任何資料；請確認代號是否正確（尤其台股需要 .TW / .TWO 後綴）
[2026-09-08 04:05:18] ⚠️ 關聯股 IET 更新失敗，跳過：抓取 IET 失敗，重試 3 次後仍失敗（含嘗試 .TWO 後綴）：IET 沒有抓到任何資料；請確認代號是否正確（尤其台股需要 .TW / .TWO 後綴）
[2026-09-08 04:05:19] 完成：2330.TW 趨勢延續分數=18.6（弱偏多延續，納入 12 檔關聯股；其中天數樣本最少的一檔為 228 天（樣本充足（>200，具統計意義）））
[2026-09-08 04:05:19] 處理中：編號19 - 3008.TW
[2026-09-08 04:05:23] 完成：3008.TW 趨勢延續分數=-100.0（強烈偏空延續，納入 4 檔關聯股；其中天數樣本最少的一檔為 237 天（樣本充足（>200，具統計意義）））
[2026-09-08 04:05:23] 處理中：編號19 - 3362.TW
[2026-09-08 04:05:32] 完成：3362.TW 趨勢延續分數=-100.0（強烈偏空延續，納入 4 檔關聯股；其中天數樣本最少的一檔為 236 天（樣本充足（>200，具統計意義）））
[2026-09-08 04:05:32] 處理中：編號19 - 3406.TW
[2026-09-08 04:05:35] 完成：3406.TW 趨勢延續分數=-100.0（強烈偏空延續，納入 4 檔關聯股；其中天數樣本最少的一檔為 241 天（樣本充足（>200，具統計意義）））
[2026-09-08 04:05:35] 處理中：編號21 - 4585.TW
[2026-09-08 04:05:43] ⚠️ 關聯股 ABB 更新失敗，跳過：抓取 ABB 失敗，重試 3 次後仍失敗（含嘗試 .TWO 後綴）：ABB 沒有抓到任何資料；請確認代號是否正確（尤其台股需要 .TW / .TWO 後綴）
[2026-09-08 04:05:50] 完成：4585.TW 趨勢延續分數=-49.6（中度偏空延續，納入 9 檔關聯股；其中天數樣本最少的一檔為 235 天（樣本充足（>200，具統計意義）））
[2026-09-08 04:05:50] 處理中：編號22 - 6415.TW
[2026-09-08 04:06:03] ⚠️ 關聯股 800G 更新失敗，跳過：抓取 800G 失敗，重試 3 次後仍失敗（含嘗試 .TWO 後綴）：800G 沒有抓到任何資料；請確認代號是否正確（尤其台股需要 .TW / .TWO 後綴）
[2026-09-08 04:06:08] ⚠️ 關聯股 1.6T 更新失敗，跳過：抓取 1.6T 失敗，重試 3 次後仍失敗（含嘗試 .TWO 後綴）：1.6T 沒有抓到任何資料；請確認代號是否正確（尤其台股需要 .TW / .TWO 後綴）
[2026-09-08 04:06:13] 完成：6415.TW 趨勢延續分數=25.1（弱偏多延續，納入 12 檔關聯股；其中天數樣本最少的一檔為 240 天（樣本充足（>200，具統計意義）））
[2026-09-08 04:06:13] 處理中：編號22 - 6526.TW
[2026-09-08 04:06:25] ⚠️ 關聯股 800G 更新失敗，跳過：抓取 800G 失敗，重試 3 次後仍失敗（含嘗試 .TWO 後綴）：800G 沒有抓到任何資料；請確認代號是否正確（尤其台股需要 .TW / .TWO 後綴）
[2026-09-08 04:06:30] ⚠️ 關聯股 1.6T 更新失敗，跳過：抓取 1.6T 失敗，重試 3 次後仍失敗（含嘗試 .TWO 後綴）：1.6T 沒有抓到任何資料；請確認代號是否正確（尤其台股需要 .TW / .TWO 後綴）
[2026-09-08 04:06:35] 完成：6526.TW 趨勢延續分數=4.6（方向不明/觀望，納入 12 檔關聯股；其中天數樣本最少的一檔為 239 天（樣本充足（>200，具統計意義）））
[2026-09-08 04:06:35] 處理中：編號23 - 3231.TW
[2026-09-08 04:06:45] 完成：3231.TW 趨勢延續分數=100.0（強烈偏多延續，納入 6 檔關聯股；其中天數樣本最少的一檔為 98 天（樣本偏少（30–100，可謹慎推論方向）））
[2026-09-08 04:06:45] 處理中：編號24 - 2615.TW
[2026-09-08 04:06:51] ⚠️ 關聯股 SCFI 更新失敗，跳過：抓取 SCFI 失敗，重試 3 次後仍失敗（含嘗試 .TWO 後綴）：SCFI 沒有抓到任何資料；請確認代號是否正確（尤其台股需要 .TW / .TWO 後綴）
[2026-09-08 04:06:54] 完成：2615.TW 趨勢延續分數=-64.8（中度偏空延續，納入 3 檔關聯股；其中天數樣本最少的一檔為 233 天（樣本充足（>200，具統計意義）））
[2026-09-08 04:06:54] 處理中：編號25 - 8039.TW
[2026-09-08 04:06:57] 完成：8039.TW 趨勢延續分數=-64.0（中度偏空延續，納入 3 檔關聯股；其中天數樣本最少的一檔為 250 天（樣本充足（>200，具統計意義）））
[2026-09-08 04:06:57] 處理中：編號26 - 2301.TW
[2026-09-08 04:07:02] ⚠️ 關聯股 DELTA 更新失敗，跳過：抓取 DELTA 失敗，重試 3 次後仍失敗（含嘗試 .TWO 後綴）：DELTA 沒有抓到任何資料；請確認代號是否正確（尤其台股需要 .TW / .TWO 後綴）
[2026-09-08 04:07:05] 完成：2301.TW 趨勢延續分數=-100.0（強烈偏空延續，納入 2 檔關聯股；其中天數樣本最少的一檔為 219 天（樣本充足（>200，具統計意義）））
[2026-09-08 04:07:05] 處理中：編號27 - 2464.TW
[2026-09-08 04:07:14] 完成：2464.TW 趨勢延續分數=-41.5（中度偏空延續，納入 4 檔關聯股；其中天數樣本最少的一檔為 247 天（樣本充足（>200，具統計意義）））
[2026-09-08 04:07:14] 處理中：編號28 - 2059.TW
[2026-09-08 04:07:19] ⚠️ 關聯股 ACW 更新失敗，跳過：抓取 ACW 失敗，重試 3 次後仍失敗（含嘗試 .TWO 後綴）：ACW 沒有抓到任何資料；請確認代號是否正確（尤其台股需要 .TW / .TWO 後綴）
[2026-09-08 04:07:21] 完成：2059.TW 趨勢延續分數=-100.0（強烈偏空延續，納入 2 檔關聯股；其中天數樣本最少的一檔為 244 天（樣本充足（>200，具統計意義）））
[2026-09-08 04:07:21] 處理中：編號29 - 6214.TW
[2026-09-08 04:07:26] 完成：6214.TW 趨勢延續分數=34.9（弱偏多延續，納入 4 檔關聯股；其中天數樣本最少的一檔為 214 天（樣本充足（>200，具統計意義）））
[2026-09-08 04:07:26] 處理中：編號30 - 2395.TW
[2026-09-08 04:07:30] ⚠️ 關聯股 ADLINK 更新失敗，跳過：抓取 ADLINK 失敗，重試 3 次後仍失敗（含嘗試 .TWO 後綴）：ADLINK 沒有抓到任何資料；請確認代號是否正確（尤其台股需要 .TW / .TWO 後綴）
[2026-09-08 04:07:34] 完成：2395.TW 趨勢延續分數=-51.7（中度偏空延續，納入 3 檔關聯股；其中天數樣本最少的一檔為 243 天（樣本充足（>200，具統計意義）））
[2026-09-08 04:07:34] 處理中：編號31 - 2474.TW
[2026-09-08 04:07:40] 完成：2474.TW 趨勢延續分數=-81.1（強烈偏空延續，納入 6 檔關聯股；其中天數樣本最少的一檔為 225 天（樣本充足（>200，具統計意義）））
[2026-09-08 04:07:40] 處理中：編號32 - 8103.TW
[2026-09-08 04:07:45] 完成：8103.TW 趨勢延續分數=-59.4（中度偏空延續，納入 5 檔關聯股；其中天數樣本最少的一檔為 242 天（樣本充足（>200，具統計意義）））
[2026-09-08 04:07:45] 處理中：編號33 - 6531.TW
[2026-09-08 04:07:54] ⚠️ 關聯股 HPC 更新失敗，跳過：抓取 HPC 失敗，重試 3 次後仍失敗（含嘗試 .TWO 後綴）：HPC 沒有抓到任何資料；請確認代號是否正確（尤其台股需要 .TW / .TWO 後綴）
[2026-09-08 04:08:00] ⚠️ 關聯股 DTC 更新失敗，跳過：抓取 DTC 失敗，重試 3 次後仍失敗（含嘗試 .TWO 後綴）：DTC 沒有抓到任何資料；請確認代號是否正確（尤其台股需要 .TW / .TWO 後綴）
[2026-09-08 04:08:06] ⚠️ 關聯股 PDK 更新失敗，跳過：抓取 PDK 失敗，重試 3 次後仍失敗（含嘗試 .TWO 後綴）：PDK 沒有抓到任何資料；請確認代號是否正確（尤其台股需要 .TW / .TWO 後綴）
[2026-09-08 04:08:07] 完成：6531.TW 趨勢延續分數=-69.4（中度偏空延續，納入 5 檔關聯股；其中天數樣本最少的一檔為 101 天（樣本尚可（100–200，具參考意義）））
[2026-09-08 04:08:07] 處理中：編號33 - 6770.TW
[2026-09-08 04:08:15] ⚠️ 關聯股 HPC 更新失敗，跳過：抓取 HPC 失敗，重試 3 次後仍失敗（含嘗試 .TWO 後綴）：HPC 沒有抓到任何資料；請確認代號是否正確（尤其台股需要 .TW / .TWO 後綴）
[2026-09-08 04:08:22] ⚠️ 關聯股 DTC 更新失敗，跳過：抓取 DTC 失敗，重試 3 次後仍失敗（含嘗試 .TWO 後綴）：DTC 沒有抓到任何資料；請確認代號是否正確（尤其台股需要 .TW / .TWO 後綴）
[2026-09-08 04:08:27] ⚠️ 關聯股 PDK 更新失敗，跳過：抓取 PDK 失敗，重試 3 次後仍失敗（含嘗試 .TWO 後綴）：PDK 沒有抓到任何資料；請確認代號是否正確（尤其台股需要 .TW / .TWO 後綴）
[2026-09-08 04:08:28] 完成：6770.TW 趨勢延續分數=-91.2（強烈偏空延續，納入 5 檔關聯股；其中天數樣本最少的一檔為 101 天（樣本尚可（100–200，具參考意義）））
[2026-09-08 04:08:28] 處理中：編號33 - 2303.TW
[2026-09-08 04:08:37] ⚠️ 關聯股 HPC 更新失敗，跳過：抓取 HPC 失敗，重試 3 次後仍失敗（含嘗試 .TWO 後綴）：HPC 沒有抓到任何資料；請確認代號是否正確（尤其台股需要 .TW / .TWO 後綴）
[2026-09-08 04:08:43] ⚠️ 關聯股 DTC 更新失敗，跳過：抓取 DTC 失敗，重試 3 次後仍失敗（含嘗試 .TWO 後綴）：DTC 沒有抓到任何資料；請確認代號是否正確（尤其台股需要 .TW / .TWO 後綴）
[2026-09-08 04:08:49] ⚠️ 關聯股 PDK 更新失敗，跳過：抓取 PDK 失敗，重試 3 次後仍失敗（含嘗試 .TWO 後綴）：PDK 沒有抓到任何資料；請確認代號是否正確（尤其台股需要 .TW / .TWO 後綴）
[2026-09-08 04:08:49] 完成：2303.TW 趨勢延續分數=-76.9（強烈偏空延續，納入 5 檔關聯股；其中天數樣本最少的一檔為 99 天（樣本偏少（30–100，可謹慎推論方向）））
[2026-09-08 04:08:49] 處理中：編號34 - 2421.TW
[2026-09-08 04:08:55] 完成：2421.TW 趨勢延續分數=-42.8（中度偏空延續，納入 6 檔關聯股；其中天數樣本最少的一檔為 242 天（樣本充足（>200，具統計意義）））
[2026-09-08 04:08:55] 處理中：編號34 - 4931.TW
[2026-09-08 04:09:06] 完成：4931.TW 趨勢延續分數=-22.1（弱偏空延續，納入 6 檔關聯股；其中天數樣本最少的一檔為 245 天（樣本充足（>200，具統計意義）））
[2026-09-08 04:09:06] 處理中：編號35 - 6830.TW
[2026-09-08 04:09:09] 完成：6830.TW 趨勢延續分數=-62.7（中度偏空延續，納入 3 檔關聯股；其中天數樣本最少的一檔為 239 天（樣本充足（>200，具統計意義）））
[2026-09-08 04:09:09] 處理中：編號36 - 7711.TW
[2026-09-08 04:09:15] 完成：7711.TW 趨勢延續分數=-53.4（中度偏空延續，納入 6 檔關聯股；其中天數樣本最少的一檔為 178 天（樣本尚可（100–200，具參考意義）））
[2026-09-08 04:09:15] 處理中：編號37 - 3234.TW
[2026-09-08 04:09:26] ⚠️ 關聯股 800G 更新失敗，跳過：抓取 800G 失敗，重試 3 次後仍失敗（含嘗試 .TWO 後綴）：800G 沒有抓到任何資料；請確認代號是否正確（尤其台股需要 .TW / .TWO 後綴）
[2026-09-08 04:09:39] 完成：3234.TW 趨勢延續分數=6.7（方向不明/觀望，納入 5 檔關聯股；其中天數樣本最少的一檔為 248 天（樣本充足（>200，具統計意義）））
[2026-09-08 04:09:39] 處理中：編號38 - 6291.TW
[2026-09-08 04:10:02] 完成：6291.TW 趨勢延續分數=59.7（中度偏多延續，納入 5 檔關聯股；其中天數樣本最少的一檔為 252 天（樣本充足（>200，具統計意義）））
[2026-09-08 04:10:02] 處理中：編號39 - 4908.TW
[2026-09-08 04:10:09] 完成：4908.TW 趨勢延續分數=-100.0（強烈偏空延續，納入 2 檔關聯股；其中天數樣本最少的一檔為 250 天（樣本充足（>200，具統計意義）））
[2026-09-08 04:10:09] 每日摘要已存到 /home/runner/work/brian670126/brian670126/reports/summary_2026-09-08.csv
[2026-09-08 04:10:09] 本次執行完畢

[2026-09-08 23:38:04] 開始執行每日分析，共 97 檔目標股
[2026-09-08 23:38:04] 處理中：編號1 - 3661.TW
[2026-09-08 23:38:41] 完成：3661.TW 趨勢延續分數=37.9（弱偏多延續，納入 17 檔關聯股；其中天數樣本最少的一檔為 245 天（樣本充足（>200，具統計意義）））
[2026-09-08 23:38:41] 處理中：編號1 - 3443.TW
[2026-09-08 23:39:15] 完成：3443.TW 趨勢延續分數=39.9（弱偏多延續，納入 17 檔關聯股；其中天數樣本最少的一檔為 240 天（樣本充足（>200，具統計意義）））
[2026-09-08 23:39:15] 處理中：編號1 - 3035.TW
[2026-09-08 23:39:49] 完成：3035.TW 趨勢延續分數=28.6（弱偏多延續，納入 17 檔關聯股；其中天數樣本最少的一檔為 237 天（樣本充足（>200，具統計意義）））
[2026-09-08 23:39:49] 處理中：編號1 - 8227.TW
[2026-09-08 23:40:28] 完成：8227.TW 趨勢延續分數=39.0（弱偏多延續，納入 17 檔關聯股；其中天數樣本最少的一檔為 238 天（樣本充足（>200，具統計意義）））
[2026-09-08 23:40:28] 處理中：編號1 - 7707.TW
[2026-09-08 23:41:06] 完成：7707.TW 趨勢延續分數=42.6（中度偏多延續，納入 17 檔關聯股；其中天數樣本最少的一檔為 235 天（樣本充足（>200，具統計意義）））
[2026-09-08 23:41:06] 處理中：編號1 - 7796.TW
[2026-09-08 23:41:44] 完成：7796.TW 趨勢延續分數=38.9（弱偏多延續，納入 17 檔關聯股；其中天數樣本最少的一檔為 234 天（樣本充足（>200，具統計意義）））
[2026-09-08 23:41:44] 處理中：編號1 - 2454.TW
[2026-09-08 23:42:18] 完成：2454.TW 趨勢延續分數=25.6（弱偏多延續，納入 17 檔關聯股；其中天數樣本最少的一檔為 230 天（樣本充足（>200，具統計意義）））
[2026-09-08 23:42:18] 處理中：編號1 - 2379.TW
[2026-09-08 23:42:52] 完成：2379.TW 趨勢延續分數=24.1（弱偏多延續，納入 17 檔關聯股；其中天數樣本最少的一檔為 235 天（樣本充足（>200，具統計意義）））
[2026-09-08 23:42:52] 處理中：編號1 - 3034.TW
[2026-09-08 23:43:25] 完成：3034.TW 趨勢延續分數=28.2（弱偏多延續，納入 17 檔關聯股；其中天數樣本最少的一檔為 241 天（樣本充足（>200，具統計意義）））
[2026-09-08 23:43:25] 處理中：編號1 - 8054.TW
[2026-09-08 23:44:04] 完成：8054.TW 趨勢延續分數=33.1（弱偏多延續，納入 17 檔關聯股；其中天數樣本最少的一檔為 236 天（樣本充足（>200，具統計意義）））
[2026-09-08 23:44:04] 處理中：編號1 - 6695.TW
[2026-09-08 23:44:37] 完成：6695.TW 趨勢延續分數=21.7（弱偏多延續，納入 17 檔關聯股；其中天數樣本最少的一檔為 244 天（樣本充足（>200，具統計意義）））
[2026-09-08 23:44:37] 處理中：編號1 - 2388.TW
[2026-09-08 23:45:11] 完成：2388.TW 趨勢延續分數=29.1（弱偏多延續，納入 17 檔關聯股；其中天數樣本最少的一檔為 242 天（樣本充足（>200，具統計意義）））
[2026-09-08 23:45:11] 處理中：編號1 - 2363.TW
[2026-09-08 23:45:45] 完成：2363.TW 趨勢延續分數=27.4（弱偏多延續，納入 17 檔關聯股；其中天數樣本最少的一檔為 244 天（樣本充足（>200，具統計意義）））
[2026-09-08 23:45:45] 處理中：編號1 - 3041.TW
[2026-09-08 23:46:19] 完成：3041.TW 趨勢延續分數=34.8（弱偏多延續，納入 17 檔關聯股；其中天數樣本最少的一檔為 237 天（樣本充足（>200，具統計意義）））
[2026-09-08 23:46:19] 處理中：編號3 - 8299.TW
[2026-09-08 23:46:37] 完成：8299.TW 趨勢延續分數=44.5（中度偏多延續，納入 8 檔關聯股；其中天數樣本最少的一檔為 237 天（樣本充足（>200，具統計意義）））
[2026-09-08 23:46:37] 處理中：編號4 - 2337.TW
[2026-09-08 23:46:40] 完成：2337.TW 趨勢延續分數=36.1（弱偏多延續，納入 3 檔關聯股；其中天數樣本最少的一檔為 251 天（樣本充足（>200，具統計意義）））
[2026-09-08 23:46:40] 處理中：編號4 - 2344.TW
[2026-09-08 23:46:43] 完成：2344.TW 趨勢延續分數=38.6（弱偏多延續，納入 3 檔關聯股；其中天數樣本最少的一檔為 253 天（樣本充足（>200，具統計意義）））
[2026-09-08 23:46:43] 處理中：編號5 - 6239.TW
[2026-09-08 23:46:53] ⚠️ 關聯股 JCET 更新失敗，跳過：抓取 JCET 失敗，重試 3 次後仍失敗（含嘗試 .TWO 後綴）：JCET 沒有抓到任何資料；請確認代號是否正確（尤其台股需要 .TW / .TWO 後綴）
[2026-09-08 23:47:03] 完成：6239.TW 趨勢延續分數=70.1（強烈偏多延續，納入 10 檔關聯股；其中天數樣本最少的一檔為 101 天（樣本尚可（100–200，具參考意義）））
[2026-09-08 23:47:03] 處理中：編號5 - 2329.TW
[2026-09-08 23:47:13] ⚠️ 關聯股 JCET 更新失敗，跳過：抓取 JCET 失敗，重試 3 次後仍失敗（含嘗試 .TWO 後綴）：JCET 沒有抓到任何資料；請確認代號是否正確（尤其台股需要 .TW / .TWO 後綴）
[2026-09-08 23:47:22] 完成：2329.TW 趨勢延續分數=76.1（強烈偏多延續，納入 10 檔關聯股；其中天數樣本最少的一檔為 103 天（樣本尚可（100–200，具參考意義）））
[2026-09-08 23:47:22] 處理中：編號5 - 8110.TW
[2026-09-08 23:47:32] ⚠️ 關聯股 JCET 更新失敗，跳過：抓取 JCET 失敗，重試 3 次後仍失敗（含嘗試 .TWO 後綴）：JCET 沒有抓到任何資料；請確認代號是否正確（尤其台股需要 .TW / .TWO 後綴）
[2026-09-08 23:47:41] 完成：8110.TW 趨勢延續分數=63.3（中度偏多延續，納入 10 檔關聯股；其中天數樣本最少的一檔為 101 天（樣本尚可（100–200，具參考意義）））
[2026-09-08 23:47:41] 處理中：編號5 - 8150.TW
[2026-09-08 23:47:51] ⚠️ 關聯股 JCET 更新失敗，跳過：抓取 JCET 失敗，重試 3 次後仍失敗（含嘗試 .TWO 後綴）：JCET 沒有抓到任何資料；請確認代號是否正確（尤其台股需要 .TW / .TWO 後綴）
[2026-09-08 23:48:00] 完成：8150.TW 趨勢延續分數=76.0（強烈偏多延續，納入 10 檔關聯股；其中天數樣本最少的一檔為 104 天（樣本尚可（100–200，具參考意義）））
[2026-09-08 23:48:00] 處理中：編號6 - 6147.TW
[2026-09-08 23:48:12] 完成：6147.TW 趨勢延續分數=-27.9（弱偏空延續，納入 8 檔關聯股；其中天數樣本最少的一檔為 240 天（樣本充足（>200，具統計意義）））
[2026-09-08 23:48:12] 處理中：編號7 - 2449.TW
[2026-09-08 23:48:30] 完成：2449.TW 趨勢延續分數=58.9（中度偏多延續，納入 9 檔關聯股；其中天數樣本最少的一檔為 249 天（樣本充足（>200，具統計意義）））
[2026-09-08 23:48:30] 處理中：編號7 - 6257.TW
[2026-09-08 23:48:47] 完成：6257.TW 趨勢延續分數=56.0（中度偏多延續，納入 9 檔關聯股；其中天數樣本最少的一檔為 247 天（樣本充足（>200，具統計意義）））
[2026-09-08 23:48:47] 處理中：編號7 - 3264.TW
[2026-09-08 23:49:09] 完成：3264.TW 趨勢延續分數=51.6（中度偏多延續，納入 9 檔關聯股；其中天數樣本最少的一檔為 253 天（樣本充足（>200，具統計意義）））
[2026-09-08 23:49:09] 處理中：編號8 - 6223.TW
[2026-09-08 23:49:33] 完成：6223.TW 趨勢延續分數=66.0（中度偏多延續，納入 10 檔關聯股；其中天數樣本最少的一檔為 239 天（樣本充足（>200，具統計意義）））
[2026-09-08 23:49:33] 處理中：編號8 - 6510.TW
[2026-09-08 23:49:56] 完成：6510.TW 趨勢延續分數=53.2（中度偏多延續，納入 10 檔關聯股；其中天數樣本最少的一檔為 237 天（樣本充足（>200，具統計意義）））
[2026-09-08 23:49:56] 處理中：編號8 - 6515.TW
[2026-09-08 23:50:14] 完成：6515.TW 趨勢延續分數=69.9（中度偏多延續，納入 10 檔關聯股；其中天數樣本最少的一檔為 241 天（樣本充足（>200，具統計意義）））
[2026-09-08 23:50:14] 處理中：編號9 - 6488.TW
[2026-09-08 23:50:27] 完成：6488.TW 趨勢延續分數=-1.5（方向不明/觀望，納入 9 檔關聯股；其中天數樣本最少的一檔為 239 天（樣本充足（>200，具統計意義）））
[2026-09-08 23:50:27] 處理中：編號9 - 5483.TW
[2026-09-08 23:50:41] 完成：5483.TW 趨勢延續分數=3.1（方向不明/觀望，納入 9 檔關聯股；其中天數樣本最少的一檔為 232 天（樣本充足（>200，具統計意義）））
[2026-09-08 23:50:41] 處理中：編號10 - 3037.TW
[2026-09-08 23:50:47] 完成：3037.TW 趨勢延續分數=-12.2（弱偏空延續，納入 7 檔關聯股；其中天數樣本最少的一檔為 238 天（樣本充足（>200，具統計意義）））
[2026-09-08 23:50:47] 處理中：編號10 - 8046.TW
[2026-09-08 23:50:54] 完成：8046.TW 趨勢延續分數=-3.6（方向不明/觀望，納入 7 檔關聯股；其中天數樣本最少的一檔為 240 天（樣本充足（>200，具統計意義）））
[2026-09-08 23:50:54] 處理中：編號10 - 3189.TW
[2026-09-08 23:51:01] 完成：3189.TW 趨勢延續分數=-15.5（弱偏空延續，納入 7 檔關聯股；其中天數樣本最少的一檔為 234 天（樣本充足（>200，具統計意義）））
[2026-09-08 23:51:01] 處理中：編號11 - 1815.TW
[2026-09-08 23:51:20] 完成：1815.TW 趨勢延續分數=-27.3（弱偏空延續，納入 5 檔關聯股；其中天數樣本最少的一檔為 243 天（樣本充足（>200，具統計意義）））
[2026-09-08 23:51:20] 處理中：編號11 - 1802.TW
[2026-09-08 23:51:34] 完成：1802.TW 趨勢延續分數=-38.7（弱偏空延續，納入 5 檔關聯股；其中天數樣本最少的一檔為 242 天（樣本充足（>200，具統計意義）））
[2026-09-08 23:51:34] 處理中：編號11 - 5475.TW
[2026-09-08 23:51:52] 完成：5475.TW 趨勢延續分數=-14.7（弱偏空延續，納入 5 檔關聯股；其中天數樣本最少的一檔為 242 天（樣本充足（>200，具統計意義）））
[2026-09-08 23:51:52] 處理中：編號11 - 1446.TW
[2026-09-08 23:52:06] 完成：1446.TW 趨勢延續分數=-58.3（中度偏空延續，納入 5 檔關聯股；其中天數樣本最少的一檔為 219 天（樣本充足（>200，具統計意義）））
[2026-09-08 23:52:06] 處理中：編號12 - 8358.TW
[2026-09-08 23:52:22] 完成：8358.TW 趨勢延續分數=-36.5（弱偏空延續，納入 6 檔關聯股；其中天數樣本最少的一檔為 243 天（樣本充足（>200，具統計意義）））
[2026-09-08 23:52:22] 處理中：編號12 - 1303.TW
[2026-09-08 23:52:32] 完成：1303.TW 趨勢延續分數=-21.5（弱偏空延續，納入 6 檔關聯股；其中天數樣本最少的一檔為 238 天（樣本充足（>200，具統計意義）））
[2026-09-08 23:52:32] 處理中：編號12 - 4989.TW
[2026-09-08 23:52:42] 完成：4989.TW 趨勢延續分數=-43.3（中度偏空延續，納入 6 檔關聯股；其中天數樣本最少的一檔為 239 天（樣本充足（>200，具統計意義）））
[2026-09-08 23:52:42] 處理中：編號13 - 2383.TW
[2026-09-08 23:52:47] ⚠️ 關聯股 HVLP 更新失敗，跳過：抓取 HVLP 失敗，重試 3 次後仍失敗（含嘗試 .TWO 後綴）：HVLP 沒有抓到任何資料；請確認代號是否正確（尤其台股需要 .TW / .TWO 後綴）
[2026-09-08 23:53:03] 完成：2383.TW 趨勢延續分數=16.4（弱偏多延續，納入 6 檔關聯股；其中天數樣本最少的一檔為 251 天（樣本充足（>200，具統計意義）））
[2026-09-08 23:53:03] 處理中：編號13 - 6274.TW
[2026-09-08 23:53:12] ⚠️ 關聯股 HVLP 更新失敗，跳過：抓取 HVLP 失敗，重試 3 次後仍失敗（含嘗試 .TWO 後綴）：HVLP 沒有抓到任何資料；請確認代號是否正確（尤其台股需要 .TW / .TWO 後綴）
[2026-09-08 23:53:27] 完成：6274.TW 趨勢延續分數=27.4（弱偏多延續，納入 6 檔關聯股；其中天數樣本最少的一檔為 252 天（樣本充足（>200，具統計意義）））
[2026-09-08 23:53:27] 處理中：編號13 - 6213.TW
[2026-09-08 23:53:32] ⚠️ 關聯股 HVLP 更新失敗，跳過：抓取 HVLP 失敗，重試 3 次後仍失敗（含嘗試 .TWO 後綴）：HVLP 沒有抓到任何資料；請確認代號是否正確（尤其台股需要 .TW / .TWO 後綴）
[2026-09-08 23:53:47] 完成：6213.TW 趨勢延續分數=51.9（中度偏多延續，納入 6 檔關聯股；其中天數樣本最少的一檔為 253 天（樣本充足（>200，具統計意義）））
[2026-09-08 23:53:47] 處理中：編號14 - 2368.TW
[2026-09-08 23:54:00] 完成：2368.TW 趨勢延續分數=2.9（方向不明/觀望，納入 9 檔關聯股；其中天數樣本最少的一檔為 242 天（樣本充足（>200，具統計意義）））
[2026-09-08 23:54:00] 處理中：編號14 - 3044.TW
[2026-09-08 23:54:13] 完成：3044.TW 趨勢延續分數=5.7（方向不明/觀望，納入 9 檔關聯股；其中天數樣本最少的一檔為 242 天（樣本充足（>200，具統計意義）））
[2026-09-08 23:54:13] 處理中：編號14 - 2313.TW
[2026-09-08 23:54:26] 完成：2313.TW 趨勢延續分數=-20.0（弱偏空延續，納入 9 檔關聯股；其中天數樣本最少的一檔為 245 天（樣本充足（>200，具統計意義）））
[2026-09-08 23:54:26] 處理中：編號15 - 2327.TW
[2026-09-08 23:54:39] ⚠️ 關聯股 SEMCO 更新失敗，跳過：抓取 SEMCO 失敗，重試 3 次後仍失敗（含嘗試 .TWO 後綴）：SEMCO 沒有抓到任何資料；請確認代號是否正確（尤其台股需要 .TW / .TWO 後綴）
[2026-09-08 23:54:45] ⚠️ 關聯股 TDK 更新失敗，跳過：抓取 TDK 失敗，重試 3 次後仍失敗（含嘗試 .TWO 後綴）：TDK 沒有抓到任何資料；請確認代號是否正確（尤其台股需要 .TW / .TWO 後綴）
[2026-09-08 23:54:50] 完成：2327.TW 趨勢延續分數=-87.5（強烈偏空延續，納入 8 檔關聯股；其中天數樣本最少的一檔為 226 天（樣本充足（>200，具統計意義）））
[2026-09-08 23:54:50] 處理中：編號15 - 2492.TW
[2026-09-08 23:55:02] ⚠️ 關聯股 SEMCO 更新失敗，跳過：抓取 SEMCO 失敗，重試 3 次後仍失敗（含嘗試 .TWO 後綴）：SEMCO 沒有抓到任何資料；請確認代號是否正確（尤其台股需要 .TW / .TWO 後綴）
[2026-09-08 23:55:08] ⚠️ 關聯股 TDK 更新失敗，跳過：抓取 TDK 失敗，重試 3 次後仍失敗（含嘗試 .TWO 後綴）：TDK 沒有抓到任何資料；請確認代號是否正確（尤其台股需要 .TW / .TWO 後綴）
[2026-09-08 23:55:13] 完成：2492.TW 趨勢延續分數=-88.8（強烈偏空延續，納入 8 檔關聯股；其中天數樣本最少的一檔為 229 天（樣本充足（>200，具統計意義）））
[2026-09-08 23:55:13] 處理中：編號15 - 6173.TW
[2026-09-08 23:55:29] ⚠️ 關聯股 SEMCO 更新失敗，跳過：抓取 SEMCO 失敗，重試 3 次後仍失敗（含嘗試 .TWO 後綴）：SEMCO 沒有抓到任何資料；請確認代號是否正確（尤其台股需要 .TW / .TWO 後綴）
[2026-09-08 23:55:36] ⚠️ 關聯股 TDK 更新失敗，跳過：抓取 TDK 失敗，重試 3 次後仍失敗（含嘗試 .TWO 後綴）：TDK 沒有抓到任何資料；請確認代號是否正確（尤其台股需要 .TW / .TWO 後綴）
[2026-09-08 23:55:41] 完成：6173.TW 趨勢延續分數=-85.3（強烈偏空延續，納入 8 檔關聯股；其中天數樣本最少的一檔為 236 天（樣本充足（>200，具統計意義）））
[2026-09-08 23:55:41] 處理中：編號16 - 2382.TW
[2026-09-08 23:55:51] 完成：2382.TW 趨勢延續分數=-19.3（弱偏空延續，納入 10 檔關聯股；其中天數樣本最少的一檔為 237 天（樣本充足（>200，具統計意義）））
[2026-09-08 23:55:51] 處理中：編號16 - 6669.TW
[2026-09-08 23:56:01] 完成：6669.TW 趨勢延續分數=-36.3（弱偏空延續，納入 10 檔關聯股；其中天數樣本最少的一檔為 244 天（樣本充足（>200，具統計意義）））
[2026-09-08 23:56:01] 處理中：編號16 - 2376.TW
[2026-09-08 23:56:10] 完成：2376.TW 趨勢延續分數=-23.1（弱偏空延續，納入 10 檔關聯股；其中天數樣本最少的一檔為 237 天（樣本充足（>200，具統計意義）））
[2026-09-08 23:56:10] 處理中：編號16 - 2377.TW
[2026-09-08 23:56:19] 完成：2377.TW 趨勢延續分數=-27.1（弱偏空延續，納入 10 檔關聯股；其中天數樣本最少的一檔為 231 天（樣本充足（>200，具統計意義）））
[2026-09-08 23:56:19] 處理中：編號16 - 2357.TW
[2026-09-08 23:56:28] 完成：2357.TW 趨勢延續分數=-27.7（弱偏空延續，納入 10 檔關聯股；其中天數樣本最少的一檔為 228 天（樣本充足（>200，具統計意義）））
[2026-09-08 23:56:28] 處理中：編號17 - 3324.TW
[2026-09-08 23:56:42] 完成：3324.TW 趨勢延續分數=-38.6（弱偏空延續，納入 9 檔關聯股；其中天數樣本最少的一檔為 229 天（樣本充足（>200，具統計意義）））
[2026-09-08 23:56:42] 處理中：編號17 - 3017.TW
[2026-09-08 23:56:51] 完成：3017.TW 趨勢延續分數=-31.6（弱偏空延續，納入 9 檔關聯股；其中天數樣本最少的一檔為 240 天（樣本充足（>200，具統計意義）））
[2026-09-08 23:56:51] 處理中：編號17 - 3653.TW
[2026-09-08 23:56:59] 完成：3653.TW 趨勢延續分數=-36.1（弱偏空延續，納入 9 檔關聯股；其中天數樣本最少的一檔為 238 天（樣本充足（>200，具統計意義）））
[2026-09-08 23:56:59] 處理中：編號18 - 3081.TW
[2026-09-08 23:57:09] ⚠️ 關聯股 MOCVD 更新失敗，跳過：抓取 MOCVD 失敗，重試 3 次後仍失敗（含嘗試 .TWO 後綴）：MOCVD 沒有抓到任何資料；請確認代號是否正確（尤其台股需要 .TW / .TWO 後綴）
[2026-09-08 23:57:14] ⚠️ 關聯股 MBE 更新失敗，跳過：抓取 MBE 失敗，重試 3 次後仍失敗（含嘗試 .TWO 後綴）：MBE 沒有抓到任何資料；請確認代號是否正確（尤其台股需要 .TW / .TWO 後綴）
[2026-09-08 23:57:22] ⚠️ 關聯股 FAU 更新失敗，跳過：抓取 FAU 失敗，重試 3 次後仍失敗（含嘗試 .TWO 後綴）：FAU 沒有抓到任何資料；請確認代號是否正確（尤其台股需要 .TW / .TWO 後綴）
[2026-09-08 23:57:27] ⚠️ 關聯股 CPO 更新失敗，跳過：抓取 CPO 失敗，重試 3 次後仍失敗（含嘗試 .TWO 後綴）：CPO 沒有抓到任何資料；請確認代號是否正確（尤其台股需要 .TW / .TWO 後綴）
[2026-09-08 23:57:42] ⚠️ 關聯股 800G 更新失敗，跳過：抓取 800G 失敗，重試 3 次後仍失敗（含嘗試 .TWO 後綴）：800G 沒有抓到任何資料；請確認代號是否正確（尤其台股需要 .TW / .TWO 後綴）
[2026-09-08 23:57:48] ⚠️ 關聯股 IET 更新失敗，跳過：抓取 IET 失敗，重試 3 次後仍失敗（含嘗試 .TWO 後綴）：IET 沒有抓到任何資料；請確認代號是否正確（尤其台股需要 .TW / .TWO 後綴）
[2026-09-08 23:57:48] 完成：3081.TW 趨勢延續分數=21.6（弱偏多延續，納入 12 檔關聯股；其中天數樣本最少的一檔為 241 天（樣本充足（>200，具統計意義）））
[2026-09-08 23:57:48] 處理中：編號18 - 2455.TW
[2026-09-08 23:57:53] ⚠️ 關聯股 MOCVD 更新失敗，跳過：抓取 MOCVD 失敗，重試 3 次後仍失敗（含嘗試 .TWO 後綴）：MOCVD 沒有抓到任何資料；請確認代號是否正確（尤其台股需要 .TW / .TWO 後綴）
[2026-09-08 23:57:59] ⚠️ 關聯股 MBE 更新失敗，跳過：抓取 MBE 失敗，重試 3 次後仍失敗（含嘗試 .TWO 後綴）：MBE 沒有抓到任何資料；請確認代號是否正確（尤其台股需要 .TW / .TWO 後綴）
[2026-09-08 23:58:06] ⚠️ 關聯股 FAU 更新失敗，跳過：抓取 FAU 失敗，重試 3 次後仍失敗（含嘗試 .TWO 後綴）：FAU 沒有抓到任何資料；請確認代號是否正確（尤其台股需要 .TW / .TWO 後綴）
[2026-09-08 23:58:11] ⚠️ 關聯股 CPO 更新失敗，跳過：抓取 CPO 失敗，重試 3 次後仍失敗（含嘗試 .TWO 後綴）：CPO 沒有抓到任何資料；請確認代號是否正確（尤其台股需要 .TW / .TWO 後綴）
[2026-09-08 23:58:26] ⚠️ 關聯股 800G 更新失敗，跳過：抓取 800G 失敗，重試 3 次後仍失敗（含嘗試 .TWO 後綴）：800G 沒有抓到任何資料；請確認代號是否正確（尤其台股需要 .TW / .TWO 後綴）
[2026-09-08 23:58:31] ⚠️ 關聯股 IET 更新失敗，跳過：抓取 IET 失敗，重試 3 次後仍失敗（含嘗試 .TWO 後綴）：IET 沒有抓到任何資料；請確認代號是否正確（尤其台股需要 .TW / .TWO 後綴）
[2026-09-08 23:58:32] 完成：2455.TW 趨勢延續分數=16.0（弱偏多延續，納入 12 檔關聯股；其中天數樣本最少的一檔為 238 天（樣本充足（>200，具統計意義）））
[2026-09-08 23:58:32] 處理中：編號18 - 4991.TW
[2026-09-08 23:58:42] ⚠️ 關聯股 MOCVD 更新失敗，跳過：抓取 MOCVD 失敗，重試 3 次後仍失敗（含嘗試 .TWO 後綴）：MOCVD 沒有抓到任何資料；請確認代號是否正確（尤其台股需要 .TW / .TWO 後綴）
[2026-09-08 23:58:47] ⚠️ 關聯股 MBE 更新失敗，跳過：抓取 MBE 失敗，重試 3 次後仍失敗（含嘗試 .TWO 後綴）：MBE 沒有抓到任何資料；請確認代號是否正確（尤其台股需要 .TW / .TWO 後綴）
[2026-09-08 23:58:54] ⚠️ 關聯股 FAU 更新失敗，跳過：抓取 FAU 失敗，重試 3 次後仍失敗（含嘗試 .TWO 後綴）：FAU 沒有抓到任何資料；請確認代號是否正確（尤其台股需要 .TW / .TWO 後綴）
[2026-09-08 23:59:00] ⚠️ 關聯股 CPO 更新失敗，跳過：抓取 CPO 失敗，重試 3 次後仍失敗（含嘗試 .TWO 後綴）：CPO 沒有抓到任何資料；請確認代號是否正確（尤其台股需要 .TW / .TWO 後綴）
[2026-09-08 23:59:14] ⚠️ 關聯股 800G 更新失敗，跳過：抓取 800G 失敗，重試 3 次後仍失敗（含嘗試 .TWO 後綴）：800G 沒有抓到任何資料；請確認代號是否正確（尤其台股需要 .TW / .TWO 後綴）
[2026-09-08 23:59:20] ⚠️ 關聯股 IET 更新失敗，跳過：抓取 IET 失敗，重試 3 次後仍失敗（含嘗試 .TWO 後綴）：IET 沒有抓到任何資料；請確認代號是否正確（尤其台股需要 .TW / .TWO 後綴）
[2026-09-08 23:59:21] 完成：4991.TW 趨勢延續分數=10.7（弱偏多延續，納入 12 檔關聯股；其中天數樣本最少的一檔為 240 天（樣本充足（>200，具統計意義）））
[2026-09-08 23:59:21] 處理中：編號18 - 4971.TW
[2026-09-08 23:59:30] ⚠️ 關聯股 MOCVD 更新失敗，跳過：抓取 MOCVD 失敗，重試 3 次後仍失敗（含嘗試 .TWO 後綴）：MOCVD 沒有抓到任何資料；請確認代號是否正確（尤其台股需要 .TW / .TWO 後綴）
[2026-09-08 23:59:36] ⚠️ 關聯股 MBE 更新失敗，跳過：抓取 MBE 失敗，重試 3 次後仍失敗（含嘗試 .TWO 後綴）：MBE 沒有抓到任何資料；請確認代號是否正確（尤其台股需要 .TW / .TWO 後綴）
[2026-09-08 23:59:43] ⚠️ 關聯股 FAU 更新失敗，跳過：抓取 FAU 失敗，重試 3 次後仍失敗（含嘗試 .TWO 後綴）：FAU 沒有抓到任何資料；請確認代號是否正確（尤其台股需要 .TW / .TWO 後綴）
[2026-09-08 23:59:48] ⚠️ 關聯股 CPO 更新失敗，跳過：抓取 CPO 失敗，重試 3 次後仍失敗（含嘗試 .TWO 後綴）：CPO 沒有抓到任何資料；請確認代號是否正確（尤其台股需要 .TW / .TWO 後綴）
[2026-09-09 00:00:03] ⚠️ 關聯股 800G 更新失敗，跳過：抓取 800G 失敗，重試 3 次後仍失敗（含嘗試 .TWO 後綴）：800G 沒有抓到任何資料；請確認代號是否正確（尤其台股需要 .TW / .TWO 後綴）
[2026-09-09 00:00:08] ⚠️ 關聯股 IET 更新失敗，跳過：抓取 IET 失敗，重試 3 次後仍失敗（含嘗試 .TWO 後綴）：IET 沒有抓到任何資料；請確認代號是否正確（尤其台股需要 .TW / .TWO 後綴）
[2026-09-09 00:00:09] 完成：4971.TW 趨勢延續分數=22.1（弱偏多延續，納入 12 檔關聯股；其中天數樣本最少的一檔為 243 天（樣本充足（>200，具統計意義）））
[2026-09-09 00:00:09] 處理中：編號18 - 3105.TW
[2026-09-09 00:00:19] ⚠️ 關聯股 MOCVD 更新失敗，跳過：抓取 MOCVD 失敗，重試 3 次後仍失敗（含嘗試 .TWO 後綴）：MOCVD 沒有抓到任何資料；請確認代號是否正確（尤其台股需要 .TW / .TWO 後綴）
[2026-09-09 00:00:24] ⚠️ 關聯股 MBE 更新失敗，跳過：抓取 MBE 失敗，重試 3 次後仍失敗（含嘗試 .TWO 後綴）：MBE 沒有抓到任何資料；請確認代號是否正確（尤其台股需要 .TW / .TWO 後綴）
[2026-09-09 00:00:31] ⚠️ 關聯股 FAU 更新失敗，跳過：抓取 FAU 失敗，重試 3 次後仍失敗（含嘗試 .TWO 後綴）：FAU 沒有抓到任何資料；請確認代號是否正確（尤其台股需要 .TW / .TWO 後綴）
[2026-09-09 00:00:37] ⚠️ 關聯股 CPO 更新失敗，跳過：抓取 CPO 失敗，重試 3 次後仍失敗（含嘗試 .TWO 後綴）：CPO 沒有抓到任何資料；請確認代號是否正確（尤其台股需要 .TW / .TWO 後綴）
[2026-09-09 00:00:51] ⚠️ 關聯股 800G 更新失敗，跳過：抓取 800G 失敗，重試 3 次後仍失敗（含嘗試 .TWO 後綴）：800G 沒有抓到任何資料；請確認代號是否正確（尤其台股需要 .TW / .TWO 後綴）
[2026-09-09 00:00:57] ⚠️ 關聯股 IET 更新失敗，跳過：抓取 IET 失敗，重試 3 次後仍失敗（含嘗試 .TWO 後綴）：IET 沒有抓到任何資料；請確認代號是否正確（尤其台股需要 .TW / .TWO 後綴）
[2026-09-09 00:00:58] 完成：3105.TW 趨勢延續分數=7.0（方向不明/觀望，納入 12 檔關聯股；其中天數樣本最少的一檔為 240 天（樣本充足（>200，具統計意義）））
[2026-09-09 00:00:58] 處理中：編號18 - 8086.TW
[2026-09-09 00:01:07] ⚠️ 關聯股 MOCVD 更新失敗，跳過：抓取 MOCVD 失敗，重試 3 次後仍失敗（含嘗試 .TWO 後綴）：MOCVD 沒有抓到任何資料；請確認代號是否正確（尤其台股需要 .TW / .TWO 後綴）
[2026-09-09 00:01:13] ⚠️ 關聯股 MBE 更新失敗，跳過：抓取 MBE 失敗，重試 3 次後仍失敗（含嘗試 .TWO 後綴）：MBE 沒有抓到任何資料；請確認代號是否正確（尤其台股需要 .TW / .TWO 後綴）
[2026-09-09 00:01:20] ⚠️ 關聯股 FAU 更新失敗，跳過：抓取 FAU 失敗，重試 3 次後仍失敗（含嘗試 .TWO 後綴）：FAU 沒有抓到任何資料；請確認代號是否正確（尤其台股需要 .TW / .TWO 後綴）
[2026-09-09 00:01:25] ⚠️ 關聯股 CPO 更新失敗，跳過：抓取 CPO 失敗，重試 3 次後仍失敗（含嘗試 .TWO 後綴）：CPO 沒有抓到任何資料；請確認代號是否正確（尤其台股需要 .TW / .TWO 後綴）
[2026-09-09 00:01:40] ⚠️ 關聯股 800G 更新失敗，跳過：抓取 800G 失敗，重試 3 次後仍失敗（含嘗試 .TWO 後綴）：800G 沒有抓到任何資料；請確認代號是否正確（尤其台股需要 .TW / .TWO 後綴）
[2026-09-09 00:01:45] ⚠️ 關聯股 IET 更新失敗，跳過：抓取 IET 失敗，重試 3 次後仍失敗（含嘗試 .TWO 後綴）：IET 沒有抓到任何資料；請確認代號是否正確（尤其台股需要 .TW / .TWO 後綴）
[2026-09-09 00:01:46] 完成：8086.TW 趨勢延續分數=2.2（方向不明/觀望，納入 12 檔關聯股；其中天數樣本最少的一檔為 232 天（樣本充足（>200，具統計意義）））
[2026-09-09 00:01:46] 處理中：編號18 - 3363.TW
[2026-09-09 00:01:56] ⚠️ 關聯股 MOCVD 更新失敗，跳過：抓取 MOCVD 失敗，重試 3 次後仍失敗（含嘗試 .TWO 後綴）：MOCVD 沒有抓到任何資料；請確認代號是否正確（尤其台股需要 .TW / .TWO 後綴）
[2026-09-09 00:02:01] ⚠️ 關聯股 MBE 更新失敗，跳過：抓取 MBE 失敗，重試 3 次後仍失敗（含嘗試 .TWO 後綴）：MBE 沒有抓到任何資料；請確認代號是否正確（尤其台股需要 .TW / .TWO 後綴）
[2026-09-09 00:02:08] ⚠️ 關聯股 FAU 更新失敗，跳過：抓取 FAU 失敗，重試 3 次後仍失敗（含嘗試 .TWO 後綴）：FAU 沒有抓到任何資料；請確認代號是否正確（尤其台股需要 .TW / .TWO 後綴）
[2026-09-09 00:02:14] ⚠️ 關聯股 CPO 更新失敗，跳過：抓取 CPO 失敗，重試 3 次後仍失敗（含嘗試 .TWO 後綴）：CPO 沒有抓到任何資料；請確認代號是否正確（尤其台股需要 .TW / .TWO 後綴）
[2026-09-09 00:02:28] ⚠️ 關聯股 800G 更新失敗，跳過：抓取 800G 失敗，重試 3 次後仍失敗（含嘗試 .TWO 後綴）：800G 沒有抓到任何資料；請確認代號是否正確（尤其台股需要 .TW / .TWO 後綴）
[2026-09-09 00:02:34] ⚠️ 關聯股 IET 更新失敗，跳過：抓取 IET 失敗，重試 3 次後仍失敗（含嘗試 .TWO 後綴）：IET 沒有抓到任何資料；請確認代號是否正確（尤其台股需要 .TW / .TWO 後綴）
[2026-09-09 00:02:35] 完成：3363.TW 趨勢延續分數=19.8（弱偏多延續，納入 12 檔關聯股；其中天數樣本最少的一檔為 240 天（樣本充足（>200，具統計意義）））
[2026-09-09 00:02:35] 處理中：編號18 - 3163.TW
[2026-09-09 00:02:44] ⚠️ 關聯股 MOCVD 更新失敗，跳過：抓取 MOCVD 失敗，重試 3 次後仍失敗（含嘗試 .TWO 後綴）：MOCVD 沒有抓到任何資料；請確認代號是否正確（尤其台股需要 .TW / .TWO 後綴）
[2026-09-09 00:02:49] ⚠️ 關聯股 MBE 更新失敗，跳過：抓取 MBE 失敗，重試 3 次後仍失敗（含嘗試 .TWO 後綴）：MBE 沒有抓到任何資料；請確認代號是否正確（尤其台股需要 .TW / .TWO 後綴）
[2026-09-09 00:02:57] ⚠️ 關聯股 FAU 更新失敗，跳過：抓取 FAU 失敗，重試 3 次後仍失敗（含嘗試 .TWO 後綴）：FAU 沒有抓到任何資料；請確認代號是否正確（尤其台股需要 .TW / .TWO 後綴）
[2026-09-09 00:03:02] ⚠️ 關聯股 CPO 更新失敗，跳過：抓取 CPO 失敗，重試 3 次後仍失敗（含嘗試 .TWO 後綴）：CPO 沒有抓到任何資料；請確認代號是否正確（尤其台股需要 .TW / .TWO 後綴）
[2026-09-09 00:03:16] ⚠️ 關聯股 800G 更新失敗，跳過：抓取 800G 失敗，重試 3 次後仍失敗（含嘗試 .TWO 後綴）：800G 沒有抓到任何資料；請確認代號是否正確（尤其台股需要 .TW / .TWO 後綴）
[2026-09-09 00:03:22] ⚠️ 關聯股 IET 更新失敗，跳過：抓取 IET 失敗，重試 3 次後仍失敗（含嘗試 .TWO 後綴）：IET 沒有抓到任何資料；請確認代號是否正確（尤其台股需要 .TW / .TWO 後綴）
[2026-09-09 00:03:23] 完成：3163.TW 趨勢延續分數=18.0（弱偏多延續，納入 12 檔關聯股；其中天數樣本最少的一檔為 239 天（樣本充足（>200，具統計意義）））
[2026-09-09 00:03:23] 處理中：編號18 - 4979.TW
[2026-09-09 00:03:32] ⚠️ 關聯股 MOCVD 更新失敗，跳過：抓取 MOCVD 失敗，重試 3 次後仍失敗（含嘗試 .TWO 後綴）：MOCVD 沒有抓到任何資料；請確認代號是否正確（尤其台股需要 .TW / .TWO 後綴）
[2026-09-09 00:03:38] ⚠️ 關聯股 MBE 更新失敗，跳過：抓取 MBE 失敗，重試 3 次後仍失敗（含嘗試 .TWO 後綴）：MBE 沒有抓到任何資料；請確認代號是否正確（尤其台股需要 .TW / .TWO 後綴）
[2026-09-09 00:03:45] ⚠️ 關聯股 FAU 更新失敗，跳過：抓取 FAU 失敗，重試 3 次後仍失敗（含嘗試 .TWO 後綴）：FAU 沒有抓到任何資料；請確認代號是否正確（尤其台股需要 .TW / .TWO 後綴）
[2026-09-09 00:03:51] ⚠️ 關聯股 CPO 更新失敗，跳過：抓取 CPO 失敗，重試 3 次後仍失敗（含嘗試 .TWO 後綴）：CPO 沒有抓到任何資料；請確認代號是否正確（尤其台股需要 .TW / .TWO 後綴）
[2026-09-09 00:04:05] ⚠️ 關聯股 800G 更新失敗，跳過：抓取 800G 失敗，重試 3 次後仍失敗（含嘗試 .TWO 後綴）：800G 沒有抓到任何資料；請確認代號是否正確（尤其台股需要 .TW / .TWO 後綴）
[2026-09-09 00:04:10] ⚠️ 關聯股 IET 更新失敗，跳過：抓取 IET 失敗，重試 3 次後仍失敗（含嘗試 .TWO 後綴）：IET 沒有抓到任何資料；請確認代號是否正確（尤其台股需要 .TW / .TWO 後綴）
[2026-09-09 00:04:11] 完成：4979.TW 趨勢延續分數=32.5（弱偏多延續，納入 12 檔關聯股；其中天數樣本最少的一檔為 242 天（樣本充足（>200，具統計意義）））
[2026-09-09 00:04:11] 處理中：編號18 - 3450.TW
[2026-09-09 00:04:16] ⚠️ 關聯股 MOCVD 更新失敗，跳過：抓取 MOCVD 失敗，重試 3 次後仍失敗（含嘗試 .TWO 後綴）：MOCVD 沒有抓到任何資料；請確認代號是否正確（尤其台股需要 .TW / .TWO 後綴）
[2026-09-09 00:04:22] ⚠️ 關聯股 MBE 更新失敗，跳過：抓取 MBE 失敗，重試 3 次後仍失敗（含嘗試 .TWO 後綴）：MBE 沒有抓到任何資料；請確認代號是否正確（尤其台股需要 .TW / .TWO 後綴）
[2026-09-09 00:04:29] ⚠️ 關聯股 FAU 更新失敗，跳過：抓取 FAU 失敗，重試 3 次後仍失敗（含嘗試 .TWO 後綴）：FAU 沒有抓到任何資料；請確認代號是否正確（尤其台股需要 .TW / .TWO 後綴）
[2026-09-09 00:04:34] ⚠️ 關聯股 CPO 更新失敗，跳過：抓取 CPO 失敗，重試 3 次後仍失敗（含嘗試 .TWO 後綴）：CPO 沒有抓到任何資料；請確認代號是否正確（尤其台股需要 .TW / .TWO 後綴）
[2026-09-09 00:04:49] ⚠️ 關聯股 800G 更新失敗，跳過：抓取 800G 失敗，重試 3 次後仍失敗（含嘗試 .TWO 後綴）：800G 沒有抓到任何資料；請確認代號是否正確（尤其台股需要 .TW / .TWO 後綴）
[2026-09-09 00:04:55] ⚠️ 關聯股 IET 更新失敗，跳過：抓取 IET 失敗，重試 3 次後仍失敗（含嘗試 .TWO 後綴）：IET 沒有抓到任何資料；請確認代號是否正確（尤其台股需要 .TW / .TWO 後綴）
[2026-09-09 00:04:55] 完成：3450.TW 趨勢延續分數=9.2（方向不明/觀望，納入 12 檔關聯股；其中天數樣本最少的一檔為 239 天（樣本充足（>200，具統計意義）））
[2026-09-09 00:04:55] 處理中：編號18 - 4977.TW
[2026-09-09 00:05:00] ⚠️ 關聯股 MOCVD 更新失敗，跳過：抓取 MOCVD 失敗，重試 3 次後仍失敗（含嘗試 .TWO 後綴）：MOCVD 沒有抓到任何資料；請確認代號是否正確（尤其台股需要 .TW / .TWO 後綴）
[2026-09-09 00:05:06] ⚠️ 關聯股 MBE 更新失敗，跳過：抓取 MBE 失敗，重試 3 次後仍失敗（含嘗試 .TWO 後綴）：MBE 沒有抓到任何資料；請確認代號是否正確（尤其台股需要 .TW / .TWO 後綴）
[2026-09-09 00:05:13] ⚠️ 關聯股 FAU 更新失敗，跳過：抓取 FAU 失敗，重試 3 次後仍失敗（含嘗試 .TWO 後綴）：FAU 沒有抓到任何資料；請確認代號是否正確（尤其台股需要 .TW / .TWO 後綴）
[2026-09-09 00:05:19] ⚠️ 關聯股 CPO 更新失敗，跳過：抓取 CPO 失敗，重試 3 次後仍失敗（含嘗試 .TWO 後綴）：CPO 沒有抓到任何資料；請確認代號是否正確（尤其台股需要 .TW / .TWO 後綴）
[2026-09-09 00:05:33] ⚠️ 關聯股 800G 更新失敗，跳過：抓取 800G 失敗，重試 3 次後仍失敗（含嘗試 .TWO 後綴）：800G 沒有抓到任何資料；請確認代號是否正確（尤其台股需要 .TW / .TWO 後綴）
[2026-09-09 00:05:39] ⚠️ 關聯股 IET 更新失敗，跳過：抓取 IET 失敗，重試 3 次後仍失敗（含嘗試 .TWO 後綴）：IET 沒有抓到任何資料；請確認代號是否正確（尤其台股需要 .TW / .TWO 後綴）
[2026-09-09 00:05:39] 完成：4977.TW 趨勢延續分數=14.1（弱偏多延續，納入 12 檔關聯股；其中天數樣本最少的一檔為 238 天（樣本充足（>200，具統計意義）））
[2026-09-09 00:05:39] 處理中：編號18 - 6451.TW
[2026-09-09 00:05:44] ⚠️ 關聯股 MOCVD 更新失敗，跳過：抓取 MOCVD 失敗，重試 3 次後仍失敗（含嘗試 .TWO 後綴）：MOCVD 沒有抓到任何資料；請確認代號是否正確（尤其台股需要 .TW / .TWO 後綴）
[2026-09-09 00:05:50] ⚠️ 關聯股 MBE 更新失敗，跳過：抓取 MBE 失敗，重試 3 次後仍失敗（含嘗試 .TWO 後綴）：MBE 沒有抓到任何資料；請確認代號是否正確（尤其台股需要 .TW / .TWO 後綴）
[2026-09-09 00:05:57] ⚠️ 關聯股 FAU 更新失敗，跳過：抓取 FAU 失敗，重試 3 次後仍失敗（含嘗試 .TWO 後綴）：FAU 沒有抓到任何資料；請確認代號是否正確（尤其台股需要 .TW / .TWO 後綴）
[2026-09-09 00:06:02] ⚠️ 關聯股 CPO 更新失敗，跳過：抓取 CPO 失敗，重試 3 次後仍失敗（含嘗試 .TWO 後綴）：CPO 沒有抓到任何資料；請確認代號是否正確（尤其台股需要 .TW / .TWO 後綴）
[2026-09-09 00:06:17] ⚠️ 關聯股 800G 更新失敗，跳過：抓取 800G 失敗，重試 3 次後仍失敗（含嘗試 .TWO 後綴）：800G 沒有抓到任何資料；請確認代號是否正確（尤其台股需要 .TW / .TWO 後綴）
[2026-09-09 00:06:22] ⚠️ 關聯股 IET 更新失敗，跳過：抓取 IET 失敗，重試 3 次後仍失敗（含嘗試 .TWO 後綴）：IET 沒有抓到任何資料；請確認代號是否正確（尤其台股需要 .TW / .TWO 後綴）
[2026-09-09 00:06:23] 完成：6451.TW 趨勢延續分數=31.0（弱偏多延續，納入 12 檔關聯股；其中天數樣本最少的一檔為 242 天（樣本充足（>200，具統計意義）））
[2026-09-09 00:06:23] 處理中：編號18 - 3711.TW
[2026-09-09 00:06:28] ⚠️ 關聯股 MOCVD 更新失敗，跳過：抓取 MOCVD 失敗，重試 3 次後仍失敗（含嘗試 .TWO 後綴）：MOCVD 沒有抓到任何資料；請確認代號是否正確（尤其台股需要 .TW / .TWO 後綴）
[2026-09-09 00:06:33] ⚠️ 關聯股 MBE 更新失敗，跳過：抓取 MBE 失敗，重試 3 次後仍失敗（含嘗試 .TWO 後綴）：MBE 沒有抓到任何資料；請確認代號是否正確（尤其台股需要 .TW / .TWO 後綴）
[2026-09-09 00:06:41] ⚠️ 關聯股 FAU 更新失敗，跳過：抓取 FAU 失敗，重試 3 次後仍失敗（含嘗試 .TWO 後綴）：FAU 沒有抓到任何資料；請確認代號是否正確（尤其台股需要 .TW / .TWO 後綴）
[2026-09-09 00:06:46] ⚠️ 關聯股 CPO 更新失敗，跳過：抓取 CPO 失敗，重試 3 次後仍失敗（含嘗試 .TWO 後綴）：CPO 沒有抓到任何資料；請確認代號是否正確（尤其台股需要 .TW / .TWO 後綴）
[2026-09-09 00:07:01] ⚠️ 關聯股 800G 更新失敗，跳過：抓取 800G 失敗，重試 3 次後仍失敗（含嘗試 .TWO 後綴）：800G 沒有抓到任何資料；請確認代號是否正確（尤其台股需要 .TW / .TWO 後綴）
[2026-09-09 00:07:06] ⚠️ 關聯股 IET 更新失敗，跳過：抓取 IET 失敗，重試 3 次後仍失敗（含嘗試 .TWO 後綴）：IET 沒有抓到任何資料；請確認代號是否正確（尤其台股需要 .TW / .TWO 後綴）
[2026-09-09 00:07:07] 完成：3711.TW 趨勢延續分數=1.2（方向不明/觀望，納入 12 檔關聯股；其中天數樣本最少的一檔為 232 天（樣本充足（>200，具統計意義）））
[2026-09-09 00:07:07] 處理中：編號18 - 2330.TW
[2026-09-09 00:07:12] ⚠️ 關聯股 MOCVD 更新失敗，跳過：抓取 MOCVD 失敗，重試 3 次後仍失敗（含嘗試 .TWO 後綴）：MOCVD 沒有抓到任何資料；請確認代號是否正確（尤其台股需要 .TW / .TWO 後綴）
[2026-09-09 00:07:17] ⚠️ 關聯股 MBE 更新失敗，跳過：抓取 MBE 失敗，重試 3 次後仍失敗（含嘗試 .TWO 後綴）：MBE 沒有抓到任何資料；請確認代號是否正確（尤其台股需要 .TW / .TWO 後綴）
[2026-09-09 00:07:24] ⚠️ 關聯股 FAU 更新失敗，跳過：抓取 FAU 失敗，重試 3 次後仍失敗（含嘗試 .TWO 後綴）：FAU 沒有抓到任何資料；請確認代號是否正確（尤其台股需要 .TW / .TWO 後綴）
[2026-09-09 00:07:30] ⚠️ 關聯股 CPO 更新失敗，跳過：抓取 CPO 失敗，重試 3 次後仍失敗（含嘗試 .TWO 後綴）：CPO 沒有抓到任何資料；請確認代號是否正確（尤其台股需要 .TW / .TWO 後綴）
[2026-09-09 00:07:44] ⚠️ 關聯股 800G 更新失敗，跳過：抓取 800G 失敗，重試 3 次後仍失敗（含嘗試 .TWO 後綴）：800G 沒有抓到任何資料；請確認代號是否正確（尤其台股需要 .TW / .TWO 後綴）
[2026-09-09 00:07:50] ⚠️ 關聯股 IET 更新失敗，跳過：抓取 IET 失敗，重試 3 次後仍失敗（含嘗試 .TWO 後綴）：IET 沒有抓到任何資料；請確認代號是否正確（尤其台股需要 .TW / .TWO 後綴）
[2026-09-09 00:07:51] 完成：2330.TW 趨勢延續分數=-7.3（方向不明/觀望，納入 12 檔關聯股；其中天數樣本最少的一檔為 228 天（樣本充足（>200，具統計意義）））
[2026-09-09 00:07:51] 處理中：編號19 - 3008.TW
[2026-09-09 00:07:55] 完成：3008.TW 趨勢延續分數=-100.0（強烈偏空延續，納入 4 檔關聯股；其中天數樣本最少的一檔為 237 天（樣本充足（>200，具統計意義）））
[2026-09-09 00:07:55] 處理中：編號19 - 3362.TW
[2026-09-09 00:08:03] 完成：3362.TW 趨勢延續分數=-100.0（強烈偏空延續，納入 4 檔關聯股；其中天數樣本最少的一檔為 236 天（樣本充足（>200，具統計意義）））
[2026-09-09 00:08:03] 處理中：編號19 - 3406.TW
[2026-09-09 00:08:07] 完成：3406.TW 趨勢延續分數=-100.0（強烈偏空延續，納入 4 檔關聯股；其中天數樣本最少的一檔為 241 天（樣本充足（>200，具統計意義）））
[2026-09-09 00:08:07] 處理中：編號21 - 4585.TW
[2026-09-09 00:08:16] ⚠️ 關聯股 ABB 更新失敗，跳過：抓取 ABB 失敗，重試 3 次後仍失敗（含嘗試 .TWO 後綴）：ABB 沒有抓到任何資料；請確認代號是否正確（尤其台股需要 .TW / .TWO 後綴）
[2026-09-09 00:08:22] 完成：4585.TW 趨勢延續分數=-58.4（中度偏空延續，納入 9 檔關聯股；其中天數樣本最少的一檔為 235 天（樣本充足（>200，具統計意義）））
[2026-09-09 00:08:22] 處理中：編號22 - 6415.TW
[2026-09-09 00:08:35] ⚠️ 關聯股 800G 更新失敗，跳過：抓取 800G 失敗，重試 3 次後仍失敗（含嘗試 .TWO 後綴）：800G 沒有抓到任何資料；請確認代號是否正確（尤其台股需要 .TW / .TWO 後綴）
[2026-09-09 00:08:40] ⚠️ 關聯股 1.6T 更新失敗，跳過：抓取 1.6T 失敗，重試 3 次後仍失敗（含嘗試 .TWO 後綴）：1.6T 沒有抓到任何資料；請確認代號是否正確（尤其台股需要 .TW / .TWO 後綴）
[2026-09-09 00:08:45] 完成：6415.TW 趨勢延續分數=24.9（弱偏多延續，納入 12 檔關聯股；其中天數樣本最少的一檔為 240 天（樣本充足（>200，具統計意義）））
[2026-09-09 00:08:45] 處理中：編號22 - 6526.TW
[2026-09-09 00:08:57] ⚠️ 關聯股 800G 更新失敗，跳過：抓取 800G 失敗，重試 3 次後仍失敗（含嘗試 .TWO 後綴）：800G 沒有抓到任何資料；請確認代號是否正確（尤其台股需要 .TW / .TWO 後綴）
[2026-09-09 00:09:02] ⚠️ 關聯股 1.6T 更新失敗，跳過：抓取 1.6T 失敗，重試 3 次後仍失敗（含嘗試 .TWO 後綴）：1.6T 沒有抓到任何資料；請確認代號是否正確（尤其台股需要 .TW / .TWO 後綴）
[2026-09-09 00:09:07] 完成：6526.TW 趨勢延續分數=4.7（方向不明/觀望，納入 12 檔關聯股；其中天數樣本最少的一檔為 239 天（樣本充足（>200，具統計意義）））
[2026-09-09 00:09:07] 處理中：編號23 - 3231.TW
[2026-09-09 00:09:17] 完成：3231.TW 趨勢延續分數=70.6（強烈偏多延續，納入 6 檔關聯股；其中天數樣本最少的一檔為 99 天（樣本偏少（30–100，可謹慎推論方向）））
[2026-09-09 00:09:17] 處理中：編號24 - 2615.TW
[2026-09-09 00:09:23] ⚠️ 關聯股 SCFI 更新失敗，跳過：抓取 SCFI 失敗，重試 3 次後仍失敗（含嘗試 .TWO 後綴）：SCFI 沒有抓到任何資料；請確認代號是否正確（尤其台股需要 .TW / .TWO 後綴）
[2026-09-09 00:09:26] 完成：2615.TW 趨勢延續分數=-64.8（中度偏空延續，納入 3 檔關聯股；其中天數樣本最少的一檔為 233 天（樣本充足（>200，具統計意義）））
[2026-09-09 00:09:26] 處理中：編號25 - 8039.TW
[2026-09-09 00:09:29] 完成：8039.TW 趨勢延續分數=-64.0（中度偏空延續，納入 3 檔關聯股；其中天數樣本最少的一檔為 250 天（樣本充足（>200，具統計意義）））
[2026-09-09 00:09:29] 處理中：編號26 - 2301.TW
[2026-09-09 00:09:34] ⚠️ 關聯股 DELTA 更新失敗，跳過：抓取 DELTA 失敗，重試 3 次後仍失敗（含嘗試 .TWO 後綴）：DELTA 沒有抓到任何資料；請確認代號是否正確（尤其台股需要 .TW / .TWO 後綴）
[2026-09-09 00:09:36] 完成：2301.TW 趨勢延續分數=-100.0（強烈偏空延續，納入 2 檔關聯股；其中天數樣本最少的一檔為 219 天（樣本充足（>200，具統計意義）））
[2026-09-09 00:09:36] 處理中：編號27 - 2464.TW
[2026-09-09 00:09:45] 完成：2464.TW 趨勢延續分數=-41.5（中度偏空延續，納入 4 檔關聯股；其中天數樣本最少的一檔為 247 天（樣本充足（>200，具統計意義）））
[2026-09-09 00:09:45] 處理中：編號28 - 2059.TW
[2026-09-09 00:09:50] ⚠️ 關聯股 ACW 更新失敗，跳過：抓取 ACW 失敗，重試 3 次後仍失敗（含嘗試 .TWO 後綴）：ACW 沒有抓到任何資料；請確認代號是否正確（尤其台股需要 .TW / .TWO 後綴）
[2026-09-09 00:09:53] 完成：2059.TW 趨勢延續分數=-100.0（強烈偏空延續，納入 2 檔關聯股；其中天數樣本最少的一檔為 244 天（樣本充足（>200，具統計意義）））
[2026-09-09 00:09:53] 處理中：編號29 - 6214.TW
[2026-09-09 00:09:57] 完成：6214.TW 趨勢延續分數=34.9（弱偏多延續，納入 4 檔關聯股；其中天數樣本最少的一檔為 214 天（樣本充足（>200，具統計意義）））
[2026-09-09 00:09:57] 處理中：編號30 - 2395.TW
[2026-09-09 00:10:02] ⚠️ 關聯股 ADLINK 更新失敗，跳過：抓取 ADLINK 失敗，重試 3 次後仍失敗（含嘗試 .TWO 後綴）：ADLINK 沒有抓到任何資料；請確認代號是否正確（尤其台股需要 .TW / .TWO 後綴）
[2026-09-09 00:10:06] 完成：2395.TW 趨勢延續分數=-51.7（中度偏空延續，納入 3 檔關聯股；其中天數樣本最少的一檔為 243 天（樣本充足（>200，具統計意義）））
[2026-09-09 00:10:06] 處理中：編號31 - 2474.TW
[2026-09-09 00:10:11] 完成：2474.TW 趨勢延續分數=-100.0（強烈偏空延續，納入 6 檔關聯股；其中天數樣本最少的一檔為 225 天（樣本充足（>200，具統計意義）））
[2026-09-09 00:10:11] 處理中：編號32 - 8103.TW
[2026-09-09 00:10:16] 完成：8103.TW 趨勢延續分數=-59.4（中度偏空延續，納入 5 檔關聯股；其中天數樣本最少的一檔為 242 天（樣本充足（>200，具統計意義）））
[2026-09-09 00:10:16] 處理中：編號33 - 6531.TW
[2026-09-09 00:10:25] ⚠️ 關聯股 HPC 更新失敗，跳過：抓取 HPC 失敗，重試 3 次後仍失敗（含嘗試 .TWO 後綴）：HPC 沒有抓到任何資料；請確認代號是否正確（尤其台股需要 .TW / .TWO 後綴）
[2026-09-09 00:10:32] ⚠️ 關聯股 DTC 更新失敗，跳過：抓取 DTC 失敗，重試 3 次後仍失敗（含嘗試 .TWO 後綴）：DTC 沒有抓到任何資料；請確認代號是否正確（尤其台股需要 .TW / .TWO 後綴）
[2026-09-09 00:10:37] ⚠️ 關聯股 PDK 更新失敗，跳過：抓取 PDK 失敗，重試 3 次後仍失敗（含嘗試 .TWO 後綴）：PDK 沒有抓到任何資料；請確認代號是否正確（尤其台股需要 .TW / .TWO 後綴）
[2026-09-09 00:10:38] 完成：6531.TW 趨勢延續分數=-75.1（強烈偏空延續，納入 5 檔關聯股；其中天數樣本最少的一檔為 102 天（樣本尚可（100–200，具參考意義）））
[2026-09-09 00:10:38] 處理中：編號33 - 6770.TW
[2026-09-09 00:10:47] ⚠️ 關聯股 HPC 更新失敗，跳過：抓取 HPC 失敗，重試 3 次後仍失敗（含嘗試 .TWO 後綴）：HPC 沒有抓到任何資料；請確認代號是否正確（尤其台股需要 .TW / .TWO 後綴）
[2026-09-09 00:10:53] ⚠️ 關聯股 DTC 更新失敗，跳過：抓取 DTC 失敗，重試 3 次後仍失敗（含嘗試 .TWO 後綴）：DTC 沒有抓到任何資料；請確認代號是否正確（尤其台股需要 .TW / .TWO 後綴）
[2026-09-09 00:10:58] ⚠️ 關聯股 PDK 更新失敗，跳過：抓取 PDK 失敗，重試 3 次後仍失敗（含嘗試 .TWO 後綴）：PDK 沒有抓到任何資料；請確認代號是否正確（尤其台股需要 .TW / .TWO 後綴）
[2026-09-09 00:10:59] 完成：6770.TW 趨勢延續分數=-92.3（強烈偏空延續，納入 5 檔關聯股；其中天數樣本最少的一檔為 102 天（樣本尚可（100–200，具參考意義）））
[2026-09-09 00:10:59] 處理中：編號33 - 2303.TW
[2026-09-09 00:11:08] ⚠️ 關聯股 HPC 更新失敗，跳過：抓取 HPC 失敗，重試 3 次後仍失敗（含嘗試 .TWO 後綴）：HPC 沒有抓到任何資料；請確認代號是否正確（尤其台股需要 .TW / .TWO 後綴）
[2026-09-09 00:11:14] ⚠️ 關聯股 DTC 更新失敗，跳過：抓取 DTC 失敗，重試 3 次後仍失敗（含嘗試 .TWO 後綴）：DTC 沒有抓到任何資料；請確認代號是否正確（尤其台股需要 .TW / .TWO 後綴）
[2026-09-09 00:11:20] ⚠️ 關聯股 PDK 更新失敗，跳過：抓取 PDK 失敗，重試 3 次後仍失敗（含嘗試 .TWO 後綴）：PDK 沒有抓到任何資料；請確認代號是否正確（尤其台股需要 .TW / .TWO 後綴）
[2026-09-09 00:11:21] 完成：2303.TW 趨勢延續分數=-78.1（強烈偏空延續，納入 5 檔關聯股；其中天數樣本最少的一檔為 100 天（樣本尚可（100–200，具參考意義）））
[2026-09-09 00:11:21] 處理中：編號34 - 2421.TW
[2026-09-09 00:11:26] 完成：2421.TW 趨勢延續分數=-43.1（中度偏空延續，納入 6 檔關聯股；其中天數樣本最少的一檔為 242 天（樣本充足（>200，具統計意義）））
[2026-09-09 00:11:26] 處理中：編號34 - 4931.TW
[2026-09-09 00:11:37] 完成：4931.TW 趨勢延續分數=-21.7（弱偏空延續，納入 6 檔關聯股；其中天數樣本最少的一檔為 245 天（樣本充足（>200，具統計意義）））
[2026-09-09 00:11:37] 處理中：編號35 - 6830.TW
[2026-09-09 00:11:40] 完成：6830.TW 趨勢延續分數=-62.7（中度偏空延續，納入 3 檔關聯股；其中天數樣本最少的一檔為 239 天（樣本充足（>200，具統計意義）））
[2026-09-09 00:11:40] 處理中：編號36 - 7711.TW
[2026-09-09 00:11:46] 完成：7711.TW 趨勢延續分數=-40.2（中度偏空延續，納入 6 檔關聯股；其中天數樣本最少的一檔為 178 天（樣本尚可（100–200，具參考意義）））
[2026-09-09 00:11:46] 處理中：編號37 - 3234.TW
[2026-09-09 00:11:57] ⚠️ 關聯股 800G 更新失敗，跳過：抓取 800G 失敗，重試 3 次後仍失敗（含嘗試 .TWO 後綴）：800G 沒有抓到任何資料；請確認代號是否正確（尤其台股需要 .TW / .TWO 後綴）
[2026-09-09 00:12:10] 完成：3234.TW 趨勢延續分數=5.8（方向不明/觀望，納入 5 檔關聯股；其中天數樣本最少的一檔為 249 天（樣本充足（>200，具統計意義）））
[2026-09-09 00:12:10] 處理中：編號38 - 6291.TW
[2026-09-09 00:12:33] 完成：6291.TW 趨勢延續分數=60.2（中度偏多延續，納入 5 檔關聯股；其中天數樣本最少的一檔為 253 天（樣本充足（>200，具統計意義）））
[2026-09-09 00:12:33] 處理中：編號39 - 4908.TW
[2026-09-09 00:12:40] 完成：4908.TW 趨勢延續分數=-100.0（強烈偏空延續，納入 2 檔關聯股；其中天數樣本最少的一檔為 250 天（樣本充足（>200，具統計意義）））
[2026-09-09 00:12:40] 每日摘要已存到 /home/runner/work/brian670126/brian670126/reports/summary_2026-09-08.csv
[2026-09-09 00:12:40] 本次執行完畢

[2026-09-09 08:42:52 台灣時間] 開始執行每日分析，共 97 檔目標股
[2026-09-09 08:42:52 台灣時間] 處理中：編號1 - 3661.TW
[2026-09-09 08:43:34 台灣時間] 完成：3661.TW 趨勢延續分數=37.9（弱偏多延續，納入 17 檔關聯股；其中天數樣本最少的一檔為 245 天（樣本充足（>200，具統計意義）））
[2026-09-09 08:43:34 台灣時間] 處理中：編號1 - 3443.TW
[2026-09-09 08:44:10 台灣時間] 完成：3443.TW 趨勢延續分數=39.9（弱偏多延續，納入 17 檔關聯股；其中天數樣本最少的一檔為 240 天（樣本充足（>200，具統計意義）））
[2026-09-09 08:44:10 台灣時間] 處理中：編號1 - 3035.TW
[2026-09-09 08:44:46 台灣時間] 完成：3035.TW 趨勢延續分數=28.6（弱偏多延續，納入 17 檔關聯股；其中天數樣本最少的一檔為 237 天（樣本充足（>200，具統計意義）））
[2026-09-09 08:44:46 台灣時間] 處理中：編號1 - 8227.TW
[2026-09-09 08:45:26 台灣時間] 完成：8227.TW 趨勢延續分數=39.0（弱偏多延續，納入 17 檔關聯股；其中天數樣本最少的一檔為 238 天（樣本充足（>200，具統計意義）））
[2026-09-09 08:45:26 台灣時間] 處理中：編號1 - 7707.TW
[2026-09-09 08:46:07 台灣時間] 完成：7707.TW 趨勢延續分數=42.6（中度偏多延續，納入 17 檔關聯股；其中天數樣本最少的一檔為 235 天（樣本充足（>200，具統計意義）））
[2026-09-09 08:46:07 台灣時間] 處理中：編號1 - 7796.TW
[2026-09-09 08:46:47 台灣時間] 完成：7796.TW 趨勢延續分數=38.9（弱偏多延續，納入 17 檔關聯股；其中天數樣本最少的一檔為 234 天（樣本充足（>200，具統計意義）））
[2026-09-09 08:46:47 台灣時間] 處理中：編號1 - 2454.TW
[2026-09-09 08:47:23 台灣時間] 完成：2454.TW 趨勢延續分數=25.6（弱偏多延續，納入 17 檔關聯股；其中天數樣本最少的一檔為 230 天（樣本充足（>200，具統計意義）））
[2026-09-09 08:47:23 台灣時間] 處理中：編號1 - 2379.TW
[2026-09-09 08:47:59 台灣時間] 完成：2379.TW 趨勢延續分數=24.1（弱偏多延續，納入 17 檔關聯股；其中天數樣本最少的一檔為 235 天（樣本充足（>200，具統計意義）））
[2026-09-09 08:47:59 台灣時間] 處理中：編號1 - 3034.TW
[2026-09-09 08:48:35 台灣時間] 完成：3034.TW 趨勢延續分數=28.2（弱偏多延續，納入 17 檔關聯股；其中天數樣本最少的一檔為 241 天（樣本充足（>200，具統計意義）））
[2026-09-09 08:48:35 台灣時間] 處理中：編號1 - 8054.TW
[2026-09-09 08:49:16 台灣時間] 完成：8054.TW 趨勢延續分數=33.1（弱偏多延續，納入 17 檔關聯股；其中天數樣本最少的一檔為 236 天（樣本充足（>200，具統計意義）））
[2026-09-09 08:49:16 台灣時間] 處理中：編號1 - 6695.TW
[2026-09-09 08:49:51 台灣時間] 完成：6695.TW 趨勢延續分數=21.7（弱偏多延續，納入 17 檔關聯股；其中天數樣本最少的一檔為 244 天（樣本充足（>200，具統計意義）））
[2026-09-09 08:49:51 台灣時間] 處理中：編號1 - 2388.TW
[2026-09-09 08:50:27 台灣時間] 完成：2388.TW 趨勢延續分數=29.1（弱偏多延續，納入 17 檔關聯股；其中天數樣本最少的一檔為 242 天（樣本充足（>200，具統計意義）））
[2026-09-09 08:50:27 台灣時間] 處理中：編號1 - 2363.TW
[2026-09-09 08:51:03 台灣時間] 完成：2363.TW 趨勢延續分數=27.4（弱偏多延續，納入 17 檔關聯股；其中天數樣本最少的一檔為 244 天（樣本充足（>200，具統計意義）））
[2026-09-09 08:51:03 台灣時間] 處理中：編號1 - 3041.TW
[2026-09-09 08:51:39 台灣時間] 完成：3041.TW 趨勢延續分數=34.8（弱偏多延續，納入 17 檔關聯股；其中天數樣本最少的一檔為 237 天（樣本充足（>200，具統計意義）））
[2026-09-09 08:51:39 台灣時間] 處理中：編號3 - 8299.TW
[2026-09-09 08:51:58 台灣時間] 完成：8299.TW 趨勢延續分數=-34.7（弱偏空延續，納入 8 檔關聯股；其中天數樣本最少的一檔為 237 天（樣本充足（>200，具統計意義）））
[2026-09-09 08:51:58 台灣時間] 處理中：編號4 - 2337.TW
[2026-09-09 08:52:02 台灣時間] 完成：2337.TW 趨勢延續分數=36.1（弱偏多延續，納入 3 檔關聯股；其中天數樣本最少的一檔為 251 天（樣本充足（>200，具統計意義）））
[2026-09-09 08:52:02 台灣時間] 處理中：編號4 - 2344.TW
[2026-09-09 08:52:06 台灣時間] 完成：2344.TW 趨勢延續分數=38.6（弱偏多延續，納入 3 檔關聯股；其中天數樣本最少的一檔為 253 天（樣本充足（>200，具統計意義）））
[2026-09-09 08:52:06 台灣時間] 處理中：編號5 - 6239.TW
[2026-09-09 08:52:17 台灣時間] ⚠️ 關聯股 JCET 更新失敗，跳過：抓取 JCET 失敗，重試 3 次後仍失敗（含嘗試 .TWO 後綴）：JCET 沒有抓到任何資料；請確認代號是否正確（尤其台股需要 .TW / .TWO 後綴）
[2026-09-09 08:52:27 台灣時間] 完成：6239.TW 趨勢延續分數=-10.2（弱偏空延續，納入 10 檔關聯股；其中天數樣本最少的一檔為 101 天（樣本尚可（100–200，具參考意義）））
[2026-09-09 08:52:27 台灣時間] 處理中：編號5 - 2329.TW
[2026-09-09 08:52:38 台灣時間] ⚠️ 關聯股 JCET 更新失敗，跳過：抓取 JCET 失敗，重試 3 次後仍失敗（含嘗試 .TWO 後綴）：JCET 沒有抓到任何資料；請確認代號是否正確（尤其台股需要 .TW / .TWO 後綴）
[2026-09-09 08:52:47 台灣時間] 完成：2329.TW 趨勢延續分數=-5.5（方向不明/觀望，納入 10 檔關聯股；其中天數樣本最少的一檔為 103 天（樣本尚可（100–200，具參考意義）））
[2026-09-09 08:52:47 台灣時間] 處理中：編號5 - 8110.TW
[2026-09-09 08:52:59 台灣時間] ⚠️ 關聯股 JCET 更新失敗，跳過：抓取 JCET 失敗，重試 3 次後仍失敗（含嘗試 .TWO 後綴）：JCET 沒有抓到任何資料；請確認代號是否正確（尤其台股需要 .TW / .TWO 後綴）
[2026-09-09 08:53:08 台灣時間] 完成：8110.TW 趨勢延續分數=-8.8（方向不明/觀望，納入 10 檔關聯股；其中天數樣本最少的一檔為 101 天（樣本尚可（100–200，具參考意義）））
[2026-09-09 08:53:08 台灣時間] 處理中：編號5 - 8150.TW
[2026-09-09 08:53:19 台灣時間] ⚠️ 關聯股 JCET 更新失敗，跳過：抓取 JCET 失敗，重試 3 次後仍失敗（含嘗試 .TWO 後綴）：JCET 沒有抓到任何資料；請確認代號是否正確（尤其台股需要 .TW / .TWO 後綴）
[2026-09-09 08:53:29 台灣時間] 完成：8150.TW 趨勢延續分數=-10.4（弱偏空延續，納入 10 檔關聯股；其中天數樣本最少的一檔為 104 天（樣本尚可（100–200，具參考意義）））
[2026-09-09 08:53:29 台灣時間] 處理中：編號6 - 6147.TW
[2026-09-09 08:53:43 台灣時間] 完成：6147.TW 趨勢延續分數=-10.8（弱偏空延續，納入 8 檔關聯股；其中天數樣本最少的一檔為 240 天（樣本充足（>200，具統計意義）））
[2026-09-09 08:53:43 台灣時間] 處理中：編號7 - 2449.TW
[2026-09-09 08:54:02 台灣時間] 完成：2449.TW 趨勢延續分數=58.9（中度偏多延續，納入 9 檔關聯股；其中天數樣本最少的一檔為 249 天（樣本充足（>200，具統計意義）））
[2026-09-09 08:54:02 台灣時間] 處理中：編號7 - 6257.TW
[2026-09-09 08:54:20 台灣時間] 完成：6257.TW 趨勢延續分數=56.0（中度偏多延續，納入 9 檔關聯股；其中天數樣本最少的一檔為 247 天（樣本充足（>200，具統計意義）））
[2026-09-09 08:54:20 台灣時間] 處理中：編號7 - 3264.TW
[2026-09-09 08:54:44 台灣時間] 完成：3264.TW 趨勢延續分數=51.6（中度偏多延續，納入 9 檔關聯股；其中天數樣本最少的一檔為 253 天（樣本充足（>200，具統計意義）））
[2026-09-09 08:54:44 台灣時間] 處理中：編號8 - 6223.TW
[2026-09-09 08:55:10 台灣時間] 完成：6223.TW 趨勢延續分數=1.8（方向不明/觀望，納入 10 檔關聯股；其中天數樣本最少的一檔為 239 天（樣本充足（>200，具統計意義）））
[2026-09-09 08:55:10 台灣時間] 處理中：編號8 - 6510.TW
[2026-09-09 08:55:34 台灣時間] 完成：6510.TW 趨勢延續分數=1.8（方向不明/觀望，納入 10 檔關聯股；其中天數樣本最少的一檔為 237 天（樣本充足（>200，具統計意義）））
[2026-09-09 08:55:34 台灣時間] 處理中：編號8 - 6515.TW
[2026-09-09 08:55:53 台灣時間] 完成：6515.TW 趨勢延續分數=22.9（弱偏多延續，納入 10 檔關聯股；其中天數樣本最少的一檔為 241 天（樣本充足（>200，具統計意義）））
[2026-09-09 08:55:53 台灣時間] 處理中：編號9 - 6488.TW
[2026-09-09 08:56:09 台灣時間] 完成：6488.TW 趨勢延續分數=-20.6（弱偏空延續，納入 9 檔關聯股；其中天數樣本最少的一檔為 239 天（樣本充足（>200，具統計意義）））
[2026-09-09 08:56:09 台灣時間] 處理中：編號9 - 5483.TW
[2026-09-09 08:56:23 台灣時間] 完成：5483.TW 趨勢延續分數=-16.4（弱偏空延續，納入 9 檔關聯股；其中天數樣本最少的一檔為 232 天（樣本充足（>200，具統計意義）））
[2026-09-09 08:56:23 台灣時間] 處理中：編號10 - 3037.TW
[2026-09-09 08:56:31 台灣時間] 完成：3037.TW 趨勢延續分數=-12.2（弱偏空延續，納入 7 檔關聯股；其中天數樣本最少的一檔為 238 天（樣本充足（>200，具統計意義）））
[2026-09-09 08:56:31 台灣時間] 處理中：編號10 - 8046.TW
[2026-09-09 08:56:39 台灣時間] 完成：8046.TW 趨勢延續分數=-3.6（方向不明/觀望，納入 7 檔關聯股；其中天數樣本最少的一檔為 240 天（樣本充足（>200，具統計意義）））
[2026-09-09 08:56:39 台灣時間] 處理中：編號10 - 3189.TW
[2026-09-09 08:56:47 台灣時間] 完成：3189.TW 趨勢延續分數=-15.5（弱偏空延續，納入 7 檔關聯股；其中天數樣本最少的一檔為 234 天（樣本充足（>200，具統計意義）））
[2026-09-09 08:56:47 台灣時間] 處理中：編號11 - 1815.TW
[2026-09-09 08:57:08 台灣時間] 完成：1815.TW 趨勢延續分數=-7.5（方向不明/觀望，納入 5 檔關聯股；其中天數樣本最少的一檔為 243 天（樣本充足（>200，具統計意義）））
[2026-09-09 08:57:08 台灣時間] 處理中：編號11 - 1802.TW
[2026-09-09 08:57:22 台灣時間] 完成：1802.TW 趨勢延續分數=-16.4（弱偏空延續，納入 5 檔關聯股；其中天數樣本最少的一檔為 242 天（樣本充足（>200，具統計意義）））
[2026-09-09 08:57:22 台灣時間] 處理中：編號11 - 5475.TW
[2026-09-09 08:57:42 台灣時間] 完成：5475.TW 趨勢延續分數=-1.2（方向不明/觀望，納入 5 檔關聯股；其中天數樣本最少的一檔為 242 天（樣本充足（>200，具統計意義）））
[2026-09-09 08:57:42 台灣時間] 處理中：編號11 - 1446.TW
[2026-09-09 08:57:57 台灣時間] 完成：1446.TW 趨勢延續分數=-40.0（弱偏空延續，納入 5 檔關聯股；其中天數樣本最少的一檔為 219 天（樣本充足（>200，具統計意義）））
[2026-09-09 08:57:57 台灣時間] 處理中：編號12 - 8358.TW
[2026-09-09 08:58:13 台灣時間] 完成：8358.TW 趨勢延續分數=-36.5（弱偏空延續，納入 6 檔關聯股；其中天數樣本最少的一檔為 243 天（樣本充足（>200，具統計意義）））
[2026-09-09 08:58:13 台灣時間] 處理中：編號12 - 1303.TW
[2026-09-09 08:58:24 台灣時間] 完成：1303.TW 趨勢延續分數=-21.5（弱偏空延續，納入 6 檔關聯股；其中天數樣本最少的一檔為 238 天（樣本充足（>200，具統計意義）））
[2026-09-09 08:58:24 台灣時間] 處理中：編號12 - 4989.TW
[2026-09-09 08:58:35 台灣時間] 完成：4989.TW 趨勢延續分數=-43.3（中度偏空延續，納入 6 檔關聯股；其中天數樣本最少的一檔為 239 天（樣本充足（>200，具統計意義）））
[2026-09-09 08:58:35 台灣時間] 處理中：編號13 - 2383.TW
[2026-09-09 08:58:40 台灣時間] ⚠️ 關聯股 HVLP 更新失敗，跳過：抓取 HVLP 失敗，重試 3 次後仍失敗（含嘗試 .TWO 後綴）：HVLP 沒有抓到任何資料；請確認代號是否正確（尤其台股需要 .TW / .TWO 後綴）
[2026-09-09 08:58:57 台灣時間] 完成：2383.TW 趨勢延續分數=16.4（弱偏多延續，納入 6 檔關聯股；其中天數樣本最少的一檔為 251 天（樣本充足（>200，具統計意義）））
[2026-09-09 08:58:57 台灣時間] 處理中：編號13 - 6274.TW
[2026-09-09 08:59:06 台灣時間] ⚠️ 關聯股 HVLP 更新失敗，跳過：抓取 HVLP 失敗，重試 3 次後仍失敗（含嘗試 .TWO 後綴）：HVLP 沒有抓到任何資料；請確認代號是否正確（尤其台股需要 .TW / .TWO 後綴）
[2026-09-09 08:59:22 台灣時間] 完成：6274.TW 趨勢延續分數=27.4（弱偏多延續，納入 6 檔關聯股；其中天數樣本最少的一檔為 252 天（樣本充足（>200，具統計意義）））
[2026-09-09 08:59:22 台灣時間] 處理中：編號13 - 6213.TW
[2026-09-09 08:59:27 台灣時間] ⚠️ 關聯股 HVLP 更新失敗，跳過：抓取 HVLP 失敗，重試 3 次後仍失敗（含嘗試 .TWO 後綴）：HVLP 沒有抓到任何資料；請確認代號是否正確（尤其台股需要 .TW / .TWO 後綴）
[2026-09-09 08:59:43 台灣時間] 完成：6213.TW 趨勢延續分數=51.9（中度偏多延續，納入 6 檔關聯股；其中天數樣本最少的一檔為 253 天（樣本充足（>200，具統計意義）））
[2026-09-09 08:59:43 台灣時間] 處理中：編號14 - 2368.TW
[2026-09-09 08:59:57 台灣時間] 完成：2368.TW 趨勢延續分數=-28.2（弱偏空延續，納入 9 檔關聯股；其中天數樣本最少的一檔為 242 天（樣本充足（>200，具統計意義）））
[2026-09-09 08:59:57 台灣時間] 處理中：編號14 - 3044.TW
[2026-09-09 09:00:11 台灣時間] 完成：3044.TW 趨勢延續分數=-18.5（弱偏空延續，納入 9 檔關聯股；其中天數樣本最少的一檔為 242 天（樣本充足（>200，具統計意義）））
[2026-09-09 09:00:11 台灣時間] 處理中：編號14 - 2313.TW
[2026-09-09 09:00:25 台灣時間] 完成：2313.TW 趨勢延續分數=-53.8（中度偏空延續，納入 9 檔關聯股；其中天數樣本最少的一檔為 245 天（樣本充足（>200，具統計意義）））
[2026-09-09 09:00:25 台灣時間] 處理中：編號15 - 2327.TW
[2026-09-09 09:00:39 台灣時間] ⚠️ 關聯股 SEMCO 更新失敗，跳過：抓取 SEMCO 失敗，重試 3 次後仍失敗（含嘗試 .TWO 後綴）：SEMCO 沒有抓到任何資料；請確認代號是否正確（尤其台股需要 .TW / .TWO 後綴）
[2026-09-09 09:00:46 台灣時間] ⚠️ 關聯股 TDK 更新失敗，跳過：抓取 TDK 失敗，重試 3 次後仍失敗（含嘗試 .TWO 後綴）：TDK 沒有抓到任何資料；請確認代號是否正確（尤其台股需要 .TW / .TWO 後綴）
[2026-09-09 09:00:51 台灣時間] 完成：2327.TW 趨勢延續分數=-87.5（強烈偏空延續，納入 8 檔關聯股；其中天數樣本最少的一檔為 226 天（樣本充足（>200，具統計意義）））
[2026-09-09 09:00:51 台灣時間] 處理中：編號15 - 2492.TW
[2026-09-09 09:01:04 台灣時間] ⚠️ 關聯股 SEMCO 更新失敗，跳過：抓取 SEMCO 失敗，重試 3 次後仍失敗（含嘗試 .TWO 後綴）：SEMCO 沒有抓到任何資料；請確認代號是否正確（尤其台股需要 .TW / .TWO 後綴）
[2026-09-09 09:01:11 台灣時間] ⚠️ 關聯股 TDK 更新失敗，跳過：抓取 TDK 失敗，重試 3 次後仍失敗（含嘗試 .TWO 後綴）：TDK 沒有抓到任何資料；請確認代號是否正確（尤其台股需要 .TW / .TWO 後綴）
[2026-09-09 09:01:16 台灣時間] 完成：2492.TW 趨勢延續分數=-88.8（強烈偏空延續，納入 8 檔關聯股；其中天數樣本最少的一檔為 229 天（樣本充足（>200，具統計意義）））
[2026-09-09 09:01:16 台灣時間] 處理中：編號15 - 6173.TW
[2026-09-09 09:01:34 台灣時間] ⚠️ 關聯股 SEMCO 更新失敗，跳過：抓取 SEMCO 失敗，重試 3 次後仍失敗（含嘗試 .TWO 後綴）：SEMCO 沒有抓到任何資料；請確認代號是否正確（尤其台股需要 .TW / .TWO 後綴）
[2026-09-09 09:01:41 台灣時間] ⚠️ 關聯股 TDK 更新失敗，跳過：抓取 TDK 失敗，重試 3 次後仍失敗（含嘗試 .TWO 後綴）：TDK 沒有抓到任何資料；請確認代號是否正確（尤其台股需要 .TW / .TWO 後綴）
[2026-09-09 09:01:45 台灣時間] 完成：6173.TW 趨勢延續分數=-85.3（強烈偏空延續，納入 8 檔關聯股；其中天數樣本最少的一檔為 236 天（樣本充足（>200，具統計意義）））
[2026-09-09 09:01:45 台灣時間] 處理中：編號16 - 2382.TW
[2026-09-09 09:01:57 台灣時間] 完成：2382.TW 趨勢延續分數=-19.3（弱偏空延續，納入 10 檔關聯股；其中天數樣本最少的一檔為 237 天（樣本充足（>200，具統計意義）））
[2026-09-09 09:01:57 台灣時間] 處理中：編號16 - 6669.TW
[2026-09-09 09:02:07 台灣時間] 完成：6669.TW 趨勢延續分數=-36.3（弱偏空延續，納入 10 檔關聯股；其中天數樣本最少的一檔為 244 天（樣本充足（>200，具統計意義）））
[2026-09-09 09:02:07 台灣時間] 處理中：編號16 - 2376.TW
[2026-09-09 09:02:18 台灣時間] 完成：2376.TW 趨勢延續分數=-23.1（弱偏空延續，納入 10 檔關聯股；其中天數樣本最少的一檔為 237 天（樣本充足（>200，具統計意義）））
[2026-09-09 09:02:18 台灣時間] 處理中：編號16 - 2377.TW
[2026-09-09 09:02:28 台灣時間] 完成：2377.TW 趨勢延續分數=-27.1（弱偏空延續，納入 10 檔關聯股；其中天數樣本最少的一檔為 231 天（樣本充足（>200，具統計意義）））
[2026-09-09 09:02:28 台灣時間] 處理中：編號16 - 2357.TW
[2026-09-09 09:02:39 台灣時間] 完成：2357.TW 趨勢延續分數=-27.7（弱偏空延續，納入 10 檔關聯股；其中天數樣本最少的一檔為 228 天（樣本充足（>200，具統計意義）））
[2026-09-09 09:02:39 台灣時間] 處理中：編號17 - 3324.TW
[2026-09-09 09:02:54 台灣時間] 完成：3324.TW 趨勢延續分數=-38.6（弱偏空延續，納入 9 檔關聯股；其中天數樣本最少的一檔為 229 天（樣本充足（>200，具統計意義）））
[2026-09-09 09:02:54 台灣時間] 處理中：編號17 - 3017.TW
[2026-09-09 09:03:04 台灣時間] 完成：3017.TW 趨勢延續分數=-31.6（弱偏空延續，納入 9 檔關聯股；其中天數樣本最少的一檔為 240 天（樣本充足（>200，具統計意義）））
[2026-09-09 09:03:04 台灣時間] 處理中：編號17 - 3653.TW
[2026-09-09 09:03:14 台灣時間] 完成：3653.TW 趨勢延續分數=-36.1（弱偏空延續，納入 9 檔關聯股；其中天數樣本最少的一檔為 238 天（樣本充足（>200，具統計意義）））
[2026-09-09 09:03:14 台灣時間] 處理中：編號18 - 3081.TW
[2026-09-09 09:03:24 台灣時間] ⚠️ 關聯股 MOCVD 更新失敗，跳過：抓取 MOCVD 失敗，重試 3 次後仍失敗（含嘗試 .TWO 後綴）：MOCVD 沒有抓到任何資料；請確認代號是否正確（尤其台股需要 .TW / .TWO 後綴）
[2026-09-09 09:03:30 台灣時間] ⚠️ 關聯股 MBE 更新失敗，跳過：抓取 MBE 失敗，重試 3 次後仍失敗（含嘗試 .TWO 後綴）：MBE 沒有抓到任何資料；請確認代號是否正確（尤其台股需要 .TW / .TWO 後綴）
[2026-09-09 09:03:38 台灣時間] ⚠️ 關聯股 FAU 更新失敗，跳過：抓取 FAU 失敗，重試 3 次後仍失敗（含嘗試 .TWO 後綴）：FAU 沒有抓到任何資料；請確認代號是否正確（尤其台股需要 .TW / .TWO 後綴）
[2026-09-09 09:03:44 台灣時間] ⚠️ 關聯股 CPO 更新失敗，跳過：抓取 CPO 失敗，重試 3 次後仍失敗（含嘗試 .TWO 後綴）：CPO 沒有抓到任何資料；請確認代號是否正確（尤其台股需要 .TW / .TWO 後綴）
[2026-09-09 09:04:01 台灣時間] ⚠️ 關聯股 800G 更新失敗，跳過：抓取 800G 失敗，重試 3 次後仍失敗（含嘗試 .TWO 後綴）：800G 沒有抓到任何資料；請確認代號是否正確（尤其台股需要 .TW / .TWO 後綴）
[2026-09-09 09:04:07 台灣時間] ⚠️ 關聯股 IET 更新失敗，跳過：抓取 IET 失敗，重試 3 次後仍失敗（含嘗試 .TWO 後綴）：IET 沒有抓到任何資料；請確認代號是否正確（尤其台股需要 .TW / .TWO 後綴）
[2026-09-09 09:04:08 台灣時間] 完成：3081.TW 趨勢延續分數=50.1（中度偏多延續，納入 12 檔關聯股；其中天數樣本最少的一檔為 241 天（樣本充足（>200，具統計意義）））
[2026-09-09 09:04:08 台灣時間] 處理中：編號18 - 2455.TW
[2026-09-09 09:04:12 台灣時間] ⚠️ 關聯股 MOCVD 更新失敗，跳過：抓取 MOCVD 失敗，重試 3 次後仍失敗（含嘗試 .TWO 後綴）：MOCVD 沒有抓到任何資料；請確認代號是否正確（尤其台股需要 .TW / .TWO 後綴）
[2026-09-09 09:04:18 台灣時間] ⚠️ 關聯股 MBE 更新失敗，跳過：抓取 MBE 失敗，重試 3 次後仍失敗（含嘗試 .TWO 後綴）：MBE 沒有抓到任何資料；請確認代號是否正確（尤其台股需要 .TW / .TWO 後綴）
[2026-09-09 09:04:26 台灣時間] ⚠️ 關聯股 FAU 更新失敗，跳過：抓取 FAU 失敗，重試 3 次後仍失敗（含嘗試 .TWO 後綴）：FAU 沒有抓到任何資料；請確認代號是否正確（尤其台股需要 .TW / .TWO 後綴）
[2026-09-09 09:04:32 台灣時間] ⚠️ 關聯股 CPO 更新失敗，跳過：抓取 CPO 失敗，重試 3 次後仍失敗（含嘗試 .TWO 後綴）：CPO 沒有抓到任何資料；請確認代號是否正確（尤其台股需要 .TW / .TWO 後綴）
[2026-09-09 09:04:48 台灣時間] ⚠️ 關聯股 800G 更新失敗，跳過：抓取 800G 失敗，重試 3 次後仍失敗（含嘗試 .TWO 後綴）：800G 沒有抓到任何資料；請確認代號是否正確（尤其台股需要 .TW / .TWO 後綴）
[2026-09-09 09:04:54 台灣時間] ⚠️ 關聯股 IET 更新失敗，跳過：抓取 IET 失敗，重試 3 次後仍失敗（含嘗試 .TWO 後綴）：IET 沒有抓到任何資料；請確認代號是否正確（尤其台股需要 .TW / .TWO 後綴）
[2026-09-09 09:04:55 台灣時間] 完成：2455.TW 趨勢延續分數=49.1（中度偏多延續，納入 12 檔關聯股；其中天數樣本最少的一檔為 238 天（樣本充足（>200，具統計意義）））
[2026-09-09 09:04:55 台灣時間] 處理中：編號18 - 4991.TW
[2026-09-09 09:05:04 台灣時間] ⚠️ 關聯股 MOCVD 更新失敗，跳過：抓取 MOCVD 失敗，重試 3 次後仍失敗（含嘗試 .TWO 後綴）：MOCVD 沒有抓到任何資料；請確認代號是否正確（尤其台股需要 .TW / .TWO 後綴）
[2026-09-09 09:05:10 台灣時間] ⚠️ 關聯股 MBE 更新失敗，跳過：抓取 MBE 失敗，重試 3 次後仍失敗（含嘗試 .TWO 後綴）：MBE 沒有抓到任何資料；請確認代號是否正確（尤其台股需要 .TW / .TWO 後綴）
[2026-09-09 09:05:18 台灣時間] ⚠️ 關聯股 FAU 更新失敗，跳過：抓取 FAU 失敗，重試 3 次後仍失敗（含嘗試 .TWO 後綴）：FAU 沒有抓到任何資料；請確認代號是否正確（尤其台股需要 .TW / .TWO 後綴）
[2026-09-09 09:05:24 台灣時間] ⚠️ 關聯股 CPO 更新失敗，跳過：抓取 CPO 失敗，重試 3 次後仍失敗（含嘗試 .TWO 後綴）：CPO 沒有抓到任何資料；請確認代號是否正確（尤其台股需要 .TW / .TWO 後綴）
[2026-09-09 09:05:39 台灣時間] ⚠️ 關聯股 800G 更新失敗，跳過：抓取 800G 失敗，重試 3 次後仍失敗（含嘗試 .TWO 後綴）：800G 沒有抓到任何資料；請確認代號是否正確（尤其台股需要 .TW / .TWO 後綴）
[2026-09-09 09:05:45 台灣時間] ⚠️ 關聯股 IET 更新失敗，跳過：抓取 IET 失敗，重試 3 次後仍失敗（含嘗試 .TWO 後綴）：IET 沒有抓到任何資料；請確認代號是否正確（尤其台股需要 .TW / .TWO 後綴）
[2026-09-09 09:05:46 台灣時間] 完成：4991.TW 趨勢延續分數=38.9（弱偏多延續，納入 12 檔關聯股；其中天數樣本最少的一檔為 240 天（樣本充足（>200，具統計意義）））
[2026-09-09 09:05:46 台灣時間] 處理中：編號18 - 4971.TW
[2026-09-09 09:05:56 台灣時間] ⚠️ 關聯股 MOCVD 更新失敗，跳過：抓取 MOCVD 失敗，重試 3 次後仍失敗（含嘗試 .TWO 後綴）：MOCVD 沒有抓到任何資料；請確認代號是否正確（尤其台股需要 .TW / .TWO 後綴）
[2026-09-09 09:06:02 台灣時間] ⚠️ 關聯股 MBE 更新失敗，跳過：抓取 MBE 失敗，重試 3 次後仍失敗（含嘗試 .TWO 後綴）：MBE 沒有抓到任何資料；請確認代號是否正確（尤其台股需要 .TW / .TWO 後綴）
[2026-09-09 09:06:10 台灣時間] ⚠️ 關聯股 FAU 更新失敗，跳過：抓取 FAU 失敗，重試 3 次後仍失敗（含嘗試 .TWO 後綴）：FAU 沒有抓到任何資料；請確認代號是否正確（尤其台股需要 .TW / .TWO 後綴）
[2026-09-09 09:06:16 台灣時間] ⚠️ 關聯股 CPO 更新失敗，跳過：抓取 CPO 失敗，重試 3 次後仍失敗（含嘗試 .TWO 後綴）：CPO 沒有抓到任何資料；請確認代號是否正確（尤其台股需要 .TW / .TWO 後綴）
[2026-09-09 09:06:31 台灣時間] ⚠️ 關聯股 800G 更新失敗，跳過：抓取 800G 失敗，重試 3 次後仍失敗（含嘗試 .TWO 後綴）：800G 沒有抓到任何資料；請確認代號是否正確（尤其台股需要 .TW / .TWO 後綴）
[2026-09-09 09:06:37 台灣時間] ⚠️ 關聯股 IET 更新失敗，跳過：抓取 IET 失敗，重試 3 次後仍失敗（含嘗試 .TWO 後綴）：IET 沒有抓到任何資料；請確認代號是否正確（尤其台股需要 .TW / .TWO 後綴）
[2026-09-09 09:06:38 台灣時間] 完成：4971.TW 趨勢延續分數=55.2（中度偏多延續，納入 12 檔關聯股；其中天數樣本最少的一檔為 243 天（樣本充足（>200，具統計意義）））
[2026-09-09 09:06:38 台灣時間] 處理中：編號18 - 3105.TW
[2026-09-09 09:06:48 台灣時間] ⚠️ 關聯股 MOCVD 更新失敗，跳過：抓取 MOCVD 失敗，重試 3 次後仍失敗（含嘗試 .TWO 後綴）：MOCVD 沒有抓到任何資料；請確認代號是否正確（尤其台股需要 .TW / .TWO 後綴）
[2026-09-09 09:06:54 台灣時間] ⚠️ 關聯股 MBE 更新失敗，跳過：抓取 MBE 失敗，重試 3 次後仍失敗（含嘗試 .TWO 後綴）：MBE 沒有抓到任何資料；請確認代號是否正確（尤其台股需要 .TW / .TWO 後綴）
[2026-09-09 09:07:02 台灣時間] ⚠️ 關聯股 FAU 更新失敗，跳過：抓取 FAU 失敗，重試 3 次後仍失敗（含嘗試 .TWO 後綴）：FAU 沒有抓到任何資料；請確認代號是否正確（尤其台股需要 .TW / .TWO 後綴）
[2026-09-09 09:07:08 台灣時間] ⚠️ 關聯股 CPO 更新失敗，跳過：抓取 CPO 失敗，重試 3 次後仍失敗（含嘗試 .TWO 後綴）：CPO 沒有抓到任何資料；請確認代號是否正確（尤其台股需要 .TW / .TWO 後綴）
[2026-09-09 09:07:23 台灣時間] ⚠️ 關聯股 800G 更新失敗，跳過：抓取 800G 失敗，重試 3 次後仍失敗（含嘗試 .TWO 後綴）：800G 沒有抓到任何資料；請確認代號是否正確（尤其台股需要 .TW / .TWO 後綴）
[2026-09-09 09:07:29 台灣時間] ⚠️ 關聯股 IET 更新失敗，跳過：抓取 IET 失敗，重試 3 次後仍失敗（含嘗試 .TWO 後綴）：IET 沒有抓到任何資料；請確認代號是否正確（尤其台股需要 .TW / .TWO 後綴）
[2026-09-09 09:07:30 台灣時間] 完成：3105.TW 趨勢延續分數=35.3（弱偏多延續，納入 12 檔關聯股；其中天數樣本最少的一檔為 240 天（樣本充足（>200，具統計意義）））
[2026-09-09 09:07:30 台灣時間] 處理中：編號18 - 8086.TW
[2026-09-09 09:07:40 台灣時間] ⚠️ 關聯股 MOCVD 更新失敗，跳過：抓取 MOCVD 失敗，重試 3 次後仍失敗（含嘗試 .TWO 後綴）：MOCVD 沒有抓到任何資料；請確認代號是否正確（尤其台股需要 .TW / .TWO 後綴）
[2026-09-09 09:07:46 台灣時間] ⚠️ 關聯股 MBE 更新失敗，跳過：抓取 MBE 失敗，重試 3 次後仍失敗（含嘗試 .TWO 後綴）：MBE 沒有抓到任何資料；請確認代號是否正確（尤其台股需要 .TW / .TWO 後綴）
[2026-09-09 09:07:54 台灣時間] ⚠️ 關聯股 FAU 更新失敗，跳過：抓取 FAU 失敗，重試 3 次後仍失敗（含嘗試 .TWO 後綴）：FAU 沒有抓到任何資料；請確認代號是否正確（尤其台股需要 .TW / .TWO 後綴）
[2026-09-09 09:08:00 台灣時間] ⚠️ 關聯股 CPO 更新失敗，跳過：抓取 CPO 失敗，重試 3 次後仍失敗（含嘗試 .TWO 後綴）：CPO 沒有抓到任何資料；請確認代號是否正確（尤其台股需要 .TW / .TWO 後綴）
[2026-09-09 09:08:15 台灣時間] ⚠️ 關聯股 800G 更新失敗，跳過：抓取 800G 失敗，重試 3 次後仍失敗（含嘗試 .TWO 後綴）：800G 沒有抓到任何資料；請確認代號是否正確（尤其台股需要 .TW / .TWO 後綴）
[2026-09-09 09:08:21 台灣時間] ⚠️ 關聯股 IET 更新失敗，跳過：抓取 IET 失敗，重試 3 次後仍失敗（含嘗試 .TWO 後綴）：IET 沒有抓到任何資料；請確認代號是否正確（尤其台股需要 .TW / .TWO 後綴）
[2026-09-09 09:08:22 台灣時間] 完成：8086.TW 趨勢延續分數=32.2（弱偏多延續，納入 12 檔關聯股；其中天數樣本最少的一檔為 232 天（樣本充足（>200，具統計意義）））
[2026-09-09 09:08:22 台灣時間] 處理中：編號18 - 3363.TW
[2026-09-09 09:08:32 台灣時間] ⚠️ 關聯股 MOCVD 更新失敗，跳過：抓取 MOCVD 失敗，重試 3 次後仍失敗（含嘗試 .TWO 後綴）：MOCVD 沒有抓到任何資料；請確認代號是否正確（尤其台股需要 .TW / .TWO 後綴）
[2026-09-09 09:08:38 台灣時間] ⚠️ 關聯股 MBE 更新失敗，跳過：抓取 MBE 失敗，重試 3 次後仍失敗（含嘗試 .TWO 後綴）：MBE 沒有抓到任何資料；請確認代號是否正確（尤其台股需要 .TW / .TWO 後綴）
[2026-09-09 09:08:46 台灣時間] ⚠️ 關聯股 FAU 更新失敗，跳過：抓取 FAU 失敗，重試 3 次後仍失敗（含嘗試 .TWO 後綴）：FAU 沒有抓到任何資料；請確認代號是否正確（尤其台股需要 .TW / .TWO 後綴）
[2026-09-09 09:08:51 台灣時間] ⚠️ 關聯股 CPO 更新失敗，跳過：抓取 CPO 失敗，重試 3 次後仍失敗（含嘗試 .TWO 後綴）：CPO 沒有抓到任何資料；請確認代號是否正確（尤其台股需要 .TW / .TWO 後綴）
[2026-09-09 09:09:07 台灣時間] ⚠️ 關聯股 800G 更新失敗，跳過：抓取 800G 失敗，重試 3 次後仍失敗（含嘗試 .TWO 後綴）：800G 沒有抓到任何資料；請確認代號是否正確（尤其台股需要 .TW / .TWO 後綴）
[2026-09-09 09:09:13 台灣時間] ⚠️ 關聯股 IET 更新失敗，跳過：抓取 IET 失敗，重試 3 次後仍失敗（含嘗試 .TWO 後綴）：IET 沒有抓到任何資料；請確認代號是否正確（尤其台股需要 .TW / .TWO 後綴）
[2026-09-09 09:09:14 台灣時間] 完成：3363.TW 趨勢延續分數=39.7（弱偏多延續，納入 12 檔關聯股；其中天數樣本最少的一檔為 240 天（樣本充足（>200，具統計意義）））
[2026-09-09 09:09:14 台灣時間] 處理中：編號18 - 3163.TW
[2026-09-09 09:09:23 台灣時間] ⚠️ 關聯股 MOCVD 更新失敗，跳過：抓取 MOCVD 失敗，重試 3 次後仍失敗（含嘗試 .TWO 後綴）：MOCVD 沒有抓到任何資料；請確認代號是否正確（尤其台股需要 .TW / .TWO 後綴）
[2026-09-09 09:09:29 台灣時間] ⚠️ 關聯股 MBE 更新失敗，跳過：抓取 MBE 失敗，重試 3 次後仍失敗（含嘗試 .TWO 後綴）：MBE 沒有抓到任何資料；請確認代號是否正確（尤其台股需要 .TW / .TWO 後綴）
[2026-09-09 09:09:37 台灣時間] ⚠️ 關聯股 FAU 更新失敗，跳過：抓取 FAU 失敗，重試 3 次後仍失敗（含嘗試 .TWO 後綴）：FAU 沒有抓到任何資料；請確認代號是否正確（尤其台股需要 .TW / .TWO 後綴）
[2026-09-09 09:09:43 台灣時間] ⚠️ 關聯股 CPO 更新失敗，跳過：抓取 CPO 失敗，重試 3 次後仍失敗（含嘗試 .TWO 後綴）：CPO 沒有抓到任何資料；請確認代號是否正確（尤其台股需要 .TW / .TWO 後綴）
[2026-09-09 09:09:58 台灣時間] ⚠️ 關聯股 800G 更新失敗，跳過：抓取 800G 失敗，重試 3 次後仍失敗（含嘗試 .TWO 後綴）：800G 沒有抓到任何資料；請確認代號是否正確（尤其台股需要 .TW / .TWO 後綴）
[2026-09-09 09:10:04 台灣時間] ⚠️ 關聯股 IET 更新失敗，跳過：抓取 IET 失敗，重試 3 次後仍失敗（含嘗試 .TWO 後綴）：IET 沒有抓到任何資料；請確認代號是否正確（尤其台股需要 .TW / .TWO 後綴）
[2026-09-09 09:10:05 台灣時間] 完成：3163.TW 趨勢延續分數=46.4（中度偏多延續，納入 12 檔關聯股；其中天數樣本最少的一檔為 239 天（樣本充足（>200，具統計意義）））
[2026-09-09 09:10:05 台灣時間] 處理中：編號18 - 4979.TW
[2026-09-09 09:10:15 台灣時間] ⚠️ 關聯股 MOCVD 更新失敗，跳過：抓取 MOCVD 失敗，重試 3 次後仍失敗（含嘗試 .TWO 後綴）：MOCVD 沒有抓到任何資料；請確認代號是否正確（尤其台股需要 .TW / .TWO 後綴）
[2026-09-09 09:10:21 台灣時間] ⚠️ 關聯股 MBE 更新失敗，跳過：抓取 MBE 失敗，重試 3 次後仍失敗（含嘗試 .TWO 後綴）：MBE 沒有抓到任何資料；請確認代號是否正確（尤其台股需要 .TW / .TWO 後綴）
[2026-09-09 09:10:29 台灣時間] ⚠️ 關聯股 FAU 更新失敗，跳過：抓取 FAU 失敗，重試 3 次後仍失敗（含嘗試 .TWO 後綴）：FAU 沒有抓到任何資料；請確認代號是否正確（尤其台股需要 .TW / .TWO 後綴）
[2026-09-09 09:10:34 台灣時間] ⚠️ 關聯股 CPO 更新失敗，跳過：抓取 CPO 失敗，重試 3 次後仍失敗（含嘗試 .TWO 後綴）：CPO 沒有抓到任何資料；請確認代號是否正確（尤其台股需要 .TW / .TWO 後綴）
[2026-09-09 09:10:50 台灣時間] ⚠️ 關聯股 800G 更新失敗，跳過：抓取 800G 失敗，重試 3 次後仍失敗（含嘗試 .TWO 後綴）：800G 沒有抓到任何資料；請確認代號是否正確（尤其台股需要 .TW / .TWO 後綴）
[2026-09-09 09:10:56 台灣時間] ⚠️ 關聯股 IET 更新失敗，跳過：抓取 IET 失敗，重試 3 次後仍失敗（含嘗試 .TWO 後綴）：IET 沒有抓到任何資料；請確認代號是否正確（尤其台股需要 .TW / .TWO 後綴）
[2026-09-09 09:10:57 台灣時間] 完成：4979.TW 趨勢延續分數=55.6（中度偏多延續，納入 12 檔關聯股；其中天數樣本最少的一檔為 242 天（樣本充足（>200，具統計意義）））
[2026-09-09 09:10:57 台灣時間] 處理中：編號18 - 3450.TW
[2026-09-09 09:11:01 台灣時間] ⚠️ 關聯股 MOCVD 更新失敗，跳過：抓取 MOCVD 失敗，重試 3 次後仍失敗（含嘗試 .TWO 後綴）：MOCVD 沒有抓到任何資料；請確認代號是否正確（尤其台股需要 .TW / .TWO 後綴）
[2026-09-09 09:11:07 台灣時間] ⚠️ 關聯股 MBE 更新失敗，跳過：抓取 MBE 失敗，重試 3 次後仍失敗（含嘗試 .TWO 後綴）：MBE 沒有抓到任何資料；請確認代號是否正確（尤其台股需要 .TW / .TWO 後綴）
[2026-09-09 09:11:15 台灣時間] ⚠️ 關聯股 FAU 更新失敗，跳過：抓取 FAU 失敗，重試 3 次後仍失敗（含嘗試 .TWO 後綴）：FAU 沒有抓到任何資料；請確認代號是否正確（尤其台股需要 .TW / .TWO 後綴）
[2026-09-09 09:11:21 台灣時間] ⚠️ 關聯股 CPO 更新失敗，跳過：抓取 CPO 失敗，重試 3 次後仍失敗（含嘗試 .TWO 後綴）：CPO 沒有抓到任何資料；請確認代號是否正確（尤其台股需要 .TW / .TWO 後綴）
[2026-09-09 09:11:36 台灣時間] ⚠️ 關聯股 800G 更新失敗，跳過：抓取 800G 失敗，重試 3 次後仍失敗（含嘗試 .TWO 後綴）：800G 沒有抓到任何資料；請確認代號是否正確（尤其台股需要 .TW / .TWO 後綴）
[2026-09-09 09:11:42 台灣時間] ⚠️ 關聯股 IET 更新失敗，跳過：抓取 IET 失敗，重試 3 次後仍失敗（含嘗試 .TWO 後綴）：IET 沒有抓到任何資料；請確認代號是否正確（尤其台股需要 .TW / .TWO 後綴）
[2026-09-09 09:11:43 台灣時間] 完成：3450.TW 趨勢延續分數=41.9（中度偏多延續，納入 12 檔關聯股；其中天數樣本最少的一檔為 239 天（樣本充足（>200，具統計意義）））
[2026-09-09 09:11:43 台灣時間] 處理中：編號18 - 4977.TW
[2026-09-09 09:11:48 台灣時間] ⚠️ 關聯股 MOCVD 更新失敗，跳過：抓取 MOCVD 失敗，重試 3 次後仍失敗（含嘗試 .TWO 後綴）：MOCVD 沒有抓到任何資料；請確認代號是否正確（尤其台股需要 .TW / .TWO 後綴）
[2026-09-09 09:11:54 台灣時間] ⚠️ 關聯股 MBE 更新失敗，跳過：抓取 MBE 失敗，重試 3 次後仍失敗（含嘗試 .TWO 後綴）：MBE 沒有抓到任何資料；請確認代號是否正確（尤其台股需要 .TW / .TWO 後綴）
[2026-09-09 09:12:02 台灣時間] ⚠️ 關聯股 FAU 更新失敗，跳過：抓取 FAU 失敗，重試 3 次後仍失敗（含嘗試 .TWO 後綴）：FAU 沒有抓到任何資料；請確認代號是否正確（尤其台股需要 .TW / .TWO 後綴）
[2026-09-09 09:12:08 台灣時間] ⚠️ 關聯股 CPO 更新失敗，跳過：抓取 CPO 失敗，重試 3 次後仍失敗（含嘗試 .TWO 後綴）：CPO 沒有抓到任何資料；請確認代號是否正確（尤其台股需要 .TW / .TWO 後綴）
[2026-09-09 09:12:23 台灣時間] ⚠️ 關聯股 800G 更新失敗，跳過：抓取 800G 失敗，重試 3 次後仍失敗（含嘗試 .TWO 後綴）：800G 沒有抓到任何資料；請確認代號是否正確（尤其台股需要 .TW / .TWO 後綴）
[2026-09-09 09:12:29 台灣時間] ⚠️ 關聯股 IET 更新失敗，跳過：抓取 IET 失敗，重試 3 次後仍失敗（含嘗試 .TWO 後綴）：IET 沒有抓到任何資料；請確認代號是否正確（尤其台股需要 .TW / .TWO 後綴）
[2026-09-09 09:12:30 台灣時間] 完成：4977.TW 趨勢延續分數=37.1（弱偏多延續，納入 12 檔關聯股；其中天數樣本最少的一檔為 238 天（樣本充足（>200，具統計意義）））
[2026-09-09 09:12:30 台灣時間] 處理中：編號18 - 6451.TW
[2026-09-09 09:12:35 台灣時間] ⚠️ 關聯股 MOCVD 更新失敗，跳過：抓取 MOCVD 失敗，重試 3 次後仍失敗（含嘗試 .TWO 後綴）：MOCVD 沒有抓到任何資料；請確認代號是否正確（尤其台股需要 .TW / .TWO 後綴）
[2026-09-09 09:12:41 台灣時間] ⚠️ 關聯股 MBE 更新失敗，跳過：抓取 MBE 失敗，重試 3 次後仍失敗（含嘗試 .TWO 後綴）：MBE 沒有抓到任何資料；請確認代號是否正確（尤其台股需要 .TW / .TWO 後綴）
[2026-09-09 09:12:48 台灣時間] ⚠️ 關聯股 FAU 更新失敗，跳過：抓取 FAU 失敗，重試 3 次後仍失敗（含嘗試 .TWO 後綴）：FAU 沒有抓到任何資料；請確認代號是否正確（尤其台股需要 .TW / .TWO 後綴）
[2026-09-09 09:12:54 台灣時間] ⚠️ 關聯股 CPO 更新失敗，跳過：抓取 CPO 失敗，重試 3 次後仍失敗（含嘗試 .TWO 後綴）：CPO 沒有抓到任何資料；請確認代號是否正確（尤其台股需要 .TW / .TWO 後綴）
[2026-09-09 09:13:10 台灣時間] ⚠️ 關聯股 800G 更新失敗，跳過：抓取 800G 失敗，重試 3 次後仍失敗（含嘗試 .TWO 後綴）：800G 沒有抓到任何資料；請確認代號是否正確（尤其台股需要 .TW / .TWO 後綴）
[2026-09-09 09:13:15 台灣時間] ⚠️ 關聯股 IET 更新失敗，跳過：抓取 IET 失敗，重試 3 次後仍失敗（含嘗試 .TWO 後綴）：IET 沒有抓到任何資料；請確認代號是否正確（尤其台股需要 .TW / .TWO 後綴）
[2026-09-09 09:13:16 台灣時間] 完成：6451.TW 趨勢延續分數=50.0（中度偏多延續，納入 12 檔關聯股；其中天數樣本最少的一檔為 242 天（樣本充足（>200，具統計意義）））
[2026-09-09 09:13:16 台灣時間] 處理中：編號18 - 3711.TW
[2026-09-09 09:13:21 台灣時間] ⚠️ 關聯股 MOCVD 更新失敗，跳過：抓取 MOCVD 失敗，重試 3 次後仍失敗（含嘗試 .TWO 後綴）：MOCVD 沒有抓到任何資料；請確認代號是否正確（尤其台股需要 .TW / .TWO 後綴）
[2026-09-09 09:13:27 台灣時間] ⚠️ 關聯股 MBE 更新失敗，跳過：抓取 MBE 失敗，重試 3 次後仍失敗（含嘗試 .TWO 後綴）：MBE 沒有抓到任何資料；請確認代號是否正確（尤其台股需要 .TW / .TWO 後綴）
[2026-09-09 09:13:35 台灣時間] ⚠️ 關聯股 FAU 更新失敗，跳過：抓取 FAU 失敗，重試 3 次後仍失敗（含嘗試 .TWO 後綴）：FAU 沒有抓到任何資料；請確認代號是否正確（尤其台股需要 .TW / .TWO 後綴）
[2026-09-09 09:13:41 台灣時間] ⚠️ 關聯股 CPO 更新失敗，跳過：抓取 CPO 失敗，重試 3 次後仍失敗（含嘗試 .TWO 後綴）：CPO 沒有抓到任何資料；請確認代號是否正確（尤其台股需要 .TW / .TWO 後綴）
[2026-09-09 09:13:56 台灣時間] ⚠️ 關聯股 800G 更新失敗，跳過：抓取 800G 失敗，重試 3 次後仍失敗（含嘗試 .TWO 後綴）：800G 沒有抓到任何資料；請確認代號是否正確（尤其台股需要 .TW / .TWO 後綴）
[2026-09-09 09:14:02 台灣時間] ⚠️ 關聯股 IET 更新失敗，跳過：抓取 IET 失敗，重試 3 次後仍失敗（含嘗試 .TWO 後綴）：IET 沒有抓到任何資料；請確認代號是否正確（尤其台股需要 .TW / .TWO 後綴）
[2026-09-09 09:14:03 台灣時間] 完成：3711.TW 趨勢延續分數=21.3（弱偏多延續，納入 12 檔關聯股；其中天數樣本最少的一檔為 232 天（樣本充足（>200，具統計意義）））
[2026-09-09 09:14:03 台灣時間] 處理中：編號18 - 2330.TW
[2026-09-09 09:14:08 台灣時間] ⚠️ 關聯股 MOCVD 更新失敗，跳過：抓取 MOCVD 失敗，重試 3 次後仍失敗（含嘗試 .TWO 後綴）：MOCVD 沒有抓到任何資料；請確認代號是否正確（尤其台股需要 .TW / .TWO 後綴）
[2026-09-09 09:14:13 台灣時間] ⚠️ 關聯股 MBE 更新失敗，跳過：抓取 MBE 失敗，重試 3 次後仍失敗（含嘗試 .TWO 後綴）：MBE 沒有抓到任何資料；請確認代號是否正確（尤其台股需要 .TW / .TWO 後綴）
[2026-09-09 09:14:21 台灣時間] ⚠️ 關聯股 FAU 更新失敗，跳過：抓取 FAU 失敗，重試 3 次後仍失敗（含嘗試 .TWO 後綴）：FAU 沒有抓到任何資料；請確認代號是否正確（尤其台股需要 .TW / .TWO 後綴）
[2026-09-09 09:14:27 台灣時間] ⚠️ 關聯股 CPO 更新失敗，跳過：抓取 CPO 失敗，重試 3 次後仍失敗（含嘗試 .TWO 後綴）：CPO 沒有抓到任何資料；請確認代號是否正確（尤其台股需要 .TW / .TWO 後綴）
[2026-09-09 09:14:42 台灣時間] ⚠️ 關聯股 800G 更新失敗，跳過：抓取 800G 失敗，重試 3 次後仍失敗（含嘗試 .TWO 後綴）：800G 沒有抓到任何資料；請確認代號是否正確（尤其台股需要 .TW / .TWO 後綴）
[2026-09-09 09:14:48 台灣時間] ⚠️ 關聯股 IET 更新失敗，跳過：抓取 IET 失敗，重試 3 次後仍失敗（含嘗試 .TWO 後綴）：IET 沒有抓到任何資料；請確認代號是否正確（尤其台股需要 .TW / .TWO 後綴）
[2026-09-09 09:14:49 台灣時間] 完成：2330.TW 趨勢延續分數=13.0（弱偏多延續，納入 12 檔關聯股；其中天數樣本最少的一檔為 228 天（樣本充足（>200，具統計意義）））
[2026-09-09 09:14:49 台灣時間] 處理中：編號19 - 3008.TW
[2026-09-09 09:14:54 台灣時間] 完成：3008.TW 趨勢延續分數=-100.0（強烈偏空延續，納入 4 檔關聯股；其中天數樣本最少的一檔為 237 天（樣本充足（>200，具統計意義）））
[2026-09-09 09:14:54 台灣時間] 處理中：編號19 - 3362.TW
[2026-09-09 09:15:04 台灣時間] 完成：3362.TW 趨勢延續分數=-100.0（強烈偏空延續，納入 4 檔關聯股；其中天數樣本最少的一檔為 236 天（樣本充足（>200，具統計意義）））
[2026-09-09 09:15:04 台灣時間] 處理中：編號19 - 3406.TW
[2026-09-09 09:15:08 台灣時間] 完成：3406.TW 趨勢延續分數=-100.0（強烈偏空延續，納入 4 檔關聯股；其中天數樣本最少的一檔為 241 天（樣本充足（>200，具統計意義）））
[2026-09-09 09:15:08 台灣時間] 處理中：編號21 - 4585.TW
[2026-09-09 09:15:17 台灣時間] ⚠️ 關聯股 ABB 更新失敗，跳過：抓取 ABB 失敗，重試 3 次後仍失敗（含嘗試 .TWO 後綴）：ABB 沒有抓到任何資料；請確認代號是否正確（尤其台股需要 .TW / .TWO 後綴）
[2026-09-09 09:15:25 台灣時間] 完成：4585.TW 趨勢延續分數=-58.4（中度偏空延續，納入 9 檔關聯股；其中天數樣本最少的一檔為 235 天（樣本充足（>200，具統計意義）））
[2026-09-09 09:15:25 台灣時間] 處理中：編號22 - 6415.TW
[2026-09-09 09:15:38 台灣時間] ⚠️ 關聯股 800G 更新失敗，跳過：抓取 800G 失敗，重試 3 次後仍失敗（含嘗試 .TWO 後綴）：800G 沒有抓到任何資料；請確認代號是否正確（尤其台股需要 .TW / .TWO 後綴）
[2026-09-09 09:15:44 台灣時間] ⚠️ 關聯股 1.6T 更新失敗，跳過：抓取 1.6T 失敗，重試 3 次後仍失敗（含嘗試 .TWO 後綴）：1.6T 沒有抓到任何資料；請確認代號是否正確（尤其台股需要 .TW / .TWO 後綴）
[2026-09-09 09:15:49 台灣時間] 完成：6415.TW 趨勢延續分數=24.9（弱偏多延續，納入 12 檔關聯股；其中天數樣本最少的一檔為 240 天（樣本充足（>200，具統計意義）））
[2026-09-09 09:15:49 台灣時間] 處理中：編號22 - 6526.TW
[2026-09-09 09:16:02 台灣時間] ⚠️ 關聯股 800G 更新失敗，跳過：抓取 800G 失敗，重試 3 次後仍失敗（含嘗試 .TWO 後綴）：800G 沒有抓到任何資料；請確認代號是否正確（尤其台股需要 .TW / .TWO 後綴）
[2026-09-09 09:16:08 台灣時間] ⚠️ 關聯股 1.6T 更新失敗，跳過：抓取 1.6T 失敗，重試 3 次後仍失敗（含嘗試 .TWO 後綴）：1.6T 沒有抓到任何資料；請確認代號是否正確（尤其台股需要 .TW / .TWO 後綴）
[2026-09-09 09:16:13 台灣時間] 完成：6526.TW 趨勢延續分數=4.7（方向不明/觀望，納入 12 檔關聯股；其中天數樣本最少的一檔為 239 天（樣本充足（>200，具統計意義）））
[2026-09-09 09:16:13 台灣時間] 處理中：編號23 - 3231.TW
[2026-09-09 09:16:24 台灣時間] 完成：3231.TW 趨勢延續分數=-3.1（方向不明/觀望，納入 6 檔關聯股；其中天數樣本最少的一檔為 99 天（樣本偏少（30–100，可謹慎推論方向）））
[2026-09-09 09:16:24 台灣時間] 處理中：編號24 - 2615.TW
[2026-09-09 09:16:30 台灣時間] ⚠️ 關聯股 SCFI 更新失敗，跳過：抓取 SCFI 失敗，重試 3 次後仍失敗（含嘗試 .TWO 後綴）：SCFI 沒有抓到任何資料；請確認代號是否正確（尤其台股需要 .TW / .TWO 後綴）
[2026-09-09 09:16:33 台灣時間] 完成：2615.TW 趨勢延續分數=-64.8（中度偏空延續，納入 3 檔關聯股；其中天數樣本最少的一檔為 233 天（樣本充足（>200，具統計意義）））
[2026-09-09 09:16:33 台灣時間] 處理中：編號25 - 8039.TW
[2026-09-09 09:16:37 台灣時間] 完成：8039.TW 趨勢延續分數=-64.0（中度偏空延續，納入 3 檔關聯股；其中天數樣本最少的一檔為 250 天（樣本充足（>200，具統計意義）））
[2026-09-09 09:16:37 台灣時間] 處理中：編號26 - 2301.TW
[2026-09-09 09:16:42 台灣時間] ⚠️ 關聯股 DELTA 更新失敗，跳過：抓取 DELTA 失敗，重試 3 次後仍失敗（含嘗試 .TWO 後綴）：DELTA 沒有抓到任何資料；請確認代號是否正確（尤其台股需要 .TW / .TWO 後綴）
[2026-09-09 09:16:45 台灣時間] 完成：2301.TW 趨勢延續分數=-100.0（強烈偏空延續，納入 2 檔關聯股；其中天數樣本最少的一檔為 219 天（樣本充足（>200，具統計意義）））
[2026-09-09 09:16:45 台灣時間] 處理中：編號27 - 2464.TW
[2026-09-09 09:16:55 台灣時間] 完成：2464.TW 趨勢延續分數=-41.5（中度偏空延續，納入 4 檔關聯股；其中天數樣本最少的一檔為 247 天（樣本充足（>200，具統計意義）））
[2026-09-09 09:16:55 台灣時間] 處理中：編號28 - 2059.TW
[2026-09-09 09:17:01 台灣時間] ⚠️ 關聯股 ACW 更新失敗，跳過：抓取 ACW 失敗，重試 3 次後仍失敗（含嘗試 .TWO 後綴）：ACW 沒有抓到任何資料；請確認代號是否正確（尤其台股需要 .TW / .TWO 後綴）
[2026-09-09 09:17:04 台灣時間] 完成：2059.TW 趨勢延續分數=-100.0（強烈偏空延續，納入 2 檔關聯股；其中天數樣本最少的一檔為 244 天（樣本充足（>200，具統計意義）））
[2026-09-09 09:17:04 台灣時間] 處理中：編號29 - 6214.TW
[2026-09-09 09:17:09 台灣時間] 完成：6214.TW 趨勢延續分數=34.9（弱偏多延續，納入 4 檔關聯股；其中天數樣本最少的一檔為 214 天（樣本充足（>200，具統計意義）））
[2026-09-09 09:17:09 台灣時間] 處理中：編號30 - 2395.TW
[2026-09-09 09:17:14 台灣時間] ⚠️ 關聯股 ADLINK 更新失敗，跳過：抓取 ADLINK 失敗，重試 3 次後仍失敗（含嘗試 .TWO 後綴）：ADLINK 沒有抓到任何資料；請確認代號是否正確（尤其台股需要 .TW / .TWO 後綴）
[2026-09-09 09:17:18 台灣時間] 完成：2395.TW 趨勢延續分數=-51.7（中度偏空延續，納入 3 檔關聯股；其中天數樣本最少的一檔為 243 天（樣本充足（>200，具統計意義）））
[2026-09-09 09:17:18 台灣時間] 處理中：編號31 - 2474.TW
[2026-09-09 09:17:25 台灣時間] 完成：2474.TW 趨勢延續分數=-100.0（強烈偏空延續，納入 6 檔關聯股；其中天數樣本最少的一檔為 225 天（樣本充足（>200，具統計意義）））
[2026-09-09 09:17:25 台灣時間] 處理中：編號32 - 8103.TW
[2026-09-09 09:17:31 台灣時間] 完成：8103.TW 趨勢延續分數=-59.4（中度偏空延續，納入 5 檔關聯股；其中天數樣本最少的一檔為 242 天（樣本充足（>200，具統計意義）））
[2026-09-09 09:17:31 台灣時間] 處理中：編號33 - 6531.TW
[2026-09-09 09:17:40 台灣時間] ⚠️ 關聯股 HPC 更新失敗，跳過：抓取 HPC 失敗，重試 3 次後仍失敗（含嘗試 .TWO 後綴）：HPC 沒有抓到任何資料；請確認代號是否正確（尤其台股需要 .TW / .TWO 後綴）
[2026-09-09 09:17:47 台灣時間] ⚠️ 關聯股 DTC 更新失敗，跳過：抓取 DTC 失敗，重試 3 次後仍失敗（含嘗試 .TWO 後綴）：DTC 沒有抓到任何資料；請確認代號是否正確（尤其台股需要 .TW / .TWO 後綴）
[2026-09-09 09:17:53 台灣時間] ⚠️ 關聯股 PDK 更新失敗，跳過：抓取 PDK 失敗，重試 3 次後仍失敗（含嘗試 .TWO 後綴）：PDK 沒有抓到任何資料；請確認代號是否正確（尤其台股需要 .TW / .TWO 後綴）
[2026-09-09 09:17:54 台灣時間] 完成：6531.TW 趨勢延續分數=-75.1（強烈偏空延續，納入 5 檔關聯股；其中天數樣本最少的一檔為 102 天（樣本尚可（100–200，具參考意義）））
[2026-09-09 09:17:54 台灣時間] 處理中：編號33 - 6770.TW
[2026-09-09 09:18:04 台灣時間] ⚠️ 關聯股 HPC 更新失敗，跳過：抓取 HPC 失敗，重試 3 次後仍失敗（含嘗試 .TWO 後綴）：HPC 沒有抓到任何資料；請確認代號是否正確（尤其台股需要 .TW / .TWO 後綴）
[2026-09-09 09:18:10 台灣時間] ⚠️ 關聯股 DTC 更新失敗，跳過：抓取 DTC 失敗，重試 3 次後仍失敗（含嘗試 .TWO 後綴）：DTC 沒有抓到任何資料；請確認代號是否正確（尤其台股需要 .TW / .TWO 後綴）
[2026-09-09 09:18:16 台灣時間] ⚠️ 關聯股 PDK 更新失敗，跳過：抓取 PDK 失敗，重試 3 次後仍失敗（含嘗試 .TWO 後綴）：PDK 沒有抓到任何資料；請確認代號是否正確（尤其台股需要 .TW / .TWO 後綴）
[2026-09-09 09:18:17 台灣時間] 完成：6770.TW 趨勢延續分數=-92.3（強烈偏空延續，納入 5 檔關聯股；其中天數樣本最少的一檔為 102 天（樣本尚可（100–200，具參考意義）））
[2026-09-09 09:18:17 台灣時間] 處理中：編號33 - 2303.TW
[2026-09-09 09:18:26 台灣時間] ⚠️ 關聯股 HPC 更新失敗，跳過：抓取 HPC 失敗，重試 3 次後仍失敗（含嘗試 .TWO 後綴）：HPC 沒有抓到任何資料；請確認代號是否正確（尤其台股需要 .TW / .TWO 後綴）
[2026-09-09 09:18:33 台灣時間] ⚠️ 關聯股 DTC 更新失敗，跳過：抓取 DTC 失敗，重試 3 次後仍失敗（含嘗試 .TWO 後綴）：DTC 沒有抓到任何資料；請確認代號是否正確（尤其台股需要 .TW / .TWO 後綴）
[2026-09-09 09:18:38 台灣時間] ⚠️ 關聯股 PDK 更新失敗，跳過：抓取 PDK 失敗，重試 3 次後仍失敗（含嘗試 .TWO 後綴）：PDK 沒有抓到任何資料；請確認代號是否正確（尤其台股需要 .TW / .TWO 後綴）
[2026-09-09 09:18:39 台灣時間] 完成：2303.TW 趨勢延續分數=-78.1（強烈偏空延續，納入 5 檔關聯股；其中天數樣本最少的一檔為 100 天（樣本尚可（100–200，具參考意義）））
[2026-09-09 09:18:39 台灣時間] 處理中：編號34 - 2421.TW
[2026-09-09 09:18:46 台灣時間] 完成：2421.TW 趨勢延續分數=-43.1（中度偏空延續，納入 6 檔關聯股；其中天數樣本最少的一檔為 242 天（樣本充足（>200，具統計意義）））
[2026-09-09 09:18:46 台灣時間] 處理中：編號34 - 4931.TW
[2026-09-09 09:18:57 台灣時間] 完成：4931.TW 趨勢延續分數=-21.7（弱偏空延續，納入 6 檔關聯股；其中天數樣本最少的一檔為 245 天（樣本充足（>200，具統計意義）））
[2026-09-09 09:18:57 台灣時間] 處理中：編號35 - 6830.TW
[2026-09-09 09:19:01 台灣時間] 完成：6830.TW 趨勢延續分數=-62.7（中度偏空延續，納入 3 檔關聯股；其中天數樣本最少的一檔為 239 天（樣本充足（>200，具統計意義）））
[2026-09-09 09:19:01 台灣時間] 處理中：編號36 - 7711.TW
[2026-09-09 09:19:07 台灣時間] 完成：7711.TW 趨勢延續分數=-40.2（中度偏空延續，納入 6 檔關聯股；其中天數樣本最少的一檔為 178 天（樣本尚可（100–200，具參考意義）））
[2026-09-09 09:19:07 台灣時間] 處理中：編號37 - 3234.TW
[2026-09-09 09:19:19 台灣時間] ⚠️ 關聯股 800G 更新失敗，跳過：抓取 800G 失敗，重試 3 次後仍失敗（含嘗試 .TWO 後綴）：800G 沒有抓到任何資料；請確認代號是否正確（尤其台股需要 .TW / .TWO 後綴）
[2026-09-09 09:19:33 台灣時間] 完成：3234.TW 趨勢延續分數=5.8（方向不明/觀望，納入 5 檔關聯股；其中天數樣本最少的一檔為 249 天（樣本充足（>200，具統計意義）））
[2026-09-09 09:19:33 台灣時間] 處理中：編號38 - 6291.TW
[2026-09-09 09:19:57 台灣時間] 完成：6291.TW 趨勢延續分數=60.2（中度偏多延續，納入 5 檔關聯股；其中天數樣本最少的一檔為 253 天（樣本充足（>200，具統計意義）））
[2026-09-09 09:19:57 台灣時間] 處理中：編號39 - 4908.TW
[2026-09-09 09:20:05 台灣時間] 完成：4908.TW 趨勢延續分數=-100.0（強烈偏空延續，納入 2 檔關聯股；其中天數樣本最少的一檔為 250 天（樣本充足（>200，具統計意義）））
[2026-09-09 09:20:05 台灣時間] 每日摘要已存到 /home/runner/work/brian670126/brian670126/reports/summary_2026-09-09.csv
[2026-09-09 09:20:05 台灣時間] 本次執行完畢

[2026-09-10 07:38:04 台灣時間] 開始執行每日分析，共 97 檔目標股
[2026-09-10 07:38:04 台灣時間] 處理中：編號1 - 3661.TW
[2026-09-10 07:38:40 台灣時間] 完成：3661.TW 趨勢延續分數=-44.5（中度偏空延續，納入 17 檔關聯股；其中天數樣本最少的一檔為 246 天（樣本充足（>200，具統計意義）））
[2026-09-10 07:38:40 台灣時間] 處理中：編號1 - 3443.TW
[2026-09-10 07:39:14 台灣時間] 完成：3443.TW 趨勢延續分數=-34.6（弱偏空延續，納入 17 檔關聯股；其中天數樣本最少的一檔為 241 天（樣本充足（>200，具統計意義）））
[2026-09-10 07:39:14 台灣時間] 處理中：編號1 - 3035.TW
[2026-09-10 07:39:48 台灣時間] 完成：3035.TW 趨勢延續分數=-26.3（弱偏空延續，納入 17 檔關聯股；其中天數樣本最少的一檔為 238 天（樣本充足（>200，具統計意義）））
[2026-09-10 07:39:48 台灣時間] 處理中：編號1 - 8227.TW
[2026-09-10 07:40:26 台灣時間] 完成：8227.TW 趨勢延續分數=-26.1（弱偏空延續，納入 17 檔關聯股；其中天數樣本最少的一檔為 239 天（樣本充足（>200，具統計意義）））
[2026-09-10 07:40:26 台灣時間] 處理中：編號1 - 7707.TW
[2026-09-10 07:41:04 台灣時間] 完成：7707.TW 趨勢延續分數=-32.4（弱偏空延續，納入 17 檔關聯股；其中天數樣本最少的一檔為 236 天（樣本充足（>200，具統計意義）））
[2026-09-10 07:41:04 台灣時間] 處理中：編號1 - 7796.TW
[2026-09-10 07:41:42 台灣時間] 完成：7796.TW 趨勢延續分數=-24.1（弱偏空延續，納入 17 檔關聯股；其中天數樣本最少的一檔為 235 天（樣本充足（>200，具統計意義）））
[2026-09-10 07:41:42 台灣時間] 處理中：編號1 - 2454.TW
[2026-09-10 07:42:16 台灣時間] 完成：2454.TW 趨勢延續分數=-25.0（弱偏空延續，納入 17 檔關聯股；其中天數樣本最少的一檔為 231 天（樣本充足（>200，具統計意義）））
[2026-09-10 07:42:16 台灣時間] 處理中：編號1 - 2379.TW
[2026-09-10 07:42:50 台灣時間] 完成：2379.TW 趨勢延續分數=-36.6（弱偏空延續，納入 17 檔關聯股；其中天數樣本最少的一檔為 236 天（樣本充足（>200，具統計意義）））
[2026-09-10 07:42:50 台灣時間] 處理中：編號1 - 3034.TW
[2026-09-10 07:43:23 台灣時間] 完成：3034.TW 趨勢延續分數=-25.4（弱偏空延續，納入 17 檔關聯股；其中天數樣本最少的一檔為 242 天（樣本充足（>200，具統計意義）））
[2026-09-10 07:43:23 台灣時間] 處理中：編號1 - 8054.TW
[2026-09-10 07:44:01 台灣時間] 完成：8054.TW 趨勢延續分數=-45.7（中度偏空延續，納入 17 檔關聯股；其中天數樣本最少的一檔為 237 天（樣本充足（>200，具統計意義）））
[2026-09-10 07:44:01 台灣時間] 處理中：編號1 - 6695.TW
[2026-09-10 07:44:35 台灣時間] 完成：6695.TW 趨勢延續分數=-22.4（弱偏空延續，納入 17 檔關聯股；其中天數樣本最少的一檔為 245 天（樣本充足（>200，具統計意義）））
[2026-09-10 07:44:35 台灣時間] 處理中：編號1 - 2388.TW
[2026-09-10 07:45:08 台灣時間] 完成：2388.TW 趨勢延續分數=-20.3（弱偏空延續，納入 17 檔關聯股；其中天數樣本最少的一檔為 243 天（樣本充足（>200，具統計意義）））
[2026-09-10 07:45:08 台灣時間] 處理中：編號1 - 2363.TW
[2026-09-10 07:45:42 台灣時間] 完成：2363.TW 趨勢延續分數=-30.1（弱偏空延續，納入 17 檔關聯股；其中天數樣本最少的一檔為 245 天（樣本充足（>200，具統計意義）））
[2026-09-10 07:45:42 台灣時間] 處理中：編號1 - 3041.TW
[2026-09-10 07:46:16 台灣時間] 完成：3041.TW 趨勢延續分數=-23.8（弱偏空延續，納入 17 檔關聯股；其中天數樣本最少的一檔為 238 天（樣本充足（>200，具統計意義）））
[2026-09-10 07:46:16 台灣時間] 處理中：編號3 - 8299.TW
[2026-09-10 07:46:33 台灣時間] 完成：8299.TW 趨勢延續分數=-62.1（中度偏空延續，納入 8 檔關聯股；其中天數樣本最少的一檔為 238 天（樣本充足（>200，具統計意義）））
[2026-09-10 07:46:33 台灣時間] 處理中：編號4 - 2337.TW
[2026-09-10 07:46:36 台灣時間] 完成：2337.TW 趨勢延續分數=-25.9（弱偏空延續，納入 3 檔關聯股；其中天數樣本最少的一檔為 252 天（樣本充足（>200，具統計意義）））
[2026-09-10 07:46:36 台灣時間] 處理中：編號4 - 2344.TW
[2026-09-10 07:46:39 台灣時間] 完成：2344.TW 趨勢延續分數=-31.5（弱偏空延續，納入 3 檔關聯股；其中天數樣本最少的一檔為 254 天（樣本充足（>200，具統計意義）））
[2026-09-10 07:46:39 台灣時間] 處理中：編號5 - 6239.TW
[2026-09-10 07:46:49 台灣時間] ⚠️ 關聯股 JCET 更新失敗，跳過：抓取 JCET 失敗，重試 3 次後仍失敗（含嘗試 .TWO 後綴）：JCET 沒有抓到任何資料；請確認代號是否正確（尤其台股需要 .TW / .TWO 後綴）
[2026-09-10 07:46:59 台灣時間] 完成：6239.TW 趨勢延續分數=-52.4（中度偏空延續，納入 10 檔關聯股；其中天數樣本最少的一檔為 102 天（樣本尚可（100–200，具參考意義）））
[2026-09-10 07:46:59 台灣時間] 處理中：編號5 - 2329.TW
[2026-09-10 07:47:09 台灣時間] ⚠️ 關聯股 JCET 更新失敗，跳過：抓取 JCET 失敗，重試 3 次後仍失敗（含嘗試 .TWO 後綴）：JCET 沒有抓到任何資料；請確認代號是否正確（尤其台股需要 .TW / .TWO 後綴）
[2026-09-10 07:47:18 台灣時間] 完成：2329.TW 趨勢延續分數=-56.3（中度偏空延續，納入 10 檔關聯股；其中天數樣本最少的一檔為 104 天（樣本尚可（100–200，具參考意義）））
[2026-09-10 07:47:18 台灣時間] 處理中：編號5 - 8110.TW
[2026-09-10 07:47:28 台灣時間] ⚠️ 關聯股 JCET 更新失敗，跳過：抓取 JCET 失敗，重試 3 次後仍失敗（含嘗試 .TWO 後綴）：JCET 沒有抓到任何資料；請確認代號是否正確（尤其台股需要 .TW / .TWO 後綴）
[2026-09-10 07:47:37 台灣時間] 完成：8110.TW 趨勢延續分數=-46.8（中度偏空延續，納入 10 檔關聯股；其中天數樣本最少的一檔為 102 天（樣本尚可（100–200，具參考意義）））
[2026-09-10 07:47:37 台灣時間] 處理中：編號5 - 8150.TW
[2026-09-10 07:47:47 台灣時間] ⚠️ 關聯股 JCET 更新失敗，跳過：抓取 JCET 失敗，重試 3 次後仍失敗（含嘗試 .TWO 後綴）：JCET 沒有抓到任何資料；請確認代號是否正確（尤其台股需要 .TW / .TWO 後綴）
[2026-09-10 07:47:56 台灣時間] 完成：8150.TW 趨勢延續分數=-59.6（中度偏空延續，納入 10 檔關聯股；其中天數樣本最少的一檔為 105 天（樣本尚可（100–200，具參考意義）））
[2026-09-10 07:47:56 台灣時間] 處理中：編號6 - 6147.TW
[2026-09-10 07:48:08 台灣時間] 完成：6147.TW 趨勢延續分數=43.6（中度偏多延續，納入 8 檔關聯股；其中天數樣本最少的一檔為 241 天（樣本充足（>200，具統計意義）））
[2026-09-10 07:48:08 台灣時間] 處理中：編號7 - 2449.TW
[2026-09-10 07:48:26 台灣時間] 完成：2449.TW 趨勢延續分數=-60.8（中度偏空延續，納入 9 檔關聯股；其中天數樣本最少的一檔為 250 天（樣本充足（>200，具統計意義）））
[2026-09-10 07:48:26 台灣時間] 處理中：編號7 - 6257.TW
[2026-09-10 07:48:43 台灣時間] 完成：6257.TW 趨勢延續分數=-54.8（中度偏空延續，納入 9 檔關聯股；其中天數樣本最少的一檔為 248 天（樣本充足（>200，具統計意義）））
[2026-09-10 07:48:43 台灣時間] 處理中：編號7 - 3264.TW
[2026-09-10 07:49:05 台灣時間] 完成：3264.TW 趨勢延續分數=-71.2（強烈偏空延續，納入 9 檔關聯股；其中天數樣本最少的一檔為 254 天（樣本充足（>200，具統計意義）））
[2026-09-10 07:49:05 台灣時間] 處理中：編號8 - 6223.TW
[2026-09-10 07:49:28 台灣時間] 完成：6223.TW 趨勢延續分數=-72.8（強烈偏空延續，納入 10 檔關聯股；其中天數樣本最少的一檔為 240 天（樣本充足（>200，具統計意義）））
[2026-09-10 07:49:28 台灣時間] 處理中：編號8 - 6510.TW
[2026-09-10 07:49:51 台灣時間] 完成：6510.TW 趨勢延續分數=-82.1（強烈偏空延續，納入 10 檔關聯股；其中天數樣本最少的一檔為 238 天（樣本充足（>200，具統計意義）））
[2026-09-10 07:49:51 台灣時間] 處理中：編號8 - 6515.TW
[2026-09-10 07:50:09 台灣時間] 完成：6515.TW 趨勢延續分數=-60.3（中度偏空延續，納入 10 檔關聯股；其中天數樣本最少的一檔為 242 天（樣本充足（>200，具統計意義）））
[2026-09-10 07:50:09 台灣時間] 處理中：編號9 - 6488.TW
[2026-09-10 07:50:23 台灣時間] 完成：6488.TW 趨勢延續分數=-66.3（中度偏空延續，納入 9 檔關聯股；其中天數樣本最少的一檔為 240 天（樣本充足（>200，具統計意義）））
[2026-09-10 07:50:23 台灣時間] 處理中：編號9 - 5483.TW
[2026-09-10 07:50:36 台灣時間] 完成：5483.TW 趨勢延續分數=-69.1（中度偏空延續，納入 9 檔關聯股；其中天數樣本最少的一檔為 233 天（樣本充足（>200，具統計意義）））
[2026-09-10 07:50:36 台灣時間] 處理中：編號10 - 3037.TW
[2026-09-10 07:50:42 台灣時間] 完成：3037.TW 趨勢延續分數=-32.3（弱偏空延續，納入 7 檔關聯股；其中天數樣本最少的一檔為 239 天（樣本充足（>200，具統計意義）））
[2026-09-10 07:50:42 台灣時間] 處理中：編號10 - 8046.TW
[2026-09-10 07:50:49 台灣時間] 完成：8046.TW 趨勢延續分數=-22.0（弱偏空延續，納入 7 檔關聯股；其中天數樣本最少的一檔為 241 天（樣本充足（>200，具統計意義）））
[2026-09-10 07:50:49 台灣時間] 處理中：編號10 - 3189.TW
[2026-09-10 07:50:55 台灣時間] 完成：3189.TW 趨勢延續分數=-36.9（弱偏空延續，納入 7 檔關聯股；其中天數樣本最少的一檔為 235 天（樣本充足（>200，具統計意義）））
[2026-09-10 07:50:55 台灣時間] 處理中：編號11 - 1815.TW
[2026-09-10 07:51:15 台灣時間] 完成：1815.TW 趨勢延續分數=-9.4（方向不明/觀望，納入 5 檔關聯股；其中天數樣本最少的一檔為 244 天（樣本充足（>200，具統計意義）））
[2026-09-10 07:51:15 台灣時間] 處理中：編號11 - 1802.TW
[2026-09-10 07:51:28 台灣時間] 完成：1802.TW 趨勢延續分數=-17.4（弱偏空延續，納入 5 檔關聯股；其中天數樣本最少的一檔為 242 天（樣本充足（>200，具統計意義）））
[2026-09-10 07:51:28 台灣時間] 處理中：編號11 - 5475.TW
[2026-09-10 07:51:47 台灣時間] 完成：5475.TW 趨勢延續分數=-0.4（方向不明/觀望，納入 5 檔關聯股；其中天數樣本最少的一檔為 243 天（樣本充足（>200，具統計意義）））
[2026-09-10 07:51:47 台灣時間] 處理中：編號11 - 1446.TW
[2026-09-10 07:52:01 台灣時間] 完成：1446.TW 趨勢延續分數=-40.3（中度偏空延續，納入 5 檔關聯股；其中天數樣本最少的一檔為 219 天（樣本充足（>200，具統計意義）））
[2026-09-10 07:52:01 台灣時間] 處理中：編號12 - 8358.TW
[2026-09-10 07:52:16 台灣時間] 完成：8358.TW 趨勢延續分數=0.7（方向不明/觀望，納入 6 檔關聯股；其中天數樣本最少的一檔為 244 天（樣本充足（>200，具統計意義）））
[2026-09-10 07:52:16 台灣時間] 處理中：編號12 - 1303.TW
[2026-09-10 07:52:26 台灣時間] 完成：1303.TW 趨勢延續分數=16.7（弱偏多延續，納入 6 檔關聯股；其中天數樣本最少的一檔為 239 天（樣本充足（>200，具統計意義）））
[2026-09-10 07:52:26 台灣時間] 處理中：編號12 - 4989.TW
[2026-09-10 07:52:36 台灣時間] 完成：4989.TW 趨勢延續分數=-6.2（方向不明/觀望，納入 6 檔關聯股；其中天數樣本最少的一檔為 240 天（樣本充足（>200，具統計意義）））
[2026-09-10 07:52:36 台灣時間] 處理中：編號13 - 2383.TW
[2026-09-10 07:52:41 台灣時間] ⚠️ 關聯股 HVLP 更新失敗，跳過：抓取 HVLP 失敗，重試 3 次後仍失敗（含嘗試 .TWO 後綴）：HVLP 沒有抓到任何資料；請確認代號是否正確（尤其台股需要 .TW / .TWO 後綴）
[2026-09-10 07:52:56 台灣時間] 完成：2383.TW 趨勢延續分數=12.3（弱偏多延續，納入 6 檔關聯股；其中天數樣本最少的一檔為 252 天（樣本充足（>200，具統計意義）））
[2026-09-10 07:52:56 台灣時間] 處理中：編號13 - 6274.TW
[2026-09-10 07:53:05 台灣時間] ⚠️ 關聯股 HVLP 更新失敗，跳過：抓取 HVLP 失敗，重試 3 次後仍失敗（含嘗試 .TWO 後綴）：HVLP 沒有抓到任何資料；請確認代號是否正確（尤其台股需要 .TW / .TWO 後綴）
[2026-09-10 07:53:21 台灣時間] 完成：6274.TW 趨勢延續分數=3.9（方向不明/觀望，納入 6 檔關聯股；其中天數樣本最少的一檔為 253 天（樣本充足（>200，具統計意義）））
[2026-09-10 07:53:21 台灣時間] 處理中：編號13 - 6213.TW
[2026-09-10 07:53:25 台灣時間] ⚠️ 關聯股 HVLP 更新失敗，跳過：抓取 HVLP 失敗，重試 3 次後仍失敗（含嘗試 .TWO 後綴）：HVLP 沒有抓到任何資料；請確認代號是否正確（尤其台股需要 .TW / .TWO 後綴）
[2026-09-10 07:53:41 台灣時間] 完成：6213.TW 趨勢延續分數=9.9（方向不明/觀望，納入 6 檔關聯股；其中天數樣本最少的一檔為 254 天（樣本充足（>200，具統計意義）））
[2026-09-10 07:53:41 台灣時間] 處理中：編號14 - 2368.TW
[2026-09-10 07:53:54 台灣時間] 完成：2368.TW 趨勢延續分數=-67.5（中度偏空延續，納入 9 檔關聯股；其中天數樣本最少的一檔為 243 天（樣本充足（>200，具統計意義）））
[2026-09-10 07:53:54 台灣時間] 處理中：編號14 - 3044.TW
[2026-09-10 07:54:06 台灣時間] 完成：3044.TW 趨勢延續分數=-57.8（中度偏空延續，納入 9 檔關聯股；其中天數樣本最少的一檔為 243 天（樣本充足（>200，具統計意義）））
[2026-09-10 07:54:06 台灣時間] 處理中：編號14 - 2313.TW
[2026-09-10 07:54:19 台灣時間] 完成：2313.TW 趨勢延續分數=-76.4（強烈偏空延續，納入 9 檔關聯股；其中天數樣本最少的一檔為 246 天（樣本充足（>200，具統計意義）））
[2026-09-10 07:54:19 台灣時間] 處理中：編號15 - 2327.TW
[2026-09-10 07:54:32 台灣時間] ⚠️ 關聯股 SEMCO 更新失敗，跳過：抓取 SEMCO 失敗，重試 3 次後仍失敗（含嘗試 .TWO 後綴）：SEMCO 沒有抓到任何資料；請確認代號是否正確（尤其台股需要 .TW / .TWO 後綴）
[2026-09-10 07:54:38 台灣時間] ⚠️ 關聯股 TDK 更新失敗，跳過：抓取 TDK 失敗，重試 3 次後仍失敗（含嘗試 .TWO 後綴）：TDK 沒有抓到任何資料；請確認代號是否正確（尤其台股需要 .TW / .TWO 後綴）
[2026-09-10 07:54:43 台灣時間] 完成：2327.TW 趨勢延續分數=-80.7（強烈偏空延續，納入 8 檔關聯股；其中天數樣本最少的一檔為 227 天（樣本充足（>200，具統計意義）））
[2026-09-10 07:54:43 台灣時間] 處理中：編號15 - 2492.TW
[2026-09-10 07:54:55 台灣時間] ⚠️ 關聯股 SEMCO 更新失敗，跳過：抓取 SEMCO 失敗，重試 3 次後仍失敗（含嘗試 .TWO 後綴）：SEMCO 沒有抓到任何資料；請確認代號是否正確（尤其台股需要 .TW / .TWO 後綴）
[2026-09-10 07:55:01 台灣時間] ⚠️ 關聯股 TDK 更新失敗，跳過：抓取 TDK 失敗，重試 3 次後仍失敗（含嘗試 .TWO 後綴）：TDK 沒有抓到任何資料；請確認代號是否正確（尤其台股需要 .TW / .TWO 後綴）
[2026-09-10 07:55:06 台灣時間] 完成：2492.TW 趨勢延續分數=-86.6（強烈偏空延續，納入 8 檔關聯股；其中天數樣本最少的一檔為 230 天（樣本充足（>200，具統計意義）））
[2026-09-10 07:55:06 台灣時間] 處理中：編號15 - 6173.TW
[2026-09-10 07:55:22 台灣時間] ⚠️ 關聯股 SEMCO 更新失敗，跳過：抓取 SEMCO 失敗，重試 3 次後仍失敗（含嘗試 .TWO 後綴）：SEMCO 沒有抓到任何資料；請確認代號是否正確（尤其台股需要 .TW / .TWO 後綴）
[2026-09-10 07:55:29 台灣時間] ⚠️ 關聯股 TDK 更新失敗，跳過：抓取 TDK 失敗，重試 3 次後仍失敗（含嘗試 .TWO 後綴）：TDK 沒有抓到任何資料；請確認代號是否正確（尤其台股需要 .TW / .TWO 後綴）
[2026-09-10 07:55:33 台灣時間] 完成：6173.TW 趨勢延續分數=-88.2（強烈偏空延續，納入 8 檔關聯股；其中天數樣本最少的一檔為 237 天（樣本充足（>200，具統計意義）））
[2026-09-10 07:55:33 台灣時間] 處理中：編號16 - 2382.TW
[2026-09-10 07:55:43 台灣時間] 完成：2382.TW 趨勢延續分數=45.0（中度偏多延續，納入 10 檔關聯股；其中天數樣本最少的一檔為 238 天（樣本充足（>200，具統計意義）））
[2026-09-10 07:55:43 台灣時間] 處理中：編號16 - 6669.TW
[2026-09-10 07:55:52 台灣時間] 完成：6669.TW 趨勢延續分數=55.6（中度偏多延續，納入 10 檔關聯股；其中天數樣本最少的一檔為 245 天（樣本充足（>200，具統計意義）））
[2026-09-10 07:55:52 台灣時間] 處理中：編號16 - 2376.TW
[2026-09-10 07:56:01 台灣時間] 完成：2376.TW 趨勢延續分數=54.5（中度偏多延續，納入 10 檔關聯股；其中天數樣本最少的一檔為 238 天（樣本充足（>200，具統計意義）））
[2026-09-10 07:56:01 台灣時間] 處理中：編號16 - 2377.TW
[2026-09-10 07:56:10 台灣時間] 完成：2377.TW 趨勢延續分數=67.7（中度偏多延續，納入 10 檔關聯股；其中天數樣本最少的一檔為 232 天（樣本充足（>200，具統計意義）））
[2026-09-10 07:56:10 台灣時間] 處理中：編號16 - 2357.TW
[2026-09-10 07:56:20 台灣時間] 完成：2357.TW 趨勢延續分數=49.1（中度偏多延續，納入 10 檔關聯股；其中天數樣本最少的一檔為 229 天（樣本充足（>200，具統計意義）））
[2026-09-10 07:56:20 台灣時間] 處理中：編號17 - 3324.TW
[2026-09-10 07:56:33 台灣時間] 完成：3324.TW 趨勢延續分數=-50.6（中度偏空延續，納入 9 檔關聯股；其中天數樣本最少的一檔為 230 天（樣本充足（>200，具統計意義）））
[2026-09-10 07:56:33 台灣時間] 處理中：編號17 - 3017.TW
[2026-09-10 07:56:41 台灣時間] 完成：3017.TW 趨勢延續分數=-51.0（中度偏空延續，納入 9 檔關聯股；其中天數樣本最少的一檔為 241 天（樣本充足（>200，具統計意義）））
[2026-09-10 07:56:41 台灣時間] 處理中：編號17 - 3653.TW
[2026-09-10 07:56:49 台灣時間] 完成：3653.TW 趨勢延續分數=-38.2（弱偏空延續，納入 9 檔關聯股；其中天數樣本最少的一檔為 239 天（樣本充足（>200，具統計意義）））
[2026-09-10 07:56:49 台灣時間] 處理中：編號18 - 3081.TW
[2026-09-10 07:56:59 台灣時間] ⚠️ 關聯股 MOCVD 更新失敗，跳過：抓取 MOCVD 失敗，重試 3 次後仍失敗（含嘗試 .TWO 後綴）：MOCVD 沒有抓到任何資料；請確認代號是否正確（尤其台股需要 .TW / .TWO 後綴）
[2026-09-10 07:57:04 台灣時間] ⚠️ 關聯股 MBE 更新失敗，跳過：抓取 MBE 失敗，重試 3 次後仍失敗（含嘗試 .TWO 後綴）：MBE 沒有抓到任何資料；請確認代號是否正確（尤其台股需要 .TW / .TWO 後綴）
[2026-09-10 07:57:12 台灣時間] ⚠️ 關聯股 FAU 更新失敗，跳過：抓取 FAU 失敗，重試 3 次後仍失敗（含嘗試 .TWO 後綴）：FAU 沒有抓到任何資料；請確認代號是否正確（尤其台股需要 .TW / .TWO 後綴）
[2026-09-10 07:57:17 台灣時間] ⚠️ 關聯股 CPO 更新失敗，跳過：抓取 CPO 失敗，重試 3 次後仍失敗（含嘗試 .TWO 後綴）：CPO 沒有抓到任何資料；請確認代號是否正確（尤其台股需要 .TW / .TWO 後綴）
[2026-09-10 07:57:32 台灣時間] ⚠️ 關聯股 800G 更新失敗，跳過：抓取 800G 失敗，重試 3 次後仍失敗（含嘗試 .TWO 後綴）：800G 沒有抓到任何資料；請確認代號是否正確（尤其台股需要 .TW / .TWO 後綴）
[2026-09-10 07:57:38 台灣時間] ⚠️ 關聯股 IET 更新失敗，跳過：抓取 IET 失敗，重試 3 次後仍失敗（含嘗試 .TWO 後綴）：IET 沒有抓到任何資料；請確認代號是否正確（尤其台股需要 .TW / .TWO 後綴）
[2026-09-10 07:57:39 台灣時間] 完成：3081.TW 趨勢延續分數=-2.1（方向不明/觀望，納入 12 檔關聯股；其中天數樣本最少的一檔為 242 天（樣本充足（>200，具統計意義）））
[2026-09-10 07:57:39 台灣時間] 處理中：編號18 - 2455.TW
[2026-09-10 07:57:43 台灣時間] ⚠️ 關聯股 MOCVD 更新失敗，跳過：抓取 MOCVD 失敗，重試 3 次後仍失敗（含嘗試 .TWO 後綴）：MOCVD 沒有抓到任何資料；請確認代號是否正確（尤其台股需要 .TW / .TWO 後綴）
[2026-09-10 07:57:49 台灣時間] ⚠️ 關聯股 MBE 更新失敗，跳過：抓取 MBE 失敗，重試 3 次後仍失敗（含嘗試 .TWO 後綴）：MBE 沒有抓到任何資料；請確認代號是否正確（尤其台股需要 .TW / .TWO 後綴）
[2026-09-10 07:57:56 台灣時間] ⚠️ 關聯股 FAU 更新失敗，跳過：抓取 FAU 失敗，重試 3 次後仍失敗（含嘗試 .TWO 後綴）：FAU 沒有抓到任何資料；請確認代號是否正確（尤其台股需要 .TW / .TWO 後綴）
[2026-09-10 07:58:01 台灣時間] ⚠️ 關聯股 CPO 更新失敗，跳過：抓取 CPO 失敗，重試 3 次後仍失敗（含嘗試 .TWO 後綴）：CPO 沒有抓到任何資料；請確認代號是否正確（尤其台股需要 .TW / .TWO 後綴）
[2026-09-10 07:58:16 台灣時間] ⚠️ 關聯股 800G 更新失敗，跳過：抓取 800G 失敗，重試 3 次後仍失敗（含嘗試 .TWO 後綴）：800G 沒有抓到任何資料；請確認代號是否正確（尤其台股需要 .TW / .TWO 後綴）
[2026-09-10 07:58:21 台灣時間] ⚠️ 關聯股 IET 更新失敗，跳過：抓取 IET 失敗，重試 3 次後仍失敗（含嘗試 .TWO 後綴）：IET 沒有抓到任何資料；請確認代號是否正確（尤其台股需要 .TW / .TWO 後綴）
[2026-09-10 07:58:22 台灣時間] 完成：2455.TW 趨勢延續分數=2.4（方向不明/觀望，納入 12 檔關聯股；其中天數樣本最少的一檔為 239 天（樣本充足（>200，具統計意義）））
[2026-09-10 07:58:22 台灣時間] 處理中：編號18 - 4991.TW
[2026-09-10 07:58:32 台灣時間] ⚠️ 關聯股 MOCVD 更新失敗，跳過：抓取 MOCVD 失敗，重試 3 次後仍失敗（含嘗試 .TWO 後綴）：MOCVD 沒有抓到任何資料；請確認代號是否正確（尤其台股需要 .TW / .TWO 後綴）
[2026-09-10 07:58:37 台灣時間] ⚠️ 關聯股 MBE 更新失敗，跳過：抓取 MBE 失敗，重試 3 次後仍失敗（含嘗試 .TWO 後綴）：MBE 沒有抓到任何資料；請確認代號是否正確（尤其台股需要 .TW / .TWO 後綴）
[2026-09-10 07:58:44 台灣時間] ⚠️ 關聯股 FAU 更新失敗，跳過：抓取 FAU 失敗，重試 3 次後仍失敗（含嘗試 .TWO 後綴）：FAU 沒有抓到任何資料；請確認代號是否正確（尤其台股需要 .TW / .TWO 後綴）
[2026-09-10 07:58:50 台灣時間] ⚠️ 關聯股 CPO 更新失敗，跳過：抓取 CPO 失敗，重試 3 次後仍失敗（含嘗試 .TWO 後綴）：CPO 沒有抓到任何資料；請確認代號是否正確（尤其台股需要 .TW / .TWO 後綴）
[2026-09-10 07:59:04 台灣時間] ⚠️ 關聯股 800G 更新失敗，跳過：抓取 800G 失敗，重試 3 次後仍失敗（含嘗試 .TWO 後綴）：800G 沒有抓到任何資料；請確認代號是否正確（尤其台股需要 .TW / .TWO 後綴）
[2026-09-10 07:59:10 台灣時間] ⚠️ 關聯股 IET 更新失敗，跳過：抓取 IET 失敗，重試 3 次後仍失敗（含嘗試 .TWO 後綴）：IET 沒有抓到任何資料；請確認代號是否正確（尤其台股需要 .TW / .TWO 後綴）
[2026-09-10 07:59:10 台灣時間] 完成：4991.TW 趨勢延續分數=-6.7（方向不明/觀望，納入 12 檔關聯股；其中天數樣本最少的一檔為 241 天（樣本充足（>200，具統計意義）））
[2026-09-10 07:59:10 台灣時間] 處理中：編號18 - 4971.TW
[2026-09-10 07:59:20 台灣時間] ⚠️ 關聯股 MOCVD 更新失敗，跳過：抓取 MOCVD 失敗，重試 3 次後仍失敗（含嘗試 .TWO 後綴）：MOCVD 沒有抓到任何資料；請確認代號是否正確（尤其台股需要 .TW / .TWO 後綴）
[2026-09-10 07:59:25 台灣時間] ⚠️ 關聯股 MBE 更新失敗，跳過：抓取 MBE 失敗，重試 3 次後仍失敗（含嘗試 .TWO 後綴）：MBE 沒有抓到任何資料；請確認代號是否正確（尤其台股需要 .TW / .TWO 後綴）
[2026-09-10 07:59:33 台灣時間] ⚠️ 關聯股 FAU 更新失敗，跳過：抓取 FAU 失敗，重試 3 次後仍失敗（含嘗試 .TWO 後綴）：FAU 沒有抓到任何資料；請確認代號是否正確（尤其台股需要 .TW / .TWO 後綴）
[2026-09-10 07:59:38 台灣時間] ⚠️ 關聯股 CPO 更新失敗，跳過：抓取 CPO 失敗，重試 3 次後仍失敗（含嘗試 .TWO 後綴）：CPO 沒有抓到任何資料；請確認代號是否正確（尤其台股需要 .TW / .TWO 後綴）
[2026-09-10 07:59:52 台灣時間] ⚠️ 關聯股 800G 更新失敗，跳過：抓取 800G 失敗，重試 3 次後仍失敗（含嘗試 .TWO 後綴）：800G 沒有抓到任何資料；請確認代號是否正確（尤其台股需要 .TW / .TWO 後綴）
[2026-09-10 07:59:58 台灣時間] ⚠️ 關聯股 IET 更新失敗，跳過：抓取 IET 失敗，重試 3 次後仍失敗（含嘗試 .TWO 後綴）：IET 沒有抓到任何資料；請確認代號是否正確（尤其台股需要 .TW / .TWO 後綴）
[2026-09-10 07:59:59 台灣時間] 完成：4971.TW 趨勢延續分數=-9.0（方向不明/觀望，納入 12 檔關聯股；其中天數樣本最少的一檔為 244 天（樣本充足（>200，具統計意義）））
[2026-09-10 07:59:59 台灣時間] 處理中：編號18 - 3105.TW
[2026-09-10 08:00:08 台灣時間] ⚠️ 關聯股 MOCVD 更新失敗，跳過：抓取 MOCVD 失敗，重試 3 次後仍失敗（含嘗試 .TWO 後綴）：MOCVD 沒有抓到任何資料；請確認代號是否正確（尤其台股需要 .TW / .TWO 後綴）
[2026-09-10 08:00:14 台灣時間] ⚠️ 關聯股 MBE 更新失敗，跳過：抓取 MBE 失敗，重試 3 次後仍失敗（含嘗試 .TWO 後綴）：MBE 沒有抓到任何資料；請確認代號是否正確（尤其台股需要 .TW / .TWO 後綴）
[2026-09-10 08:00:21 台灣時間] ⚠️ 關聯股 FAU 更新失敗，跳過：抓取 FAU 失敗，重試 3 次後仍失敗（含嘗試 .TWO 後綴）：FAU 沒有抓到任何資料；請確認代號是否正確（尤其台股需要 .TW / .TWO 後綴）
[2026-09-10 08:00:27 台灣時間] ⚠️ 關聯股 CPO 更新失敗，跳過：抓取 CPO 失敗，重試 3 次後仍失敗（含嘗試 .TWO 後綴）：CPO 沒有抓到任何資料；請確認代號是否正確（尤其台股需要 .TW / .TWO 後綴）
[2026-09-10 08:00:41 台灣時間] ⚠️ 關聯股 800G 更新失敗，跳過：抓取 800G 失敗，重試 3 次後仍失敗（含嘗試 .TWO 後綴）：800G 沒有抓到任何資料；請確認代號是否正確（尤其台股需要 .TW / .TWO 後綴）
[2026-09-10 08:00:46 台灣時間] ⚠️ 關聯股 IET 更新失敗，跳過：抓取 IET 失敗，重試 3 次後仍失敗（含嘗試 .TWO 後綴）：IET 沒有抓到任何資料；請確認代號是否正確（尤其台股需要 .TW / .TWO 後綴）
[2026-09-10 08:00:47 台灣時間] 完成：3105.TW 趨勢延續分數=-14.6（弱偏空延續，納入 12 檔關聯股；其中天數樣本最少的一檔為 241 天（樣本充足（>200，具統計意義）））
[2026-09-10 08:00:47 台灣時間] 處理中：編號18 - 8086.TW
[2026-09-10 08:00:57 台灣時間] ⚠️ 關聯股 MOCVD 更新失敗，跳過：抓取 MOCVD 失敗，重試 3 次後仍失敗（含嘗試 .TWO 後綴）：MOCVD 沒有抓到任何資料；請確認代號是否正確（尤其台股需要 .TW / .TWO 後綴）
[2026-09-10 08:01:02 台灣時間] ⚠️ 關聯股 MBE 更新失敗，跳過：抓取 MBE 失敗，重試 3 次後仍失敗（含嘗試 .TWO 後綴）：MBE 沒有抓到任何資料；請確認代號是否正確（尤其台股需要 .TW / .TWO 後綴）
[2026-09-10 08:01:09 台灣時間] ⚠️ 關聯股 FAU 更新失敗，跳過：抓取 FAU 失敗，重試 3 次後仍失敗（含嘗試 .TWO 後綴）：FAU 沒有抓到任何資料；請確認代號是否正確（尤其台股需要 .TW / .TWO 後綴）
[2026-09-10 08:01:15 台灣時間] ⚠️ 關聯股 CPO 更新失敗，跳過：抓取 CPO 失敗，重試 3 次後仍失敗（含嘗試 .TWO 後綴）：CPO 沒有抓到任何資料；請確認代號是否正確（尤其台股需要 .TW / .TWO 後綴）
[2026-09-10 08:01:29 台灣時間] ⚠️ 關聯股 800G 更新失敗，跳過：抓取 800G 失敗，重試 3 次後仍失敗（含嘗試 .TWO 後綴）：800G 沒有抓到任何資料；請確認代號是否正確（尤其台股需要 .TW / .TWO 後綴）
[2026-09-10 08:01:35 台灣時間] ⚠️ 關聯股 IET 更新失敗，跳過：抓取 IET 失敗，重試 3 次後仍失敗（含嘗試 .TWO 後綴）：IET 沒有抓到任何資料；請確認代號是否正確（尤其台股需要 .TW / .TWO 後綴）
[2026-09-10 08:01:35 台灣時間] 完成：8086.TW 趨勢延續分數=-18.1（弱偏空延續，納入 12 檔關聯股；其中天數樣本最少的一檔為 233 天（樣本充足（>200，具統計意義）））
[2026-09-10 08:01:35 台灣時間] 處理中：編號18 - 3363.TW
[2026-09-10 08:01:45 台灣時間] ⚠️ 關聯股 MOCVD 更新失敗，跳過：抓取 MOCVD 失敗，重試 3 次後仍失敗（含嘗試 .TWO 後綴）：MOCVD 沒有抓到任何資料；請確認代號是否正確（尤其台股需要 .TW / .TWO 後綴）
[2026-09-10 08:01:50 台灣時間] ⚠️ 關聯股 MBE 更新失敗，跳過：抓取 MBE 失敗，重試 3 次後仍失敗（含嘗試 .TWO 後綴）：MBE 沒有抓到任何資料；請確認代號是否正確（尤其台股需要 .TW / .TWO 後綴）
[2026-09-10 08:01:58 台灣時間] ⚠️ 關聯股 FAU 更新失敗，跳過：抓取 FAU 失敗，重試 3 次後仍失敗（含嘗試 .TWO 後綴）：FAU 沒有抓到任何資料；請確認代號是否正確（尤其台股需要 .TW / .TWO 後綴）
[2026-09-10 08:02:03 台灣時間] ⚠️ 關聯股 CPO 更新失敗，跳過：抓取 CPO 失敗，重試 3 次後仍失敗（含嘗試 .TWO 後綴）：CPO 沒有抓到任何資料；請確認代號是否正確（尤其台股需要 .TW / .TWO 後綴）
[2026-09-10 08:02:17 台灣時間] ⚠️ 關聯股 800G 更新失敗，跳過：抓取 800G 失敗，重試 3 次後仍失敗（含嘗試 .TWO 後綴）：800G 沒有抓到任何資料；請確認代號是否正確（尤其台股需要 .TW / .TWO 後綴）
[2026-09-10 08:02:23 台灣時間] ⚠️ 關聯股 IET 更新失敗，跳過：抓取 IET 失敗，重試 3 次後仍失敗（含嘗試 .TWO 後綴）：IET 沒有抓到任何資料；請確認代號是否正確（尤其台股需要 .TW / .TWO 後綴）
[2026-09-10 08:02:24 台灣時間] 完成：3363.TW 趨勢延續分數=-7.9（方向不明/觀望，納入 12 檔關聯股；其中天數樣本最少的一檔為 241 天（樣本充足（>200，具統計意義）））
[2026-09-10 08:02:24 台灣時間] 處理中：編號18 - 3163.TW
[2026-09-10 08:02:33 台灣時間] ⚠️ 關聯股 MOCVD 更新失敗，跳過：抓取 MOCVD 失敗，重試 3 次後仍失敗（含嘗試 .TWO 後綴）：MOCVD 沒有抓到任何資料；請確認代號是否正確（尤其台股需要 .TW / .TWO 後綴）
[2026-09-10 08:02:39 台灣時間] ⚠️ 關聯股 MBE 更新失敗，跳過：抓取 MBE 失敗，重試 3 次後仍失敗（含嘗試 .TWO 後綴）：MBE 沒有抓到任何資料；請確認代號是否正確（尤其台股需要 .TW / .TWO 後綴）
[2026-09-10 08:02:46 台灣時間] ⚠️ 關聯股 FAU 更新失敗，跳過：抓取 FAU 失敗，重試 3 次後仍失敗（含嘗試 .TWO 後綴）：FAU 沒有抓到任何資料；請確認代號是否正確（尤其台股需要 .TW / .TWO 後綴）
[2026-09-10 08:02:51 台灣時間] ⚠️ 關聯股 CPO 更新失敗，跳過：抓取 CPO 失敗，重試 3 次後仍失敗（含嘗試 .TWO 後綴）：CPO 沒有抓到任何資料；請確認代號是否正確（尤其台股需要 .TW / .TWO 後綴）
[2026-09-10 08:03:06 台灣時間] ⚠️ 關聯股 800G 更新失敗，跳過：抓取 800G 失敗，重試 3 次後仍失敗（含嘗試 .TWO 後綴）：800G 沒有抓到任何資料；請確認代號是否正確（尤其台股需要 .TW / .TWO 後綴）
[2026-09-10 08:03:11 台灣時間] ⚠️ 關聯股 IET 更新失敗，跳過：抓取 IET 失敗，重試 3 次後仍失敗（含嘗試 .TWO 後綴）：IET 沒有抓到任何資料；請確認代號是否正確（尤其台股需要 .TW / .TWO 後綴）
[2026-09-10 08:03:12 台灣時間] 完成：3163.TW 趨勢延續分數=2.9（方向不明/觀望，納入 12 檔關聯股；其中天數樣本最少的一檔為 240 天（樣本充足（>200，具統計意義）））
[2026-09-10 08:03:12 台灣時間] 處理中：編號18 - 4979.TW
[2026-09-10 08:03:21 台灣時間] ⚠️ 關聯股 MOCVD 更新失敗，跳過：抓取 MOCVD 失敗，重試 3 次後仍失敗（含嘗試 .TWO 後綴）：MOCVD 沒有抓到任何資料；請確認代號是否正確（尤其台股需要 .TW / .TWO 後綴）
[2026-09-10 08:03:27 台灣時間] ⚠️ 關聯股 MBE 更新失敗，跳過：抓取 MBE 失敗，重試 3 次後仍失敗（含嘗試 .TWO 後綴）：MBE 沒有抓到任何資料；請確認代號是否正確（尤其台股需要 .TW / .TWO 後綴）
[2026-09-10 08:03:34 台灣時間] ⚠️ 關聯股 FAU 更新失敗，跳過：抓取 FAU 失敗，重試 3 次後仍失敗（含嘗試 .TWO 後綴）：FAU 沒有抓到任何資料；請確認代號是否正確（尤其台股需要 .TW / .TWO 後綴）
[2026-09-10 08:03:40 台灣時間] ⚠️ 關聯股 CPO 更新失敗，跳過：抓取 CPO 失敗，重試 3 次後仍失敗（含嘗試 .TWO 後綴）：CPO 沒有抓到任何資料；請確認代號是否正確（尤其台股需要 .TW / .TWO 後綴）
[2026-09-10 08:03:54 台灣時間] ⚠️ 關聯股 800G 更新失敗，跳過：抓取 800G 失敗，重試 3 次後仍失敗（含嘗試 .TWO 後綴）：800G 沒有抓到任何資料；請確認代號是否正確（尤其台股需要 .TW / .TWO 後綴）
[2026-09-10 08:04:00 台灣時間] ⚠️ 關聯股 IET 更新失敗，跳過：抓取 IET 失敗，重試 3 次後仍失敗（含嘗試 .TWO 後綴）：IET 沒有抓到任何資料；請確認代號是否正確（尤其台股需要 .TW / .TWO 後綴）
[2026-09-10 08:04:01 台灣時間] 完成：4979.TW 趨勢延續分數=0.8（方向不明/觀望，納入 12 檔關聯股；其中天數樣本最少的一檔為 243 天（樣本充足（>200，具統計意義）））
[2026-09-10 08:04:01 台灣時間] 處理中：編號18 - 3450.TW
[2026-09-10 08:04:05 台灣時間] ⚠️ 關聯股 MOCVD 更新失敗，跳過：抓取 MOCVD 失敗，重試 3 次後仍失敗（含嘗試 .TWO 後綴）：MOCVD 沒有抓到任何資料；請確認代號是否正確（尤其台股需要 .TW / .TWO 後綴）
[2026-09-10 08:04:11 台灣時間] ⚠️ 關聯股 MBE 更新失敗，跳過：抓取 MBE 失敗，重試 3 次後仍失敗（含嘗試 .TWO 後綴）：MBE 沒有抓到任何資料；請確認代號是否正確（尤其台股需要 .TW / .TWO 後綴）
[2026-09-10 08:04:18 台灣時間] ⚠️ 關聯股 FAU 更新失敗，跳過：抓取 FAU 失敗，重試 3 次後仍失敗（含嘗試 .TWO 後綴）：FAU 沒有抓到任何資料；請確認代號是否正確（尤其台股需要 .TW / .TWO 後綴）
[2026-09-10 08:04:24 台灣時間] ⚠️ 關聯股 CPO 更新失敗，跳過：抓取 CPO 失敗，重試 3 次後仍失敗（含嘗試 .TWO 後綴）：CPO 沒有抓到任何資料；請確認代號是否正確（尤其台股需要 .TW / .TWO 後綴）
[2026-09-10 08:04:38 台灣時間] ⚠️ 關聯股 800G 更新失敗，跳過：抓取 800G 失敗，重試 3 次後仍失敗（含嘗試 .TWO 後綴）：800G 沒有抓到任何資料；請確認代號是否正確（尤其台股需要 .TW / .TWO 後綴）
[2026-09-10 08:04:43 台灣時間] ⚠️ 關聯股 IET 更新失敗，跳過：抓取 IET 失敗，重試 3 次後仍失敗（含嘗試 .TWO 後綴）：IET 沒有抓到任何資料；請確認代號是否正確（尤其台股需要 .TW / .TWO 後綴）
[2026-09-10 08:04:44 台灣時間] 完成：3450.TW 趨勢延續分數=-11.5（弱偏空延續，納入 12 檔關聯股；其中天數樣本最少的一檔為 240 天（樣本充足（>200，具統計意義）））
[2026-09-10 08:04:44 台灣時間] 處理中：編號18 - 4977.TW
[2026-09-10 08:04:49 台灣時間] ⚠️ 關聯股 MOCVD 更新失敗，跳過：抓取 MOCVD 失敗，重試 3 次後仍失敗（含嘗試 .TWO 後綴）：MOCVD 沒有抓到任何資料；請確認代號是否正確（尤其台股需要 .TW / .TWO 後綴）
[2026-09-10 08:04:55 台灣時間] ⚠️ 關聯股 MBE 更新失敗，跳過：抓取 MBE 失敗，重試 3 次後仍失敗（含嘗試 .TWO 後綴）：MBE 沒有抓到任何資料；請確認代號是否正確（尤其台股需要 .TW / .TWO 後綴）
[2026-09-10 08:05:02 台灣時間] ⚠️ 關聯股 FAU 更新失敗，跳過：抓取 FAU 失敗，重試 3 次後仍失敗（含嘗試 .TWO 後綴）：FAU 沒有抓到任何資料；請確認代號是否正確（尤其台股需要 .TW / .TWO 後綴）
[2026-09-10 08:05:07 台灣時間] ⚠️ 關聯股 CPO 更新失敗，跳過：抓取 CPO 失敗，重試 3 次後仍失敗（含嘗試 .TWO 後綴）：CPO 沒有抓到任何資料；請確認代號是否正確（尤其台股需要 .TW / .TWO 後綴）
[2026-09-10 08:05:22 台灣時間] ⚠️ 關聯股 800G 更新失敗，跳過：抓取 800G 失敗，重試 3 次後仍失敗（含嘗試 .TWO 後綴）：800G 沒有抓到任何資料；請確認代號是否正確（尤其台股需要 .TW / .TWO 後綴）
[2026-09-10 08:05:27 台灣時間] ⚠️ 關聯股 IET 更新失敗，跳過：抓取 IET 失敗，重試 3 次後仍失敗（含嘗試 .TWO 後綴）：IET 沒有抓到任何資料；請確認代號是否正確（尤其台股需要 .TW / .TWO 後綴）
[2026-09-10 08:05:28 台灣時間] 完成：4977.TW 趨勢延續分數=-4.0（方向不明/觀望，納入 12 檔關聯股；其中天數樣本最少的一檔為 239 天（樣本充足（>200，具統計意義）））
[2026-09-10 08:05:28 台灣時間] 處理中：編號18 - 6451.TW
[2026-09-10 08:05:33 台灣時間] ⚠️ 關聯股 MOCVD 更新失敗，跳過：抓取 MOCVD 失敗，重試 3 次後仍失敗（含嘗試 .TWO 後綴）：MOCVD 沒有抓到任何資料；請確認代號是否正確（尤其台股需要 .TW / .TWO 後綴）
[2026-09-10 08:05:38 台灣時間] ⚠️ 關聯股 MBE 更新失敗，跳過：抓取 MBE 失敗，重試 3 次後仍失敗（含嘗試 .TWO 後綴）：MBE 沒有抓到任何資料；請確認代號是否正確（尤其台股需要 .TW / .TWO 後綴）
[2026-09-10 08:05:46 台灣時間] ⚠️ 關聯股 FAU 更新失敗，跳過：抓取 FAU 失敗，重試 3 次後仍失敗（含嘗試 .TWO 後綴）：FAU 沒有抓到任何資料；請確認代號是否正確（尤其台股需要 .TW / .TWO 後綴）
[2026-09-10 08:05:51 台灣時間] ⚠️ 關聯股 CPO 更新失敗，跳過：抓取 CPO 失敗，重試 3 次後仍失敗（含嘗試 .TWO 後綴）：CPO 沒有抓到任何資料；請確認代號是否正確（尤其台股需要 .TW / .TWO 後綴）
[2026-09-10 08:06:05 台灣時間] ⚠️ 關聯股 800G 更新失敗，跳過：抓取 800G 失敗，重試 3 次後仍失敗（含嘗試 .TWO 後綴）：800G 沒有抓到任何資料；請確認代號是否正確（尤其台股需要 .TW / .TWO 後綴）
[2026-09-10 08:06:11 台灣時間] ⚠️ 關聯股 IET 更新失敗，跳過：抓取 IET 失敗，重試 3 次後仍失敗（含嘗試 .TWO 後綴）：IET 沒有抓到任何資料；請確認代號是否正確（尤其台股需要 .TW / .TWO 後綴）
[2026-09-10 08:06:12 台灣時間] 完成：6451.TW 趨勢延續分數=2.9（方向不明/觀望，納入 12 檔關聯股；其中天數樣本最少的一檔為 243 天（樣本充足（>200，具統計意義）））
[2026-09-10 08:06:12 台灣時間] 處理中：編號18 - 3711.TW
[2026-09-10 08:06:17 台灣時間] ⚠️ 關聯股 MOCVD 更新失敗，跳過：抓取 MOCVD 失敗，重試 3 次後仍失敗（含嘗試 .TWO 後綴）：MOCVD 沒有抓到任何資料；請確認代號是否正確（尤其台股需要 .TW / .TWO 後綴）
[2026-09-10 08:06:22 台灣時間] ⚠️ 關聯股 MBE 更新失敗，跳過：抓取 MBE 失敗，重試 3 次後仍失敗（含嘗試 .TWO 後綴）：MBE 沒有抓到任何資料；請確認代號是否正確（尤其台股需要 .TW / .TWO 後綴）
[2026-09-10 08:06:29 台灣時間] ⚠️ 關聯股 FAU 更新失敗，跳過：抓取 FAU 失敗，重試 3 次後仍失敗（含嘗試 .TWO 後綴）：FAU 沒有抓到任何資料；請確認代號是否正確（尤其台股需要 .TW / .TWO 後綴）
[2026-09-10 08:06:35 台灣時間] ⚠️ 關聯股 CPO 更新失敗，跳過：抓取 CPO 失敗，重試 3 次後仍失敗（含嘗試 .TWO 後綴）：CPO 沒有抓到任何資料；請確認代號是否正確（尤其台股需要 .TW / .TWO 後綴）
[2026-09-10 08:06:49 台灣時間] ⚠️ 關聯股 800G 更新失敗，跳過：抓取 800G 失敗，重試 3 次後仍失敗（含嘗試 .TWO 後綴）：800G 沒有抓到任何資料；請確認代號是否正確（尤其台股需要 .TW / .TWO 後綴）
[2026-09-10 08:06:55 台灣時間] ⚠️ 關聯股 IET 更新失敗，跳過：抓取 IET 失敗，重試 3 次後仍失敗（含嘗試 .TWO 後綴）：IET 沒有抓到任何資料；請確認代號是否正確（尤其台股需要 .TW / .TWO 後綴）
[2026-09-10 08:06:55 台灣時間] 完成：3711.TW 趨勢延續分數=-23.6（弱偏空延續，納入 12 檔關聯股；其中天數樣本最少的一檔為 233 天（樣本充足（>200，具統計意義）））
[2026-09-10 08:06:55 台灣時間] 處理中：編號18 - 2330.TW
[2026-09-10 08:07:00 台灣時間] ⚠️ 關聯股 MOCVD 更新失敗，跳過：抓取 MOCVD 失敗，重試 3 次後仍失敗（含嘗試 .TWO 後綴）：MOCVD 沒有抓到任何資料；請確認代號是否正確（尤其台股需要 .TW / .TWO 後綴）
[2026-09-10 08:07:06 台灣時間] ⚠️ 關聯股 MBE 更新失敗，跳過：抓取 MBE 失敗，重試 3 次後仍失敗（含嘗試 .TWO 後綴）：MBE 沒有抓到任何資料；請確認代號是否正確（尤其台股需要 .TW / .TWO 後綴）
[2026-09-10 08:07:13 台灣時間] ⚠️ 關聯股 FAU 更新失敗，跳過：抓取 FAU 失敗，重試 3 次後仍失敗（含嘗試 .TWO 後綴）：FAU 沒有抓到任何資料；請確認代號是否正確（尤其台股需要 .TW / .TWO 後綴）
[2026-09-10 08:07:18 台灣時間] ⚠️ 關聯股 CPO 更新失敗，跳過：抓取 CPO 失敗，重試 3 次後仍失敗（含嘗試 .TWO 後綴）：CPO 沒有抓到任何資料；請確認代號是否正確（尤其台股需要 .TW / .TWO 後綴）
[2026-09-10 08:07:33 台灣時間] ⚠️ 關聯股 800G 更新失敗，跳過：抓取 800G 失敗，重試 3 次後仍失敗（含嘗試 .TWO 後綴）：800G 沒有抓到任何資料；請確認代號是否正確（尤其台股需要 .TW / .TWO 後綴）
[2026-09-10 08:07:38 台灣時間] ⚠️ 關聯股 IET 更新失敗，跳過：抓取 IET 失敗，重試 3 次後仍失敗（含嘗試 .TWO 後綴）：IET 沒有抓到任何資料；請確認代號是否正確（尤其台股需要 .TW / .TWO 後綴）
[2026-09-10 08:07:39 台灣時間] 完成：2330.TW 趨勢延續分數=-31.3（弱偏空延續，納入 12 檔關聯股；其中天數樣本最少的一檔為 229 天（樣本充足（>200，具統計意義）））
[2026-09-10 08:07:39 台灣時間] 處理中：編號19 - 3008.TW
[2026-09-10 08:07:43 台灣時間] 完成：3008.TW 趨勢延續分數=66.5（中度偏多延續，納入 4 檔關聯股；其中天數樣本最少的一檔為 238 天（樣本充足（>200，具統計意義）））
[2026-09-10 08:07:43 台灣時間] 處理中：編號19 - 3362.TW
[2026-09-10 08:07:52 台灣時間] 完成：3362.TW 趨勢延續分數=56.6（中度偏多延續，納入 4 檔關聯股；其中天數樣本最少的一檔為 237 天（樣本充足（>200，具統計意義）））
[2026-09-10 08:07:52 台灣時間] 處理中：編號19 - 3406.TW
[2026-09-10 08:07:55 台灣時間] 完成：3406.TW 趨勢延續分數=71.6（強烈偏多延續，納入 4 檔關聯股；其中天數樣本最少的一檔為 242 天（樣本充足（>200，具統計意義）））
[2026-09-10 08:07:55 台灣時間] 處理中：編號21 - 4585.TW
[2026-09-10 08:08:03 台灣時間] ⚠️ 關聯股 ABB 更新失敗，跳過：抓取 ABB 失敗，重試 3 次後仍失敗（含嘗試 .TWO 後綴）：ABB 沒有抓到任何資料；請確認代號是否正確（尤其台股需要 .TW / .TWO 後綴）
[2026-09-10 08:08:10 台灣時間] 完成：4585.TW 趨勢延續分數=-2.6（方向不明/觀望，納入 9 檔關聯股；其中天數樣本最少的一檔為 236 天（樣本充足（>200，具統計意義）））
[2026-09-10 08:08:10 台灣時間] 處理中：編號22 - 6415.TW
[2026-09-10 08:08:22 台灣時間] ⚠️ 關聯股 800G 更新失敗，跳過：抓取 800G 失敗，重試 3 次後仍失敗（含嘗試 .TWO 後綴）：800G 沒有抓到任何資料；請確認代號是否正確（尤其台股需要 .TW / .TWO 後綴）
[2026-09-10 08:08:27 台灣時間] ⚠️ 關聯股 1.6T 更新失敗，跳過：抓取 1.6T 失敗，重試 3 次後仍失敗（含嘗試 .TWO 後綴）：1.6T 沒有抓到任何資料；請確認代號是否正確（尤其台股需要 .TW / .TWO 後綴）
[2026-09-10 08:08:32 台灣時間] 完成：6415.TW 趨勢延續分數=18.1（弱偏多延續，納入 12 檔關聯股；其中天數樣本最少的一檔為 241 天（樣本充足（>200，具統計意義）））
[2026-09-10 08:08:32 台灣時間] 處理中：編號22 - 6526.TW
[2026-09-10 08:08:44 台灣時間] ⚠️ 關聯股 800G 更新失敗，跳過：抓取 800G 失敗，重試 3 次後仍失敗（含嘗試 .TWO 後綴）：800G 沒有抓到任何資料；請確認代號是否正確（尤其台股需要 .TW / .TWO 後綴）
[2026-09-10 08:08:49 台灣時間] ⚠️ 關聯股 1.6T 更新失敗，跳過：抓取 1.6T 失敗，重試 3 次後仍失敗（含嘗試 .TWO 後綴）：1.6T 沒有抓到任何資料；請確認代號是否正確（尤其台股需要 .TW / .TWO 後綴）
[2026-09-10 08:08:54 台灣時間] 完成：6526.TW 趨勢延續分數=-4.8（方向不明/觀望，納入 12 檔關聯股；其中天數樣本最少的一檔為 240 天（樣本充足（>200，具統計意義）））
[2026-09-10 08:08:54 台灣時間] 處理中：編號23 - 3231.TW
[2026-09-10 08:09:04 台灣時間] 完成：3231.TW 趨勢延續分數=-55.8（中度偏空延續，納入 6 檔關聯股；其中天數樣本最少的一檔為 100 天（樣本尚可（100–200，具參考意義）））
[2026-09-10 08:09:04 台灣時間] 處理中：編號24 - 2615.TW
[2026-09-10 08:09:10 台灣時間] ⚠️ 關聯股 SCFI 更新失敗，跳過：抓取 SCFI 失敗，重試 3 次後仍失敗（含嘗試 .TWO 後綴）：SCFI 沒有抓到任何資料；請確認代號是否正確（尤其台股需要 .TW / .TWO 後綴）
[2026-09-10 08:09:13 台灣時間] 完成：2615.TW 趨勢延續分數=100.0（強烈偏多延續，納入 3 檔關聯股；其中天數樣本最少的一檔為 234 天（樣本充足（>200，具統計意義）））
[2026-09-10 08:09:13 台灣時間] 處理中：編號25 - 8039.TW
[2026-09-10 08:09:16 台灣時間] 完成：8039.TW 趨勢延續分數=10.8（弱偏多延續，納入 3 檔關聯股；其中天數樣本最少的一檔為 250 天（樣本充足（>200，具統計意義）））
[2026-09-10 08:09:16 台灣時間] 處理中：編號26 - 2301.TW
[2026-09-10 08:09:21 台灣時間] ⚠️ 關聯股 DELTA 更新失敗，跳過：抓取 DELTA 失敗，重試 3 次後仍失敗（含嘗試 .TWO 後綴）：DELTA 沒有抓到任何資料；請確認代號是否正確（尤其台股需要 .TW / .TWO 後綴）
[2026-09-10 08:09:23 台灣時間] 完成：2301.TW 趨勢延續分數=-14.6（弱偏空延續，納入 2 檔關聯股；其中天數樣本最少的一檔為 220 天（樣本充足（>200，具統計意義）））
[2026-09-10 08:09:23 台灣時間] 處理中：編號27 - 2464.TW
[2026-09-10 08:09:32 台灣時間] 完成：2464.TW 趨勢延續分數=-41.1（中度偏空延續，納入 4 檔關聯股；其中天數樣本最少的一檔為 248 天（樣本充足（>200，具統計意義）））
[2026-09-10 08:09:32 台灣時間] 處理中：編號28 - 2059.TW
[2026-09-10 08:09:37 台灣時間] ⚠️ 關聯股 ACW 更新失敗，跳過：抓取 ACW 失敗，重試 3 次後仍失敗（含嘗試 .TWO 後綴）：ACW 沒有抓到任何資料；請確認代號是否正確（尤其台股需要 .TW / .TWO 後綴）
[2026-09-10 08:09:40 台灣時間] 完成：2059.TW 趨勢延續分數=100.0（強烈偏多延續，納入 2 檔關聯股；其中天數樣本最少的一檔為 245 天（樣本充足（>200，具統計意義）））
[2026-09-10 08:09:40 台灣時間] 處理中：編號29 - 6214.TW
[2026-09-10 08:09:44 台灣時間] 完成：6214.TW 趨勢延續分數=-42.8（中度偏空延續，納入 4 檔關聯股；其中天數樣本最少的一檔為 215 天（樣本充足（>200，具統計意義）））
[2026-09-10 08:09:44 台灣時間] 處理中：編號30 - 2395.TW
[2026-09-10 08:09:49 台灣時間] ⚠️ 關聯股 ADLINK 更新失敗，跳過：抓取 ADLINK 失敗，重試 3 次後仍失敗（含嘗試 .TWO 後綴）：ADLINK 沒有抓到任何資料；請確認代號是否正確（尤其台股需要 .TW / .TWO 後綴）
[2026-09-10 08:09:52 台灣時間] 完成：2395.TW 趨勢延續分數=100.0（強烈偏多延續，納入 3 檔關聯股；其中天數樣本最少的一檔為 244 天（樣本充足（>200，具統計意義）））
[2026-09-10 08:09:52 台灣時間] 處理中：編號31 - 2474.TW
[2026-09-10 08:09:58 台灣時間] 完成：2474.TW 趨勢延續分數=77.4（強烈偏多延續，納入 6 檔關聯股；其中天數樣本最少的一檔為 226 天（樣本充足（>200，具統計意義）））
[2026-09-10 08:09:58 台灣時間] 處理中：編號32 - 8103.TW
[2026-09-10 08:10:03 台灣時間] 完成：8103.TW 趨勢延續分數=29.7（弱偏多延續，納入 5 檔關聯股；其中天數樣本最少的一檔為 243 天（樣本充足（>200，具統計意義）））
[2026-09-10 08:10:03 台灣時間] 處理中：編號33 - 6531.TW
[2026-09-10 08:10:11 台灣時間] ⚠️ 關聯股 HPC 更新失敗，跳過：抓取 HPC 失敗，重試 3 次後仍失敗（含嘗試 .TWO 後綴）：HPC 沒有抓到任何資料；請確認代號是否正確（尤其台股需要 .TW / .TWO 後綴）
[2026-09-10 08:10:18 台灣時間] ⚠️ 關聯股 DTC 更新失敗，跳過：抓取 DTC 失敗，重試 3 次後仍失敗（含嘗試 .TWO 後綴）：DTC 沒有抓到任何資料；請確認代號是否正確（尤其台股需要 .TW / .TWO 後綴）
[2026-09-10 08:10:23 台灣時間] ⚠️ 關聯股 PDK 更新失敗，跳過：抓取 PDK 失敗，重試 3 次後仍失敗（含嘗試 .TWO 後綴）：PDK 沒有抓到任何資料；請確認代號是否正確（尤其台股需要 .TW / .TWO 後綴）
[2026-09-10 08:10:24 台灣時間] 完成：6531.TW 趨勢延續分數=-69.6（中度偏空延續，納入 5 檔關聯股；其中天數樣本最少的一檔為 103 天（樣本尚可（100–200，具參考意義）））
[2026-09-10 08:10:24 台灣時間] 處理中：編號33 - 6770.TW
[2026-09-10 08:10:32 台灣時間] ⚠️ 關聯股 HPC 更新失敗，跳過：抓取 HPC 失敗，重試 3 次後仍失敗（含嘗試 .TWO 後綴）：HPC 沒有抓到任何資料；請確認代號是否正確（尤其台股需要 .TW / .TWO 後綴）
[2026-09-10 08:10:39 台灣時間] ⚠️ 關聯股 DTC 更新失敗，跳過：抓取 DTC 失敗，重試 3 次後仍失敗（含嘗試 .TWO 後綴）：DTC 沒有抓到任何資料；請確認代號是否正確（尤其台股需要 .TW / .TWO 後綴）
[2026-09-10 08:10:44 台灣時間] ⚠️ 關聯股 PDK 更新失敗，跳過：抓取 PDK 失敗，重試 3 次後仍失敗（含嘗試 .TWO 後綴）：PDK 沒有抓到任何資料；請確認代號是否正確（尤其台股需要 .TW / .TWO 後綴）
[2026-09-10 08:10:45 台灣時間] 完成：6770.TW 趨勢延續分數=-93.3（強烈偏空延續，納入 5 檔關聯股；其中天數樣本最少的一檔為 103 天（樣本尚可（100–200，具參考意義）））
[2026-09-10 08:10:45 台灣時間] 處理中：編號33 - 2303.TW
[2026-09-10 08:10:53 台灣時間] ⚠️ 關聯股 HPC 更新失敗，跳過：抓取 HPC 失敗，重試 3 次後仍失敗（含嘗試 .TWO 後綴）：HPC 沒有抓到任何資料；請確認代號是否正確（尤其台股需要 .TW / .TWO 後綴）
[2026-09-10 08:11:00 台灣時間] ⚠️ 關聯股 DTC 更新失敗，跳過：抓取 DTC 失敗，重試 3 次後仍失敗（含嘗試 .TWO 後綴）：DTC 沒有抓到任何資料；請確認代號是否正確（尤其台股需要 .TW / .TWO 後綴）
[2026-09-10 08:11:05 台灣時間] ⚠️ 關聯股 PDK 更新失敗，跳過：抓取 PDK 失敗，重試 3 次後仍失敗（含嘗試 .TWO 後綴）：PDK 沒有抓到任何資料；請確認代號是否正確（尤其台股需要 .TW / .TWO 後綴）
[2026-09-10 08:11:06 台灣時間] 完成：2303.TW 趨勢延續分數=-77.3（強烈偏空延續，納入 5 檔關聯股；其中天數樣本最少的一檔為 101 天（樣本尚可（100–200，具參考意義）））
[2026-09-10 08:11:06 台灣時間] 處理中：編號34 - 2421.TW
[2026-09-10 08:11:12 台灣時間] 完成：2421.TW 趨勢延續分數=-36.6（弱偏空延續，納入 6 檔關聯股；其中天數樣本最少的一檔為 243 天（樣本充足（>200，具統計意義）））
[2026-09-10 08:11:12 台灣時間] 處理中：編號34 - 4931.TW
[2026-09-10 08:11:22 台灣時間] 完成：4931.TW 趨勢延續分數=-41.3（中度偏空延續，納入 6 檔關聯股；其中天數樣本最少的一檔為 246 天（樣本充足（>200，具統計意義）））
[2026-09-10 08:11:22 台灣時間] 處理中：編號35 - 6830.TW
[2026-09-10 08:11:25 台灣時間] 完成：6830.TW 趨勢延續分數=60.4（中度偏多延續，納入 3 檔關聯股；其中天數樣本最少的一檔為 240 天（樣本充足（>200，具統計意義）））
[2026-09-10 08:11:25 台灣時間] 處理中：編號36 - 7711.TW
[2026-09-10 08:11:30 台灣時間] 完成：7711.TW 趨勢延續分數=36.1（弱偏多延續，納入 6 檔關聯股；其中天數樣本最少的一檔為 179 天（樣本尚可（100–200，具參考意義）））
[2026-09-10 08:11:30 台灣時間] 處理中：編號37 - 3234.TW
[2026-09-10 08:11:41 台灣時間] ⚠️ 關聯股 800G 更新失敗，跳過：抓取 800G 失敗，重試 3 次後仍失敗（含嘗試 .TWO 後綴）：800G 沒有抓到任何資料；請確認代號是否正確（尤其台股需要 .TW / .TWO 後綴）
[2026-09-10 08:11:54 台灣時間] 完成：3234.TW 趨勢延續分數=-43.4（中度偏空延續，納入 5 檔關聯股；其中天數樣本最少的一檔為 250 天（樣本充足（>200，具統計意義）））
[2026-09-10 08:11:54 台灣時間] 處理中：編號38 - 6291.TW
[2026-09-10 08:12:18 台灣時間] 完成：6291.TW 趨勢延續分數=-34.9（弱偏空延續，納入 5 檔關聯股；其中天數樣本最少的一檔為 254 天（樣本充足（>200，具統計意義）））
[2026-09-10 08:12:18 台灣時間] 處理中：編號39 - 4908.TW
[2026-09-10 08:12:24 台灣時間] 完成：4908.TW 趨勢延續分數=-100.0（強烈偏空延續，納入 2 檔關聯股；其中天數樣本最少的一檔為 251 天（樣本充足（>200，具統計意義）））
[2026-09-10 08:12:24 台灣時間] 每日摘要已存到 /home/runner/work/brian670126/brian670126/reports/summary_2026-09-10.csv
[2026-09-10 08:12:24 台灣時間] 本次執行完畢

[2026-09-10 09:36:15 台灣時間] 開始執行每日分析，共 97 檔目標股
[2026-09-10 09:36:15 台灣時間] 處理中：編號1 - 3661.TW
[2026-09-10 09:36:53 台灣時間] 完成：3661.TW 趨勢延續分數=-25.7（弱偏空延續，納入 17 檔關聯股；其中天數樣本最少的一檔為 247 天（樣本充足（>200，具統計意義）））
[2026-09-10 09:36:53 台灣時間] 處理中：編號1 - 3443.TW
[2026-09-10 09:37:26 台灣時間] 完成：3443.TW 趨勢延續分數=-10.0（方向不明/觀望，納入 17 檔關聯股；其中天數樣本最少的一檔為 242 天（樣本充足（>200，具統計意義）））
[2026-09-10 09:37:26 台灣時間] 處理中：編號1 - 3035.TW
[2026-09-10 09:38:00 台灣時間] 完成：3035.TW 趨勢延續分數=-13.7（弱偏空延續，納入 17 檔關聯股；其中天數樣本最少的一檔為 239 天（樣本充足（>200，具統計意義）））
[2026-09-10 09:38:00 台灣時間] 處理中：編號1 - 8227.TW
[2026-09-10 09:38:39 台灣時間] 完成：8227.TW 趨勢延續分數=-12.2（弱偏空延續，納入 17 檔關聯股；其中天數樣本最少的一檔為 240 天（樣本充足（>200，具統計意義）））
[2026-09-10 09:38:39 台灣時間] 處理中：編號1 - 7707.TW
[2026-09-10 09:39:17 台灣時間] 完成：7707.TW 趨勢延續分數=-11.9（弱偏空延續，納入 17 檔關聯股；其中天數樣本最少的一檔為 237 天（樣本充足（>200，具統計意義）））
[2026-09-10 09:39:17 台灣時間] 處理中：編號1 - 7796.TW
[2026-09-10 09:39:56 台灣時間] 完成：7796.TW 趨勢延續分數=2.6（方向不明/觀望，納入 17 檔關聯股；其中天數樣本最少的一檔為 236 天（樣本充足（>200，具統計意義）））
[2026-09-10 09:39:56 台灣時間] 處理中：編號1 - 2454.TW
[2026-09-10 09:40:29 台灣時間] 完成：2454.TW 趨勢延續分數=-11.3（弱偏空延續，納入 17 檔關聯股；其中天數樣本最少的一檔為 232 天（樣本充足（>200，具統計意義）））
[2026-09-10 09:40:29 台灣時間] 處理中：編號1 - 2379.TW
[2026-09-10 09:41:03 台灣時間] 完成：2379.TW 趨勢延續分數=-25.6（弱偏空延續，納入 17 檔關聯股；其中天數樣本最少的一檔為 237 天（樣本充足（>200，具統計意義）））
[2026-09-10 09:41:03 台灣時間] 處理中：編號1 - 3034.TW
[2026-09-10 09:41:37 台灣時間] 完成：3034.TW 趨勢延續分數=-13.3（弱偏空延續，納入 17 檔關聯股；其中天數樣本最少的一檔為 243 天（樣本充足（>200，具統計意義）））
[2026-09-10 09:41:37 台灣時間] 處理中：編號1 - 8054.TW
[2026-09-10 09:42:15 台灣時間] 完成：8054.TW 趨勢延續分數=-19.6（弱偏空延續，納入 17 檔關聯股；其中天數樣本最少的一檔為 238 天（樣本充足（>200，具統計意義）））
[2026-09-10 09:42:15 台灣時間] 處理中：編號1 - 6695.TW
[2026-09-10 09:42:49 台灣時間] 完成：6695.TW 趨勢延續分數=-11.3（弱偏空延續，納入 17 檔關聯股；其中天數樣本最少的一檔為 246 天（樣本充足（>200，具統計意義）））
[2026-09-10 09:42:49 台灣時間] 處理中：編號1 - 2388.TW
[2026-09-10 09:43:22 台灣時間] 完成：2388.TW 趨勢延續分數=-12.5（弱偏空延續，納入 17 檔關聯股；其中天數樣本最少的一檔為 244 天（樣本充足（>200，具統計意義）））
[2026-09-10 09:43:22 台灣時間] 處理中：編號1 - 2363.TW
[2026-09-10 09:43:56 台灣時間] 完成：2363.TW 趨勢延續分數=-14.9（弱偏空延續，納入 17 檔關聯股；其中天數樣本最少的一檔為 246 天（樣本充足（>200，具統計意義）））
[2026-09-10 09:43:56 台灣時間] 處理中：編號1 - 3041.TW
[2026-09-10 09:44:30 台灣時間] 完成：3041.TW 趨勢延續分數=-8.7（方向不明/觀望，納入 17 檔關聯股；其中天數樣本最少的一檔為 239 天（樣本充足（>200，具統計意義）））
[2026-09-10 09:44:30 台灣時間] 處理中：編號3 - 8299.TW
[2026-09-10 09:44:47 台灣時間] 完成：8299.TW 趨勢延續分數=-36.2（弱偏空延續，納入 8 檔關聯股；其中天數樣本最少的一檔為 239 天（樣本充足（>200，具統計意義）））
[2026-09-10 09:44:47 台灣時間] 處理中：編號4 - 2337.TW
[2026-09-10 09:44:50 台灣時間] 完成：2337.TW 趨勢延續分數=-25.9（弱偏空延續，納入 3 檔關聯股；其中天數樣本最少的一檔為 252 天（樣本充足（>200，具統計意義）））
[2026-09-10 09:44:50 台灣時間] 處理中：編號4 - 2344.TW
[2026-09-10 09:44:53 台灣時間] 完成：2344.TW 趨勢延續分數=-31.5（弱偏空延續，納入 3 檔關聯股；其中天數樣本最少的一檔為 254 天（樣本充足（>200，具統計意義）））
[2026-09-10 09:44:53 台灣時間] 處理中：編號5 - 6239.TW
[2026-09-10 09:45:04 台灣時間] ⚠️ 關聯股 JCET 更新失敗，跳過：抓取 JCET 失敗，重試 3 次後仍失敗（含嘗試 .TWO 後綴）：JCET 沒有抓到任何資料；請確認代號是否正確（尤其台股需要 .TW / .TWO 後綴）
[2026-09-10 09:45:13 台灣時間] 完成：6239.TW 趨勢延續分數=-7.2（方向不明/觀望，納入 10 檔關聯股；其中天數樣本最少的一檔為 102 天（樣本尚可（100–200，具參考意義）））
[2026-09-10 09:45:13 台灣時間] 處理中：編號5 - 2329.TW
[2026-09-10 09:45:23 台灣時間] ⚠️ 關聯股 JCET 更新失敗，跳過：抓取 JCET 失敗，重試 3 次後仍失敗（含嘗試 .TWO 後綴）：JCET 沒有抓到任何資料；請確認代號是否正確（尤其台股需要 .TW / .TWO 後綴）
[2026-09-10 09:45:32 台灣時間] 完成：2329.TW 趨勢延續分數=-8.8（方向不明/觀望，納入 10 檔關聯股；其中天數樣本最少的一檔為 104 天（樣本尚可（100–200，具參考意義）））
[2026-09-10 09:45:32 台灣時間] 處理中：編號5 - 8110.TW
[2026-09-10 09:45:42 台灣時間] ⚠️ 關聯股 JCET 更新失敗，跳過：抓取 JCET 失敗，重試 3 次後仍失敗（含嘗試 .TWO 後綴）：JCET 沒有抓到任何資料；請確認代號是否正確（尤其台股需要 .TW / .TWO 後綴）
[2026-09-10 09:45:51 台灣時間] 完成：8110.TW 趨勢延續分數=-1.7（方向不明/觀望，納入 10 檔關聯股；其中天數樣本最少的一檔為 102 天（樣本尚可（100–200，具參考意義）））
[2026-09-10 09:45:51 台灣時間] 處理中：編號5 - 8150.TW
[2026-09-10 09:46:01 台灣時間] ⚠️ 關聯股 JCET 更新失敗，跳過：抓取 JCET 失敗，重試 3 次後仍失敗（含嘗試 .TWO 後綴）：JCET 沒有抓到任何資料；請確認代號是否正確（尤其台股需要 .TW / .TWO 後綴）
[2026-09-10 09:46:10 台灣時間] 完成：8150.TW 趨勢延續分數=-12.4（弱偏空延續，納入 10 檔關聯股；其中天數樣本最少的一檔為 105 天（樣本尚可（100–200，具參考意義）））
[2026-09-10 09:46:10 台灣時間] 處理中：編號6 - 6147.TW
[2026-09-10 09:46:23 台灣時間] 完成：6147.TW 趨勢延續分數=-100.0（強烈偏空延續，納入 8 檔關聯股；其中天數樣本最少的一檔為 242 天（樣本充足（>200，具統計意義）））
[2026-09-10 09:46:23 台灣時間] 處理中：編號7 - 2449.TW
[2026-09-10 09:46:40 台灣時間] 完成：2449.TW 趨勢延續分數=-14.8（弱偏空延續，納入 9 檔關聯股；其中天數樣本最少的一檔為 250 天（樣本充足（>200，具統計意義）））
[2026-09-10 09:46:40 台灣時間] 處理中：編號7 - 6257.TW
[2026-09-10 09:46:58 台灣時間] 完成：6257.TW 趨勢延續分數=-15.4（弱偏空延續，納入 9 檔關聯股；其中天數樣本最少的一檔為 249 天（樣本充足（>200，具統計意義）））
[2026-09-10 09:46:58 台灣時間] 處理中：編號7 - 3264.TW
[2026-09-10 09:47:20 台灣時間] 完成：3264.TW 趨勢延續分數=-13.6（弱偏空延續，納入 9 檔關聯股；其中天數樣本最少的一檔為 255 天（樣本充足（>200，具統計意義）））
[2026-09-10 09:47:20 台灣時間] 處理中：編號8 - 6223.TW
[2026-09-10 09:47:43 台灣時間] 完成：6223.TW 趨勢延續分數=-60.9（中度偏空延續，納入 10 檔關聯股；其中天數樣本最少的一檔為 241 天（樣本充足（>200，具統計意義）））
[2026-09-10 09:47:43 台灣時間] 處理中：編號8 - 6510.TW
[2026-09-10 09:48:06 台灣時間] 完成：6510.TW 趨勢延續分數=-71.2（強烈偏空延續，納入 10 檔關聯股；其中天數樣本最少的一檔為 239 天（樣本充足（>200，具統計意義）））
[2026-09-10 09:48:06 台灣時間] 處理中：編號8 - 6515.TW
[2026-09-10 09:48:24 台灣時間] 完成：6515.TW 趨勢延續分數=-50.1（中度偏空延續，納入 10 檔關聯股；其中天數樣本最少的一檔為 243 天（樣本充足（>200，具統計意義）））
[2026-09-10 09:48:24 台灣時間] 處理中：編號9 - 6488.TW
[2026-09-10 09:48:38 台灣時間] 完成：6488.TW 趨勢延續分數=-41.7（中度偏空延續，納入 9 檔關聯股；其中天數樣本最少的一檔為 241 天（樣本充足（>200，具統計意義）））
[2026-09-10 09:48:38 台灣時間] 處理中：編號9 - 5483.TW
[2026-09-10 09:48:51 台灣時間] 完成：5483.TW 趨勢延續分數=-42.9（中度偏空延續，納入 9 檔關聯股；其中天數樣本最少的一檔為 234 天（樣本充足（>200，具統計意義）））
[2026-09-10 09:48:51 台灣時間] 處理中：編號10 - 3037.TW
[2026-09-10 09:48:57 台灣時間] 完成：3037.TW 趨勢延續分數=-32.7（弱偏空延續，納入 7 檔關聯股；其中天數樣本最少的一檔為 240 天（樣本充足（>200，具統計意義）））
[2026-09-10 09:48:57 台灣時間] 處理中：編號10 - 8046.TW
[2026-09-10 09:49:04 台灣時間] 完成：8046.TW 趨勢延續分數=-22.7（弱偏空延續，納入 7 檔關聯股；其中天數樣本最少的一檔為 242 天（樣本充足（>200，具統計意義）））
[2026-09-10 09:49:04 台灣時間] 處理中：編號10 - 3189.TW
[2026-09-10 09:49:11 台灣時間] 完成：3189.TW 趨勢延續分數=-36.8（弱偏空延續，納入 7 檔關聯股；其中天數樣本最少的一檔為 236 天（樣本充足（>200，具統計意義）））
[2026-09-10 09:49:11 台灣時間] 處理中：編號11 - 1815.TW
[2026-09-10 09:49:30 台灣時間] 完成：1815.TW 趨勢延續分數=-52.5（中度偏空延續，納入 5 檔關聯股；其中天數樣本最少的一檔為 244 天（樣本充足（>200，具統計意義）））
[2026-09-10 09:49:30 台灣時間] 處理中：編號11 - 1802.TW
[2026-09-10 09:49:44 台灣時間] 完成：1802.TW 趨勢延續分數=-50.1（中度偏空延續，納入 5 檔關聯股；其中天數樣本最少的一檔為 242 天（樣本充足（>200，具統計意義）））
[2026-09-10 09:49:44 台灣時間] 處理中：編號11 - 5475.TW
[2026-09-10 09:50:03 台灣時間] 完成：5475.TW 趨勢延續分數=-54.7（中度偏空延續，納入 5 檔關聯股；其中天數樣本最少的一檔為 243 天（樣本充足（>200，具統計意義）））
[2026-09-10 09:50:03 台灣時間] 處理中：編號11 - 1446.TW
[2026-09-10 09:50:16 台灣時間] 完成：1446.TW 趨勢延續分數=-48.3（中度偏空延續，納入 5 檔關聯股；其中天數樣本最少的一檔為 219 天（樣本充足（>200，具統計意義）））
[2026-09-10 09:50:16 台灣時間] 處理中：編號12 - 8358.TW
[2026-09-10 09:50:32 台灣時間] 完成：8358.TW 趨勢延續分數=-49.5（中度偏空延續，納入 6 檔關聯股；其中天數樣本最少的一檔為 245 天（樣本充足（>200，具統計意義）））
[2026-09-10 09:50:32 台灣時間] 處理中：編號12 - 1303.TW
[2026-09-10 09:50:42 台灣時間] 完成：1303.TW 趨勢延續分數=-57.8（中度偏空延續，納入 6 檔關聯股；其中天數樣本最少的一檔為 240 天（樣本充足（>200，具統計意義）））
[2026-09-10 09:50:42 台灣時間] 處理中：編號12 - 4989.TW
[2026-09-10 09:50:52 台灣時間] 完成：4989.TW 趨勢延續分數=-39.9（弱偏空延續，納入 6 檔關聯股；其中天數樣本最少的一檔為 241 天（樣本充足（>200，具統計意義）））
[2026-09-10 09:50:52 台灣時間] 處理中：編號13 - 2383.TW
[2026-09-10 09:50:57 台灣時間] ⚠️ 關聯股 HVLP 更新失敗，跳過：抓取 HVLP 失敗，重試 3 次後仍失敗（含嘗試 .TWO 後綴）：HVLP 沒有抓到任何資料；請確認代號是否正確（尤其台股需要 .TW / .TWO 後綴）
[2026-09-10 09:51:12 台灣時間] 完成：2383.TW 趨勢延續分數=-45.6（中度偏空延續，納入 6 檔關聯股；其中天數樣本最少的一檔為 252 天（樣本充足（>200，具統計意義）））
[2026-09-10 09:51:12 台灣時間] 處理中：編號13 - 6274.TW
[2026-09-10 09:51:21 台灣時間] ⚠️ 關聯股 HVLP 更新失敗，跳過：抓取 HVLP 失敗，重試 3 次後仍失敗（含嘗試 .TWO 後綴）：HVLP 沒有抓到任何資料；請確認代號是否正確（尤其台股需要 .TW / .TWO 後綴）
[2026-09-10 09:51:37 台灣時間] 完成：6274.TW 趨勢延續分數=-44.0（中度偏空延續，納入 6 檔關聯股；其中天數樣本最少的一檔為 253 天（樣本充足（>200，具統計意義）））
[2026-09-10 09:51:37 台灣時間] 處理中：編號13 - 6213.TW
[2026-09-10 09:51:42 台灣時間] ⚠️ 關聯股 HVLP 更新失敗，跳過：抓取 HVLP 失敗，重試 3 次後仍失敗（含嘗試 .TWO 後綴）：HVLP 沒有抓到任何資料；請確認代號是否正確（尤其台股需要 .TW / .TWO 後綴）
[2026-09-10 09:51:57 台灣時間] 完成：6213.TW 趨勢延續分數=-20.7（弱偏空延續，納入 6 檔關聯股；其中天數樣本最少的一檔為 254 天（樣本充足（>200，具統計意義）））
[2026-09-10 09:51:57 台灣時間] 處理中：編號14 - 2368.TW
[2026-09-10 09:52:10 台灣時間] 完成：2368.TW 趨勢延續分數=-30.3（弱偏空延續，納入 9 檔關聯股；其中天數樣本最少的一檔為 244 天（樣本充足（>200，具統計意義）））
[2026-09-10 09:52:10 台灣時間] 處理中：編號14 - 3044.TW
[2026-09-10 09:52:23 台灣時間] 完成：3044.TW 趨勢延續分數=-21.5（弱偏空延續，納入 9 檔關聯股；其中天數樣本最少的一檔為 244 天（樣本充足（>200，具統計意義）））
[2026-09-10 09:52:23 台灣時間] 處理中：編號14 - 2313.TW
[2026-09-10 09:52:36 台灣時間] 完成：2313.TW 趨勢延續分數=-33.4（弱偏空延續，納入 9 檔關聯股；其中天數樣本最少的一檔為 247 天（樣本充足（>200，具統計意義）））
[2026-09-10 09:52:36 台灣時間] 處理中：編號15 - 2327.TW
[2026-09-10 09:52:48 台灣時間] ⚠️ 關聯股 SEMCO 更新失敗，跳過：抓取 SEMCO 失敗，重試 3 次後仍失敗（含嘗試 .TWO 後綴）：SEMCO 沒有抓到任何資料；請確認代號是否正確（尤其台股需要 .TW / .TWO 後綴）
[2026-09-10 09:52:55 台灣時間] ⚠️ 關聯股 TDK 更新失敗，跳過：抓取 TDK 失敗，重試 3 次後仍失敗（含嘗試 .TWO 後綴）：TDK 沒有抓到任何資料；請確認代號是否正確（尤其台股需要 .TW / .TWO 後綴）
[2026-09-10 09:53:00 台灣時間] 完成：2327.TW 趨勢延續分數=-54.6（中度偏空延續，納入 8 檔關聯股；其中天數樣本最少的一檔為 228 天（樣本充足（>200，具統計意義）））
[2026-09-10 09:53:00 台灣時間] 處理中：編號15 - 2492.TW
[2026-09-10 09:53:12 台灣時間] ⚠️ 關聯股 SEMCO 更新失敗，跳過：抓取 SEMCO 失敗，重試 3 次後仍失敗（含嘗試 .TWO 後綴）：SEMCO 沒有抓到任何資料；請確認代號是否正確（尤其台股需要 .TW / .TWO 後綴）
[2026-09-10 09:53:18 台灣時間] ⚠️ 關聯股 TDK 更新失敗，跳過：抓取 TDK 失敗，重試 3 次後仍失敗（含嘗試 .TWO 後綴）：TDK 沒有抓到任何資料；請確認代號是否正確（尤其台股需要 .TW / .TWO 後綴）
[2026-09-10 09:53:22 台灣時間] 完成：2492.TW 趨勢延續分數=-63.4（中度偏空延續，納入 8 檔關聯股；其中天數樣本最少的一檔為 231 天（樣本充足（>200，具統計意義）））
[2026-09-10 09:53:22 台灣時間] 處理中：編號15 - 6173.TW
[2026-09-10 09:53:39 台灣時間] ⚠️ 關聯股 SEMCO 更新失敗，跳過：抓取 SEMCO 失敗，重試 3 次後仍失敗（含嘗試 .TWO 後綴）：SEMCO 沒有抓到任何資料；請確認代號是否正確（尤其台股需要 .TW / .TWO 後綴）
[2026-09-10 09:53:45 台灣時間] ⚠️ 關聯股 TDK 更新失敗，跳過：抓取 TDK 失敗，重試 3 次後仍失敗（含嘗試 .TWO 後綴）：TDK 沒有抓到任何資料；請確認代號是否正確（尤其台股需要 .TW / .TWO 後綴）
[2026-09-10 09:53:50 台灣時間] 完成：6173.TW 趨勢延續分數=-64.0（中度偏空延續，納入 8 檔關聯股；其中天數樣本最少的一檔為 238 天（樣本充足（>200，具統計意義）））
[2026-09-10 09:53:50 台灣時間] 處理中：編號16 - 2382.TW
[2026-09-10 09:54:00 台灣時間] 完成：2382.TW 趨勢延續分數=-41.5（中度偏空延續，納入 10 檔關聯股；其中天數樣本最少的一檔為 239 天（樣本充足（>200，具統計意義）））
[2026-09-10 09:54:00 台灣時間] 處理中：編號16 - 6669.TW
[2026-09-10 09:54:09 台灣時間] 完成：6669.TW 趨勢延續分數=-50.3（中度偏空延續，納入 10 檔關聯股；其中天數樣本最少的一檔為 246 天（樣本充足（>200，具統計意義）））
[2026-09-10 09:54:09 台灣時間] 處理中：編號16 - 2376.TW
[2026-09-10 09:54:18 台灣時間] 完成：2376.TW 趨勢延續分數=-43.1（中度偏空延續，納入 10 檔關聯股；其中天數樣本最少的一檔為 239 天（樣本充足（>200，具統計意義）））
[2026-09-10 09:54:18 台灣時間] 處理中：編號16 - 2377.TW
[2026-09-10 09:54:28 台灣時間] 完成：2377.TW 趨勢延續分數=-41.4（中度偏空延續，納入 10 檔關聯股；其中天數樣本最少的一檔為 233 天（樣本充足（>200，具統計意義）））
[2026-09-10 09:54:28 台灣時間] 處理中：編號16 - 2357.TW
[2026-09-10 09:54:37 台灣時間] 完成：2357.TW 趨勢延續分數=-50.8（中度偏空延續，納入 10 檔關聯股；其中天數樣本最少的一檔為 230 天（樣本充足（>200，具統計意義）））
[2026-09-10 09:54:37 台灣時間] 處理中：編號17 - 3324.TW
[2026-09-10 09:54:50 台灣時間] 完成：3324.TW 趨勢延續分數=-80.1（強烈偏空延續，納入 9 檔關聯股；其中天數樣本最少的一檔為 231 天（樣本充足（>200，具統計意義）））
[2026-09-10 09:54:50 台灣時間] 處理中：編號17 - 3017.TW
[2026-09-10 09:54:59 台灣時間] 完成：3017.TW 趨勢延續分數=-84.0（強烈偏空延續，納入 9 檔關聯股；其中天數樣本最少的一檔為 242 天（樣本充足（>200，具統計意義）））
[2026-09-10 09:54:59 台灣時間] 處理中：編號17 - 3653.TW
[2026-09-10 09:55:07 台灣時間] 完成：3653.TW 趨勢延續分數=-83.9（強烈偏空延續，納入 9 檔關聯股；其中天數樣本最少的一檔為 240 天（樣本充足（>200，具統計意義）））
[2026-09-10 09:55:07 台灣時間] 處理中：編號18 - 3081.TW
[2026-09-10 09:55:17 台灣時間] ⚠️ 關聯股 MOCVD 更新失敗，跳過：抓取 MOCVD 失敗，重試 3 次後仍失敗（含嘗試 .TWO 後綴）：MOCVD 沒有抓到任何資料；請確認代號是否正確（尤其台股需要 .TW / .TWO 後綴）
[2026-09-10 09:55:23 台灣時間] ⚠️ 關聯股 MBE 更新失敗，跳過：抓取 MBE 失敗，重試 3 次後仍失敗（含嘗試 .TWO 後綴）：MBE 沒有抓到任何資料；請確認代號是否正確（尤其台股需要 .TW / .TWO 後綴）
[2026-09-10 09:55:30 台灣時間] ⚠️ 關聯股 FAU 更新失敗，跳過：抓取 FAU 失敗，重試 3 次後仍失敗（含嘗試 .TWO 後綴）：FAU 沒有抓到任何資料；請確認代號是否正確（尤其台股需要 .TW / .TWO 後綴）
[2026-09-10 09:55:36 台灣時間] ⚠️ 關聯股 CPO 更新失敗，跳過：抓取 CPO 失敗，重試 3 次後仍失敗（含嘗試 .TWO 後綴）：CPO 沒有抓到任何資料；請確認代號是否正確（尤其台股需要 .TW / .TWO 後綴）
[2026-09-10 09:55:51 台灣時間] ⚠️ 關聯股 800G 更新失敗，跳過：抓取 800G 失敗，重試 3 次後仍失敗（含嘗試 .TWO 後綴）：800G 沒有抓到任何資料；請確認代號是否正確（尤其台股需要 .TW / .TWO 後綴）
[2026-09-10 09:55:56 台灣時間] ⚠️ 關聯股 IET 更新失敗，跳過：抓取 IET 失敗，重試 3 次後仍失敗（含嘗試 .TWO 後綴）：IET 沒有抓到任何資料；請確認代號是否正確（尤其台股需要 .TW / .TWO 後綴）
[2026-09-10 09:55:57 台灣時間] 完成：3081.TW 趨勢延續分數=-29.9（弱偏空延續，納入 12 檔關聯股；其中天數樣本最少的一檔為 243 天（樣本充足（>200，具統計意義）））
[2026-09-10 09:55:57 台灣時間] 處理中：編號18 - 2455.TW
[2026-09-10 09:56:02 台灣時間] ⚠️ 關聯股 MOCVD 更新失敗，跳過：抓取 MOCVD 失敗，重試 3 次後仍失敗（含嘗試 .TWO 後綴）：MOCVD 沒有抓到任何資料；請確認代號是否正確（尤其台股需要 .TW / .TWO 後綴）
[2026-09-10 09:56:07 台灣時間] ⚠️ 關聯股 MBE 更新失敗，跳過：抓取 MBE 失敗，重試 3 次後仍失敗（含嘗試 .TWO 後綴）：MBE 沒有抓到任何資料；請確認代號是否正確（尤其台股需要 .TW / .TWO 後綴）
[2026-09-10 09:56:15 台灣時間] ⚠️ 關聯股 FAU 更新失敗，跳過：抓取 FAU 失敗，重試 3 次後仍失敗（含嘗試 .TWO 後綴）：FAU 沒有抓到任何資料；請確認代號是否正確（尤其台股需要 .TW / .TWO 後綴）
[2026-09-10 09:56:21 台灣時間] ⚠️ 關聯股 CPO 更新失敗，跳過：抓取 CPO 失敗，重試 3 次後仍失敗（含嘗試 .TWO 後綴）：CPO 沒有抓到任何資料；請確認代號是否正確（尤其台股需要 .TW / .TWO 後綴）
[2026-09-10 09:56:35 台灣時間] ⚠️ 關聯股 800G 更新失敗，跳過：抓取 800G 失敗，重試 3 次後仍失敗（含嘗試 .TWO 後綴）：800G 沒有抓到任何資料；請確認代號是否正確（尤其台股需要 .TW / .TWO 後綴）
[2026-09-10 09:56:40 台灣時間] ⚠️ 關聯股 IET 更新失敗，跳過：抓取 IET 失敗，重試 3 次後仍失敗（含嘗試 .TWO 後綴）：IET 沒有抓到任何資料；請確認代號是否正確（尤其台股需要 .TW / .TWO 後綴）
[2026-09-10 09:56:41 台灣時間] 完成：2455.TW 趨勢延續分數=-29.9（弱偏空延續，納入 12 檔關聯股；其中天數樣本最少的一檔為 240 天（樣本充足（>200，具統計意義）））
[2026-09-10 09:56:41 台灣時間] 處理中：編號18 - 4991.TW
[2026-09-10 09:56:51 台灣時間] ⚠️ 關聯股 MOCVD 更新失敗，跳過：抓取 MOCVD 失敗，重試 3 次後仍失敗（含嘗試 .TWO 後綴）：MOCVD 沒有抓到任何資料；請確認代號是否正確（尤其台股需要 .TW / .TWO 後綴）
[2026-09-10 09:56:56 台灣時間] ⚠️ 關聯股 MBE 更新失敗，跳過：抓取 MBE 失敗，重試 3 次後仍失敗（含嘗試 .TWO 後綴）：MBE 沒有抓到任何資料；請確認代號是否正確（尤其台股需要 .TW / .TWO 後綴）
[2026-09-10 09:57:03 台灣時間] ⚠️ 關聯股 FAU 更新失敗，跳過：抓取 FAU 失敗，重試 3 次後仍失敗（含嘗試 .TWO 後綴）：FAU 沒有抓到任何資料；請確認代號是否正確（尤其台股需要 .TW / .TWO 後綴）
[2026-09-10 09:57:09 台灣時間] ⚠️ 關聯股 CPO 更新失敗，跳過：抓取 CPO 失敗，重試 3 次後仍失敗（含嘗試 .TWO 後綴）：CPO 沒有抓到任何資料；請確認代號是否正確（尤其台股需要 .TW / .TWO 後綴）
[2026-09-10 09:57:23 台灣時間] ⚠️ 關聯股 800G 更新失敗，跳過：抓取 800G 失敗，重試 3 次後仍失敗（含嘗試 .TWO 後綴）：800G 沒有抓到任何資料；請確認代號是否正確（尤其台股需要 .TW / .TWO 後綴）
[2026-09-10 09:57:29 台灣時間] ⚠️ 關聯股 IET 更新失敗，跳過：抓取 IET 失敗，重試 3 次後仍失敗（含嘗試 .TWO 後綴）：IET 沒有抓到任何資料；請確認代號是否正確（尤其台股需要 .TW / .TWO 後綴）
[2026-09-10 09:57:30 台灣時間] 完成：4991.TW 趨勢延續分數=-33.8（弱偏空延續，納入 12 檔關聯股；其中天數樣本最少的一檔為 241 天（樣本充足（>200，具統計意義）））
[2026-09-10 09:57:30 台灣時間] 處理中：編號18 - 4971.TW
[2026-09-10 09:57:39 台灣時間] ⚠️ 關聯股 MOCVD 更新失敗，跳過：抓取 MOCVD 失敗，重試 3 次後仍失敗（含嘗試 .TWO 後綴）：MOCVD 沒有抓到任何資料；請確認代號是否正確（尤其台股需要 .TW / .TWO 後綴）
[2026-09-10 09:57:45 台灣時間] ⚠️ 關聯股 MBE 更新失敗，跳過：抓取 MBE 失敗，重試 3 次後仍失敗（含嘗試 .TWO 後綴）：MBE 沒有抓到任何資料；請確認代號是否正確（尤其台股需要 .TW / .TWO 後綴）
[2026-09-10 09:57:52 台灣時間] ⚠️ 關聯股 FAU 更新失敗，跳過：抓取 FAU 失敗，重試 3 次後仍失敗（含嘗試 .TWO 後綴）：FAU 沒有抓到任何資料；請確認代號是否正確（尤其台股需要 .TW / .TWO 後綴）
[2026-09-10 09:57:57 台灣時間] ⚠️ 關聯股 CPO 更新失敗，跳過：抓取 CPO 失敗，重試 3 次後仍失敗（含嘗試 .TWO 後綴）：CPO 沒有抓到任何資料；請確認代號是否正確（尤其台股需要 .TW / .TWO 後綴）
[2026-09-10 09:58:12 台灣時間] ⚠️ 關聯股 800G 更新失敗，跳過：抓取 800G 失敗，重試 3 次後仍失敗（含嘗試 .TWO 後綴）：800G 沒有抓到任何資料；請確認代號是否正確（尤其台股需要 .TW / .TWO 後綴）
[2026-09-10 09:58:17 台灣時間] ⚠️ 關聯股 IET 更新失敗，跳過：抓取 IET 失敗，重試 3 次後仍失敗（含嘗試 .TWO 後綴）：IET 沒有抓到任何資料；請確認代號是否正確（尤其台股需要 .TW / .TWO 後綴）
[2026-09-10 09:58:18 台灣時間] 完成：4971.TW 趨勢延續分數=-40.4（中度偏空延續，納入 12 檔關聯股；其中天數樣本最少的一檔為 245 天（樣本充足（>200，具統計意義）））
[2026-09-10 09:58:18 台灣時間] 處理中：編號18 - 3105.TW
[2026-09-10 09:58:28 台灣時間] ⚠️ 關聯股 MOCVD 更新失敗，跳過：抓取 MOCVD 失敗，重試 3 次後仍失敗（含嘗試 .TWO 後綴）：MOCVD 沒有抓到任何資料；請確認代號是否正確（尤其台股需要 .TW / .TWO 後綴）
[2026-09-10 09:58:33 台灣時間] ⚠️ 關聯股 MBE 更新失敗，跳過：抓取 MBE 失敗，重試 3 次後仍失敗（含嘗試 .TWO 後綴）：MBE 沒有抓到任何資料；請確認代號是否正確（尤其台股需要 .TW / .TWO 後綴）
[2026-09-10 09:58:40 台灣時間] ⚠️ 關聯股 FAU 更新失敗，跳過：抓取 FAU 失敗，重試 3 次後仍失敗（含嘗試 .TWO 後綴）：FAU 沒有抓到任何資料；請確認代號是否正確（尤其台股需要 .TW / .TWO 後綴）
[2026-09-10 09:58:46 台灣時間] ⚠️ 關聯股 CPO 更新失敗，跳過：抓取 CPO 失敗，重試 3 次後仍失敗（含嘗試 .TWO 後綴）：CPO 沒有抓到任何資料；請確認代號是否正確（尤其台股需要 .TW / .TWO 後綴）
[2026-09-10 09:59:00 台灣時間] ⚠️ 關聯股 800G 更新失敗，跳過：抓取 800G 失敗，重試 3 次後仍失敗（含嘗試 .TWO 後綴）：800G 沒有抓到任何資料；請確認代號是否正確（尤其台股需要 .TW / .TWO 後綴）
[2026-09-10 09:59:06 台灣時間] ⚠️ 關聯股 IET 更新失敗，跳過：抓取 IET 失敗，重試 3 次後仍失敗（含嘗試 .TWO 後綴）：IET 沒有抓到任何資料；請確認代號是否正確（尤其台股需要 .TW / .TWO 後綴）
[2026-09-10 09:59:07 台灣時間] 完成：3105.TW 趨勢延續分數=-42.6（中度偏空延續，納入 12 檔關聯股；其中天數樣本最少的一檔為 242 天（樣本充足（>200，具統計意義）））
[2026-09-10 09:59:07 台灣時間] 處理中：編號18 - 8086.TW
[2026-09-10 09:59:16 台灣時間] ⚠️ 關聯股 MOCVD 更新失敗，跳過：抓取 MOCVD 失敗，重試 3 次後仍失敗（含嘗試 .TWO 後綴）：MOCVD 沒有抓到任何資料；請確認代號是否正確（尤其台股需要 .TW / .TWO 後綴）
[2026-09-10 09:59:21 台灣時間] ⚠️ 關聯股 MBE 更新失敗，跳過：抓取 MBE 失敗，重試 3 次後仍失敗（含嘗試 .TWO 後綴）：MBE 沒有抓到任何資料；請確認代號是否正確（尤其台股需要 .TW / .TWO 後綴）
[2026-09-10 09:59:29 台灣時間] ⚠️ 關聯股 FAU 更新失敗，跳過：抓取 FAU 失敗，重試 3 次後仍失敗（含嘗試 .TWO 後綴）：FAU 沒有抓到任何資料；請確認代號是否正確（尤其台股需要 .TW / .TWO 後綴）
[2026-09-10 09:59:34 台灣時間] ⚠️ 關聯股 CPO 更新失敗，跳過：抓取 CPO 失敗，重試 3 次後仍失敗（含嘗試 .TWO 後綴）：CPO 沒有抓到任何資料；請確認代號是否正確（尤其台股需要 .TW / .TWO 後綴）
[2026-09-10 09:59:49 台灣時間] ⚠️ 關聯股 800G 更新失敗，跳過：抓取 800G 失敗，重試 3 次後仍失敗（含嘗試 .TWO 後綴）：800G 沒有抓到任何資料；請確認代號是否正確（尤其台股需要 .TW / .TWO 後綴）
[2026-09-10 09:59:54 台灣時間] ⚠️ 關聯股 IET 更新失敗，跳過：抓取 IET 失敗，重試 3 次後仍失敗（含嘗試 .TWO 後綴）：IET 沒有抓到任何資料；請確認代號是否正確（尤其台股需要 .TW / .TWO 後綴）
[2026-09-10 09:59:55 台灣時間] 完成：8086.TW 趨勢延續分數=-47.6（中度偏空延續，納入 12 檔關聯股；其中天數樣本最少的一檔為 234 天（樣本充足（>200，具統計意義）））
[2026-09-10 09:59:55 台灣時間] 處理中：編號18 - 3363.TW
[2026-09-10 10:00:04 台灣時間] ⚠️ 關聯股 MOCVD 更新失敗，跳過：抓取 MOCVD 失敗，重試 3 次後仍失敗（含嘗試 .TWO 後綴）：MOCVD 沒有抓到任何資料；請確認代號是否正確（尤其台股需要 .TW / .TWO 後綴）
[2026-09-10 10:00:10 台灣時間] ⚠️ 關聯股 MBE 更新失敗，跳過：抓取 MBE 失敗，重試 3 次後仍失敗（含嘗試 .TWO 後綴）：MBE 沒有抓到任何資料；請確認代號是否正確（尤其台股需要 .TW / .TWO 後綴）
[2026-09-10 10:00:17 台灣時間] ⚠️ 關聯股 FAU 更新失敗，跳過：抓取 FAU 失敗，重試 3 次後仍失敗（含嘗試 .TWO 後綴）：FAU 沒有抓到任何資料；請確認代號是否正確（尤其台股需要 .TW / .TWO 後綴）
[2026-09-10 10:00:23 台灣時間] ⚠️ 關聯股 CPO 更新失敗，跳過：抓取 CPO 失敗，重試 3 次後仍失敗（含嘗試 .TWO 後綴）：CPO 沒有抓到任何資料；請確認代號是否正確（尤其台股需要 .TW / .TWO 後綴）
[2026-09-10 10:00:37 台灣時間] ⚠️ 關聯股 800G 更新失敗，跳過：抓取 800G 失敗，重試 3 次後仍失敗（含嘗試 .TWO 後綴）：800G 沒有抓到任何資料；請確認代號是否正確（尤其台股需要 .TW / .TWO 後綴）
[2026-09-10 10:00:43 台灣時間] ⚠️ 關聯股 IET 更新失敗，跳過：抓取 IET 失敗，重試 3 次後仍失敗（含嘗試 .TWO 後綴）：IET 沒有抓到任何資料；請確認代號是否正確（尤其台股需要 .TW / .TWO 後綴）
[2026-09-10 10:00:43 台灣時間] 完成：3363.TW 趨勢延續分數=-26.6（弱偏空延續，納入 12 檔關聯股；其中天數樣本最少的一檔為 242 天（樣本充足（>200，具統計意義）））
[2026-09-10 10:00:43 台灣時間] 處理中：編號18 - 3163.TW
[2026-09-10 10:00:53 台灣時間] ⚠️ 關聯股 MOCVD 更新失敗，跳過：抓取 MOCVD 失敗，重試 3 次後仍失敗（含嘗試 .TWO 後綴）：MOCVD 沒有抓到任何資料；請確認代號是否正確（尤其台股需要 .TW / .TWO 後綴）
[2026-09-10 10:00:58 台灣時間] ⚠️ 關聯股 MBE 更新失敗，跳過：抓取 MBE 失敗，重試 3 次後仍失敗（含嘗試 .TWO 後綴）：MBE 沒有抓到任何資料；請確認代號是否正確（尤其台股需要 .TW / .TWO 後綴）
[2026-09-10 10:01:06 台灣時間] ⚠️ 關聯股 FAU 更新失敗，跳過：抓取 FAU 失敗，重試 3 次後仍失敗（含嘗試 .TWO 後綴）：FAU 沒有抓到任何資料；請確認代號是否正確（尤其台股需要 .TW / .TWO 後綴）
[2026-09-10 10:01:11 台灣時間] ⚠️ 關聯股 CPO 更新失敗，跳過：抓取 CPO 失敗，重試 3 次後仍失敗（含嘗試 .TWO 後綴）：CPO 沒有抓到任何資料；請確認代號是否正確（尤其台股需要 .TW / .TWO 後綴）
[2026-09-10 10:01:26 台灣時間] ⚠️ 關聯股 800G 更新失敗，跳過：抓取 800G 失敗，重試 3 次後仍失敗（含嘗試 .TWO 後綴）：800G 沒有抓到任何資料；請確認代號是否正確（尤其台股需要 .TW / .TWO 後綴）
[2026-09-10 10:01:31 台灣時間] ⚠️ 關聯股 IET 更新失敗，跳過：抓取 IET 失敗，重試 3 次後仍失敗（含嘗試 .TWO 後綴）：IET 沒有抓到任何資料；請確認代號是否正確（尤其台股需要 .TW / .TWO 後綴）
[2026-09-10 10:01:32 台灣時間] 完成：3163.TW 趨勢延續分數=-25.2（弱偏空延續，納入 12 檔關聯股；其中天數樣本最少的一檔為 241 天（樣本充足（>200，具統計意義）））
[2026-09-10 10:01:32 台灣時間] 處理中：編號18 - 4979.TW
[2026-09-10 10:01:41 台灣時間] ⚠️ 關聯股 MOCVD 更新失敗，跳過：抓取 MOCVD 失敗，重試 3 次後仍失敗（含嘗試 .TWO 後綴）：MOCVD 沒有抓到任何資料；請確認代號是否正確（尤其台股需要 .TW / .TWO 後綴）
[2026-09-10 10:01:47 台灣時間] ⚠️ 關聯股 MBE 更新失敗，跳過：抓取 MBE 失敗，重試 3 次後仍失敗（含嘗試 .TWO 後綴）：MBE 沒有抓到任何資料；請確認代號是否正確（尤其台股需要 .TW / .TWO 後綴）
[2026-09-10 10:01:54 台灣時間] ⚠️ 關聯股 FAU 更新失敗，跳過：抓取 FAU 失敗，重試 3 次後仍失敗（含嘗試 .TWO 後綴）：FAU 沒有抓到任何資料；請確認代號是否正確（尤其台股需要 .TW / .TWO 後綴）
[2026-09-10 10:02:00 台灣時間] ⚠️ 關聯股 CPO 更新失敗，跳過：抓取 CPO 失敗，重試 3 次後仍失敗（含嘗試 .TWO 後綴）：CPO 沒有抓到任何資料；請確認代號是否正確（尤其台股需要 .TW / .TWO 後綴）
[2026-09-10 10:02:14 台灣時間] ⚠️ 關聯股 800G 更新失敗，跳過：抓取 800G 失敗，重試 3 次後仍失敗（含嘗試 .TWO 後綴）：800G 沒有抓到任何資料；請確認代號是否正確（尤其台股需要 .TW / .TWO 後綴）
[2026-09-10 10:02:20 台灣時間] ⚠️ 關聯股 IET 更新失敗，跳過：抓取 IET 失敗，重試 3 次後仍失敗（含嘗試 .TWO 後綴）：IET 沒有抓到任何資料；請確認代號是否正確（尤其台股需要 .TW / .TWO 後綴）
[2026-09-10 10:02:20 台灣時間] 完成：4979.TW 趨勢延續分數=-23.1（弱偏空延續，納入 12 檔關聯股；其中天數樣本最少的一檔為 244 天（樣本充足（>200，具統計意義）））
[2026-09-10 10:02:20 台灣時間] 處理中：編號18 - 3450.TW
[2026-09-10 10:02:25 台灣時間] ⚠️ 關聯股 MOCVD 更新失敗，跳過：抓取 MOCVD 失敗，重試 3 次後仍失敗（含嘗試 .TWO 後綴）：MOCVD 沒有抓到任何資料；請確認代號是否正確（尤其台股需要 .TW / .TWO 後綴）
[2026-09-10 10:02:31 台灣時間] ⚠️ 關聯股 MBE 更新失敗，跳過：抓取 MBE 失敗，重試 3 次後仍失敗（含嘗試 .TWO 後綴）：MBE 沒有抓到任何資料；請確認代號是否正確（尤其台股需要 .TW / .TWO 後綴）
[2026-09-10 10:02:38 台灣時間] ⚠️ 關聯股 FAU 更新失敗，跳過：抓取 FAU 失敗，重試 3 次後仍失敗（含嘗試 .TWO 後綴）：FAU 沒有抓到任何資料；請確認代號是否正確（尤其台股需要 .TW / .TWO 後綴）
[2026-09-10 10:02:43 台灣時間] ⚠️ 關聯股 CPO 更新失敗，跳過：抓取 CPO 失敗，重試 3 次後仍失敗（含嘗試 .TWO 後綴）：CPO 沒有抓到任何資料；請確認代號是否正確（尤其台股需要 .TW / .TWO 後綴）
[2026-09-10 10:02:58 台灣時間] ⚠️ 關聯股 800G 更新失敗，跳過：抓取 800G 失敗，重試 3 次後仍失敗（含嘗試 .TWO 後綴）：800G 沒有抓到任何資料；請確認代號是否正確（尤其台股需要 .TW / .TWO 後綴）
[2026-09-10 10:03:03 台灣時間] ⚠️ 關聯股 IET 更新失敗，跳過：抓取 IET 失敗，重試 3 次後仍失敗（含嘗試 .TWO 後綴）：IET 沒有抓到任何資料；請確認代號是否正確（尤其台股需要 .TW / .TWO 後綴）
[2026-09-10 10:03:04 台灣時間] 完成：3450.TW 趨勢延續分數=-45.0（中度偏空延續，納入 12 檔關聯股；其中天數樣本最少的一檔為 241 天（樣本充足（>200，具統計意義）））
[2026-09-10 10:03:04 台灣時間] 處理中：編號18 - 4977.TW
[2026-09-10 10:03:09 台灣時間] ⚠️ 關聯股 MOCVD 更新失敗，跳過：抓取 MOCVD 失敗，重試 3 次後仍失敗（含嘗試 .TWO 後綴）：MOCVD 沒有抓到任何資料；請確認代號是否正確（尤其台股需要 .TW / .TWO 後綴）
[2026-09-10 10:03:14 台灣時間] ⚠️ 關聯股 MBE 更新失敗，跳過：抓取 MBE 失敗，重試 3 次後仍失敗（含嘗試 .TWO 後綴）：MBE 沒有抓到任何資料；請確認代號是否正確（尤其台股需要 .TW / .TWO 後綴）
[2026-09-10 10:03:22 台灣時間] ⚠️ 關聯股 FAU 更新失敗，跳過：抓取 FAU 失敗，重試 3 次後仍失敗（含嘗試 .TWO 後綴）：FAU 沒有抓到任何資料；請確認代號是否正確（尤其台股需要 .TW / .TWO 後綴）
[2026-09-10 10:03:27 台灣時間] ⚠️ 關聯股 CPO 更新失敗，跳過：抓取 CPO 失敗，重試 3 次後仍失敗（含嘗試 .TWO 後綴）：CPO 沒有抓到任何資料；請確認代號是否正確（尤其台股需要 .TW / .TWO 後綴）
[2026-09-10 10:03:41 台灣時間] ⚠️ 關聯股 800G 更新失敗，跳過：抓取 800G 失敗，重試 3 次後仍失敗（含嘗試 .TWO 後綴）：800G 沒有抓到任何資料；請確認代號是否正確（尤其台股需要 .TW / .TWO 後綴）
[2026-09-10 10:03:47 台灣時間] ⚠️ 關聯股 IET 更新失敗，跳過：抓取 IET 失敗，重試 3 次後仍失敗（含嘗試 .TWO 後綴）：IET 沒有抓到任何資料；請確認代號是否正確（尤其台股需要 .TW / .TWO 後綴）
[2026-09-10 10:03:48 台灣時間] 完成：4977.TW 趨勢延續分數=-26.2（弱偏空延續，納入 12 檔關聯股；其中天數樣本最少的一檔為 240 天（樣本充足（>200，具統計意義）））
[2026-09-10 10:03:48 台灣時間] 處理中：編號18 - 6451.TW
[2026-09-10 10:03:53 台灣時間] ⚠️ 關聯股 MOCVD 更新失敗，跳過：抓取 MOCVD 失敗，重試 3 次後仍失敗（含嘗試 .TWO 後綴）：MOCVD 沒有抓到任何資料；請確認代號是否正確（尤其台股需要 .TW / .TWO 後綴）
[2026-09-10 10:03:58 台灣時間] ⚠️ 關聯股 MBE 更新失敗，跳過：抓取 MBE 失敗，重試 3 次後仍失敗（含嘗試 .TWO 後綴）：MBE 沒有抓到任何資料；請確認代號是否正確（尤其台股需要 .TW / .TWO 後綴）
[2026-09-10 10:04:05 台灣時間] ⚠️ 關聯股 FAU 更新失敗，跳過：抓取 FAU 失敗，重試 3 次後仍失敗（含嘗試 .TWO 後綴）：FAU 沒有抓到任何資料；請確認代號是否正確（尤其台股需要 .TW / .TWO 後綴）
[2026-09-10 10:04:11 台灣時間] ⚠️ 關聯股 CPO 更新失敗，跳過：抓取 CPO 失敗，重試 3 次後仍失敗（含嘗試 .TWO 後綴）：CPO 沒有抓到任何資料；請確認代號是否正確（尤其台股需要 .TW / .TWO 後綴）
[2026-09-10 10:04:25 台灣時間] ⚠️ 關聯股 800G 更新失敗，跳過：抓取 800G 失敗，重試 3 次後仍失敗（含嘗試 .TWO 後綴）：800G 沒有抓到任何資料；請確認代號是否正確（尤其台股需要 .TW / .TWO 後綴）
[2026-09-10 10:04:31 台灣時間] ⚠️ 關聯股 IET 更新失敗，跳過：抓取 IET 失敗，重試 3 次後仍失敗（含嘗試 .TWO 後綴）：IET 沒有抓到任何資料；請確認代號是否正確（尤其台股需要 .TW / .TWO 後綴）
[2026-09-10 10:04:31 台灣時間] 完成：6451.TW 趨勢延續分數=-15.0（弱偏空延續，納入 12 檔關聯股；其中天數樣本最少的一檔為 244 天（樣本充足（>200，具統計意義）））
[2026-09-10 10:04:31 台灣時間] 處理中：編號18 - 3711.TW
[2026-09-10 10:04:36 台灣時間] ⚠️ 關聯股 MOCVD 更新失敗，跳過：抓取 MOCVD 失敗，重試 3 次後仍失敗（含嘗試 .TWO 後綴）：MOCVD 沒有抓到任何資料；請確認代號是否正確（尤其台股需要 .TW / .TWO 後綴）
[2026-09-10 10:04:42 台灣時間] ⚠️ 關聯股 MBE 更新失敗，跳過：抓取 MBE 失敗，重試 3 次後仍失敗（含嘗試 .TWO 後綴）：MBE 沒有抓到任何資料；請確認代號是否正確（尤其台股需要 .TW / .TWO 後綴）
[2026-09-10 10:04:49 台灣時間] ⚠️ 關聯股 FAU 更新失敗，跳過：抓取 FAU 失敗，重試 3 次後仍失敗（含嘗試 .TWO 後綴）：FAU 沒有抓到任何資料；請確認代號是否正確（尤其台股需要 .TW / .TWO 後綴）
[2026-09-10 10:04:54 台灣時間] ⚠️ 關聯股 CPO 更新失敗，跳過：抓取 CPO 失敗，重試 3 次後仍失敗（含嘗試 .TWO 後綴）：CPO 沒有抓到任何資料；請確認代號是否正確（尤其台股需要 .TW / .TWO 後綴）
[2026-09-10 10:05:09 台灣時間] ⚠️ 關聯股 800G 更新失敗，跳過：抓取 800G 失敗，重試 3 次後仍失敗（含嘗試 .TWO 後綴）：800G 沒有抓到任何資料；請確認代號是否正確（尤其台股需要 .TW / .TWO 後綴）
[2026-09-10 10:05:14 台灣時間] ⚠️ 關聯股 IET 更新失敗，跳過：抓取 IET 失敗，重試 3 次後仍失敗（含嘗試 .TWO 後綴）：IET 沒有抓到任何資料；請確認代號是否正確（尤其台股需要 .TW / .TWO 後綴）
[2026-09-10 10:05:15 台灣時間] 完成：3711.TW 趨勢延續分數=-43.1（中度偏空延續，納入 12 檔關聯股；其中天數樣本最少的一檔為 233 天（樣本充足（>200，具統計意義）））
[2026-09-10 10:05:15 台灣時間] 處理中：編號18 - 2330.TW
[2026-09-10 10:05:20 台灣時間] ⚠️ 關聯股 MOCVD 更新失敗，跳過：抓取 MOCVD 失敗，重試 3 次後仍失敗（含嘗試 .TWO 後綴）：MOCVD 沒有抓到任何資料；請確認代號是否正確（尤其台股需要 .TW / .TWO 後綴）
[2026-09-10 10:05:25 台灣時間] ⚠️ 關聯股 MBE 更新失敗，跳過：抓取 MBE 失敗，重試 3 次後仍失敗（含嘗試 .TWO 後綴）：MBE 沒有抓到任何資料；請確認代號是否正確（尤其台股需要 .TW / .TWO 後綴）
[2026-09-10 10:05:33 台灣時間] ⚠️ 關聯股 FAU 更新失敗，跳過：抓取 FAU 失敗，重試 3 次後仍失敗（含嘗試 .TWO 後綴）：FAU 沒有抓到任何資料；請確認代號是否正確（尤其台股需要 .TW / .TWO 後綴）
[2026-09-10 10:05:38 台灣時間] ⚠️ 關聯股 CPO 更新失敗，跳過：抓取 CPO 失敗，重試 3 次後仍失敗（含嘗試 .TWO 後綴）：CPO 沒有抓到任何資料；請確認代號是否正確（尤其台股需要 .TW / .TWO 後綴）
[2026-09-10 10:05:53 台灣時間] ⚠️ 關聯股 800G 更新失敗，跳過：抓取 800G 失敗，重試 3 次後仍失敗（含嘗試 .TWO 後綴）：800G 沒有抓到任何資料；請確認代號是否正確（尤其台股需要 .TW / .TWO 後綴）
[2026-09-10 10:05:59 台灣時間] ⚠️ 關聯股 IET 更新失敗，跳過：抓取 IET 失敗，重試 3 次後仍失敗（含嘗試 .TWO 後綴）：IET 沒有抓到任何資料；請確認代號是否正確（尤其台股需要 .TW / .TWO 後綴）
[2026-09-10 10:06:00 台灣時間] 完成：2330.TW 趨勢延續分數=-51.0（中度偏空延續，納入 12 檔關聯股；其中天數樣本最少的一檔為 230 天（樣本充足（>200，具統計意義）））
[2026-09-10 10:06:00 台灣時間] 處理中：編號19 - 3008.TW
[2026-09-10 10:06:04 台灣時間] 完成：3008.TW 趨勢延續分數=-39.9（弱偏空延續，納入 4 檔關聯股；其中天數樣本最少的一檔為 239 天（樣本充足（>200，具統計意義）））
[2026-09-10 10:06:04 台灣時間] 處理中：編號19 - 3362.TW
[2026-09-10 10:06:12 台灣時間] 完成：3362.TW 趨勢延續分數=-31.4（弱偏空延續，納入 4 檔關聯股；其中天數樣本最少的一檔為 238 天（樣本充足（>200，具統計意義）））
[2026-09-10 10:06:12 台灣時間] 處理中：編號19 - 3406.TW
[2026-09-10 10:06:16 台灣時間] 完成：3406.TW 趨勢延續分數=-41.9（中度偏空延續，納入 4 檔關聯股；其中天數樣本最少的一檔為 243 天（樣本充足（>200，具統計意義）））
[2026-09-10 10:06:16 台灣時間] 處理中：編號21 - 4585.TW
[2026-09-10 10:06:24 台灣時間] ⚠️ 關聯股 ABB 更新失敗，跳過：抓取 ABB 失敗，重試 3 次後仍失敗（含嘗試 .TWO 後綴）：ABB 沒有抓到任何資料；請確認代號是否正確（尤其台股需要 .TW / .TWO 後綴）
[2026-09-10 10:06:30 台灣時間] 完成：4585.TW 趨勢延續分數=-100.0（強烈偏空延續，納入 9 檔關聯股；其中天數樣本最少的一檔為 237 天（樣本充足（>200，具統計意義）））
[2026-09-10 10:06:30 台灣時間] 處理中：編號22 - 6415.TW
[2026-09-10 10:06:43 台灣時間] ⚠️ 關聯股 800G 更新失敗，跳過：抓取 800G 失敗，重試 3 次後仍失敗（含嘗試 .TWO 後綴）：800G 沒有抓到任何資料；請確認代號是否正確（尤其台股需要 .TW / .TWO 後綴）
[2026-09-10 10:06:48 台灣時間] ⚠️ 關聯股 1.6T 更新失敗，跳過：抓取 1.6T 失敗，重試 3 次後仍失敗（含嘗試 .TWO 後綴）：1.6T 沒有抓到任何資料；請確認代號是否正確（尤其台股需要 .TW / .TWO 後綴）
[2026-09-10 10:06:53 台灣時間] 完成：6415.TW 趨勢延續分數=-14.1（弱偏空延續，納入 12 檔關聯股；其中天數樣本最少的一檔為 242 天（樣本充足（>200，具統計意義）））
[2026-09-10 10:06:53 台灣時間] 處理中：編號22 - 6526.TW
[2026-09-10 10:07:05 台灣時間] ⚠️ 關聯股 800G 更新失敗，跳過：抓取 800G 失敗，重試 3 次後仍失敗（含嘗試 .TWO 後綴）：800G 沒有抓到任何資料；請確認代號是否正確（尤其台股需要 .TW / .TWO 後綴）
[2026-09-10 10:07:10 台灣時間] ⚠️ 關聯股 1.6T 更新失敗，跳過：抓取 1.6T 失敗，重試 3 次後仍失敗（含嘗試 .TWO 後綴）：1.6T 沒有抓到任何資料；請確認代號是否正確（尤其台股需要 .TW / .TWO 後綴）
[2026-09-10 10:07:15 台灣時間] 完成：6526.TW 趨勢延續分數=-46.1（中度偏空延續，納入 12 檔關聯股；其中天數樣本最少的一檔為 241 天（樣本充足（>200，具統計意義）））
[2026-09-10 10:07:15 台灣時間] 處理中：編號23 - 3231.TW
[2026-09-10 10:07:25 台灣時間] 完成：3231.TW 趨勢延續分數=-24.3（弱偏空延續，納入 6 檔關聯股；其中天數樣本最少的一檔為 100 天（樣本尚可（100–200，具參考意義）））
[2026-09-10 10:07:25 台灣時間] 處理中：編號24 - 2615.TW
[2026-09-10 10:07:31 台灣時間] ⚠️ 關聯股 SCFI 更新失敗，跳過：抓取 SCFI 失敗，重試 3 次後仍失敗（含嘗試 .TWO 後綴）：SCFI 沒有抓到任何資料；請確認代號是否正確（尤其台股需要 .TW / .TWO 後綴）
[2026-09-10 10:07:34 台灣時間] 完成：2615.TW 趨勢延續分數=-64.8（中度偏空延續，納入 3 檔關聯股；其中天數樣本最少的一檔為 235 天（樣本充足（>200，具統計意義）））
[2026-09-10 10:07:34 台灣時間] 處理中：編號25 - 8039.TW
[2026-09-10 10:07:37 台灣時間] 完成：8039.TW 趨勢延續分數=-64.6（中度偏空延續，納入 3 檔關聯股；其中天數樣本最少的一檔為 250 天（樣本充足（>200，具統計意義）））
[2026-09-10 10:07:37 台灣時間] 處理中：編號26 - 2301.TW
[2026-09-10 10:07:41 台灣時間] ⚠️ 關聯股 DELTA 更新失敗，跳過：抓取 DELTA 失敗，重試 3 次後仍失敗（含嘗試 .TWO 後綴）：DELTA 沒有抓到任何資料；請確認代號是否正確（尤其台股需要 .TW / .TWO 後綴）
[2026-09-10 10:07:44 台灣時間] 完成：2301.TW 趨勢延續分數=-100.0（強烈偏空延續，納入 2 檔關聯股；其中天數樣本最少的一檔為 221 天（樣本充足（>200，具統計意義）））
[2026-09-10 10:07:44 台灣時間] 處理中：編號27 - 2464.TW
[2026-09-10 10:07:53 台灣時間] 完成：2464.TW 趨勢延續分數=-41.1（中度偏空延續，納入 4 檔關聯股；其中天數樣本最少的一檔為 249 天（樣本充足（>200，具統計意義）））
[2026-09-10 10:07:53 台灣時間] 處理中：編號28 - 2059.TW
[2026-09-10 10:07:58 台灣時間] ⚠️ 關聯股 ACW 更新失敗，跳過：抓取 ACW 失敗，重試 3 次後仍失敗（含嘗試 .TWO 後綴）：ACW 沒有抓到任何資料；請確認代號是否正確（尤其台股需要 .TW / .TWO 後綴）
[2026-09-10 10:08:00 台灣時間] 完成：2059.TW 趨勢延續分數=-100.0（強烈偏空延續，納入 2 檔關聯股；其中天數樣本最少的一檔為 246 天（樣本充足（>200，具統計意義）））
[2026-09-10 10:08:00 台灣時間] 處理中：編號29 - 6214.TW
[2026-09-10 10:08:05 台灣時間] 完成：6214.TW 趨勢延續分數=90.7（強烈偏多延續，納入 4 檔關聯股；其中天數樣本最少的一檔為 215 天（樣本充足（>200，具統計意義）））
[2026-09-10 10:08:05 台灣時間] 處理中：編號30 - 2395.TW
[2026-09-10 10:08:10 台灣時間] ⚠️ 關聯股 ADLINK 更新失敗，跳過：抓取 ADLINK 失敗，重試 3 次後仍失敗（含嘗試 .TWO 後綴）：ADLINK 沒有抓到任何資料；請確認代號是否正確（尤其台股需要 .TW / .TWO 後綴）
[2026-09-10 10:08:13 台灣時間] 完成：2395.TW 趨勢延續分數=-51.7（中度偏空延續，納入 3 檔關聯股；其中天數樣本最少的一檔為 245 天（樣本充足（>200，具統計意義）））
[2026-09-10 10:08:13 台灣時間] 處理中：編號31 - 2474.TW
[2026-09-10 10:08:19 台灣時間] 完成：2474.TW 趨勢延續分數=-100.0（強烈偏空延續，納入 6 檔關聯股；其中天數樣本最少的一檔為 227 天（樣本充足（>200，具統計意義）））
[2026-09-10 10:08:19 台灣時間] 處理中：編號32 - 8103.TW
[2026-09-10 10:08:24 台灣時間] 完成：8103.TW 趨勢延續分數=-59.9（中度偏空延續，納入 5 檔關聯股；其中天數樣本最少的一檔為 244 天（樣本充足（>200，具統計意義）））
[2026-09-10 10:08:24 台灣時間] 處理中：編號33 - 6531.TW
[2026-09-10 10:08:33 台灣時間] ⚠️ 關聯股 HPC 更新失敗，跳過：抓取 HPC 失敗，重試 3 次後仍失敗（含嘗試 .TWO 後綴）：HPC 沒有抓到任何資料；請確認代號是否正確（尤其台股需要 .TW / .TWO 後綴）
[2026-09-10 10:08:39 台灣時間] ⚠️ 關聯股 DTC 更新失敗，跳過：抓取 DTC 失敗，重試 3 次後仍失敗（含嘗試 .TWO 後綴）：DTC 沒有抓到任何資料；請確認代號是否正確（尤其台股需要 .TW / .TWO 後綴）
[2026-09-10 10:08:45 台灣時間] ⚠️ 關聯股 PDK 更新失敗，跳過：抓取 PDK 失敗，重試 3 次後仍失敗（含嘗試 .TWO 後綴）：PDK 沒有抓到任何資料；請確認代號是否正確（尤其台股需要 .TW / .TWO 後綴）
[2026-09-10 10:08:46 台灣時間] 完成：6531.TW 趨勢延續分數=-23.1（弱偏空延續，納入 5 檔關聯股；其中天數樣本最少的一檔為 103 天（樣本尚可（100–200，具參考意義）））
[2026-09-10 10:08:46 台灣時間] 處理中：編號33 - 6770.TW
[2026-09-10 10:08:54 台灣時間] ⚠️ 關聯股 HPC 更新失敗，跳過：抓取 HPC 失敗，重試 3 次後仍失敗（含嘗試 .TWO 後綴）：HPC 沒有抓到任何資料；請確認代號是否正確（尤其台股需要 .TW / .TWO 後綴）
[2026-09-10 10:09:00 台灣時間] ⚠️ 關聯股 DTC 更新失敗，跳過：抓取 DTC 失敗，重試 3 次後仍失敗（含嘗試 .TWO 後綴）：DTC 沒有抓到任何資料；請確認代號是否正確（尤其台股需要 .TW / .TWO 後綴）
[2026-09-10 10:09:06 台灣時間] ⚠️ 關聯股 PDK 更新失敗，跳過：抓取 PDK 失敗，重試 3 次後仍失敗（含嘗試 .TWO 後綴）：PDK 沒有抓到任何資料；請確認代號是否正確（尤其台股需要 .TW / .TWO 後綴）
[2026-09-10 10:09:07 台灣時間] 完成：6770.TW 趨勢延續分數=-33.1（弱偏空延續，納入 5 檔關聯股；其中天數樣本最少的一檔為 103 天（樣本尚可（100–200，具參考意義）））
[2026-09-10 10:09:07 台灣時間] 處理中：編號33 - 2303.TW
[2026-09-10 10:09:15 台灣時間] ⚠️ 關聯股 HPC 更新失敗，跳過：抓取 HPC 失敗，重試 3 次後仍失敗（含嘗試 .TWO 後綴）：HPC 沒有抓到任何資料；請確認代號是否正確（尤其台股需要 .TW / .TWO 後綴）
[2026-09-10 10:09:22 台灣時間] ⚠️ 關聯股 DTC 更新失敗，跳過：抓取 DTC 失敗，重試 3 次後仍失敗（含嘗試 .TWO 後綴）：DTC 沒有抓到任何資料；請確認代號是否正確（尤其台股需要 .TW / .TWO 後綴）
[2026-09-10 10:09:27 台灣時間] ⚠️ 關聯股 PDK 更新失敗，跳過：抓取 PDK 失敗，重試 3 次後仍失敗（含嘗試 .TWO 後綴）：PDK 沒有抓到任何資料；請確認代號是否正確（尤其台股需要 .TW / .TWO 後綴）
[2026-09-10 10:09:28 台灣時間] 完成：2303.TW 趨勢延續分數=-19.4（弱偏空延續，納入 5 檔關聯股；其中天數樣本最少的一檔為 101 天（樣本尚可（100–200，具參考意義）））
[2026-09-10 10:09:28 台灣時間] 處理中：編號34 - 2421.TW
[2026-09-10 10:09:34 台灣時間] 完成：2421.TW 趨勢延續分數=-72.8（強烈偏空延續，納入 6 檔關聯股；其中天數樣本最少的一檔為 243 天（樣本充足（>200，具統計意義）））
[2026-09-10 10:09:34 台灣時間] 處理中：編號34 - 4931.TW
[2026-09-10 10:09:44 台灣時間] 完成：4931.TW 趨勢延續分數=-77.8（強烈偏空延續，納入 6 檔關聯股；其中天數樣本最少的一檔為 247 天（樣本充足（>200，具統計意義）））
[2026-09-10 10:09:44 台灣時間] 處理中：編號35 - 6830.TW
[2026-09-10 10:09:47 台灣時間] 完成：6830.TW 趨勢延續分數=2.3（方向不明/觀望，納入 3 檔關聯股；其中天數樣本最少的一檔為 241 天（樣本充足（>200，具統計意義）））
[2026-09-10 10:09:47 台灣時間] 處理中：編號36 - 7711.TW
[2026-09-10 10:09:52 台灣時間] 完成：7711.TW 趨勢延續分數=-57.7（中度偏空延續，納入 6 檔關聯股；其中天數樣本最少的一檔為 180 天（樣本尚可（100–200，具參考意義）））
[2026-09-10 10:09:52 台灣時間] 處理中：編號37 - 3234.TW
[2026-09-10 10:10:04 台灣時間] ⚠️ 關聯股 800G 更新失敗，跳過：抓取 800G 失敗，重試 3 次後仍失敗（含嘗試 .TWO 後綴）：800G 沒有抓到任何資料；請確認代號是否正確（尤其台股需要 .TW / .TWO 後綴）
[2026-09-10 10:10:16 台灣時間] 完成：3234.TW 趨勢延續分數=-43.2（中度偏空延續，納入 5 檔關聯股；其中天數樣本最少的一檔為 250 天（樣本充足（>200，具統計意義）））
[2026-09-10 10:10:16 台灣時間] 處理中：編號38 - 6291.TW
[2026-09-10 10:10:40 台灣時間] 完成：6291.TW 趨勢延續分數=15.9（弱偏多延續，納入 5 檔關聯股；其中天數樣本最少的一檔為 254 天（樣本充足（>200，具統計意義）））
[2026-09-10 10:10:40 台灣時間] 處理中：編號39 - 4908.TW
[2026-09-10 10:10:47 台灣時間] 完成：4908.TW 趨勢延續分數=-41.9（中度偏空延續，納入 2 檔關聯股；其中天數樣本最少的一檔為 252 天（樣本充足（>200，具統計意義）））
[2026-09-10 10:10:47 台灣時間] 每日摘要已存到 /home/runner/work/brian670126/brian670126/reports/summary_2026-09-10.csv
[2026-09-10 10:10:47 台灣時間] 好讀版看板已存到 /home/runner/work/brian670126/brian670126/reports/dashboard_latest.html（同一份也存了 dashboard_2026-09-10.html）
[2026-09-10 10:10:47 台灣時間] 本次執行完畢

[2026-09-11 07:36:31 台灣時間] 開始執行每日分析，共 97 檔目標股
[2026-09-11 07:36:31 台灣時間] 處理中：編號1 - 3661.TW
[2026-09-11 07:37:08 台灣時間] 完成：3661.TW 趨勢延續分數=-34.6（弱偏空延續，納入 17 檔關聯股；其中天數樣本最少的一檔為 247 天（樣本充足（>200，具統計意義）））
[2026-09-11 07:37:08 台灣時間] 處理中：編號1 - 3443.TW
[2026-09-11 07:37:42 台灣時間] 完成：3443.TW 趨勢延續分數=-28.1（弱偏空延續，納入 17 檔關聯股；其中天數樣本最少的一檔為 242 天（樣本充足（>200，具統計意義）））
[2026-09-11 07:37:42 台灣時間] 處理中：編號1 - 3035.TW
[2026-09-11 07:38:16 台灣時間] 完成：3035.TW 趨勢延續分數=-24.1（弱偏空延續，納入 17 檔關聯股；其中天數樣本最少的一檔為 239 天（樣本充足（>200，具統計意義）））
[2026-09-11 07:38:16 台灣時間] 處理中：編號1 - 8227.TW
[2026-09-11 07:38:55 台灣時間] 完成：8227.TW 趨勢延續分數=-37.3（弱偏空延續，納入 17 檔關聯股；其中天數樣本最少的一檔為 240 天（樣本充足（>200，具統計意義）））
[2026-09-11 07:38:55 台灣時間] 處理中：編號1 - 7707.TW
[2026-09-11 07:39:34 台灣時間] 完成：7707.TW 趨勢延續分數=-27.2（弱偏空延續，納入 17 檔關聯股；其中天數樣本最少的一檔為 237 天（樣本充足（>200，具統計意義）））
[2026-09-11 07:39:34 台灣時間] 處理中：編號1 - 7796.TW
[2026-09-11 07:40:13 台灣時間] 完成：7796.TW 趨勢延續分數=-25.7（弱偏空延續，納入 17 檔關聯股；其中天數樣本最少的一檔為 236 天（樣本充足（>200，具統計意義）））
[2026-09-11 07:40:13 台灣時間] 處理中：編號1 - 2454.TW
[2026-09-11 07:40:46 台灣時間] 完成：2454.TW 趨勢延續分數=-27.6（弱偏空延續，納入 17 檔關聯股；其中天數樣本最少的一檔為 232 天（樣本充足（>200，具統計意義）））
[2026-09-11 07:40:46 台灣時間] 處理中：編號1 - 2379.TW
[2026-09-11 07:41:20 台灣時間] 完成：2379.TW 趨勢延續分數=-34.8（弱偏空延續，納入 17 檔關聯股；其中天數樣本最少的一檔為 237 天（樣本充足（>200，具統計意義）））
[2026-09-11 07:41:20 台灣時間] 處理中：編號1 - 3034.TW
[2026-09-11 07:41:55 台灣時間] 完成：3034.TW 趨勢延續分數=-30.3（弱偏空延續，納入 17 檔關聯股；其中天數樣本最少的一檔為 243 天（樣本充足（>200，具統計意義）））
[2026-09-11 07:41:55 台灣時間] 處理中：編號1 - 8054.TW
[2026-09-11 07:42:33 台灣時間] 完成：8054.TW 趨勢延續分數=-21.5（弱偏空延續，納入 17 檔關聯股；其中天數樣本最少的一檔為 238 天（樣本充足（>200，具統計意義）））
[2026-09-11 07:42:33 台灣時間] 處理中：編號1 - 6695.TW
[2026-09-11 07:43:07 台灣時間] 完成：6695.TW 趨勢延續分數=-30.5（弱偏空延續，納入 17 檔關聯股；其中天數樣本最少的一檔為 246 天（樣本充足（>200，具統計意義）））
[2026-09-11 07:43:07 台灣時間] 處理中：編號1 - 2388.TW
[2026-09-11 07:43:41 台灣時間] 完成：2388.TW 趨勢延續分數=-39.2（弱偏空延續，納入 17 檔關聯股；其中天數樣本最少的一檔為 244 天（樣本充足（>200，具統計意義）））
[2026-09-11 07:43:41 台灣時間] 處理中：編號1 - 2363.TW
[2026-09-11 07:44:16 台灣時間] 完成：2363.TW 趨勢延續分數=-30.6（弱偏空延續，納入 17 檔關聯股；其中天數樣本最少的一檔為 246 天（樣本充足（>200，具統計意義）））
[2026-09-11 07:44:16 台灣時間] 處理中：編號1 - 3041.TW
[2026-09-11 07:44:49 台灣時間] 完成：3041.TW 趨勢延續分數=-34.2（弱偏空延續，納入 17 檔關聯股；其中天數樣本最少的一檔為 239 天（樣本充足（>200，具統計意義）））
[2026-09-11 07:44:49 台灣時間] 處理中：編號3 - 8299.TW
[2026-09-11 07:45:07 台灣時間] 完成：8299.TW 趨勢延續分數=-74.2（強烈偏空延續，納入 8 檔關聯股；其中天數樣本最少的一檔為 239 天（樣本充足（>200，具統計意義）））
[2026-09-11 07:45:07 台灣時間] 處理中：編號4 - 2337.TW
[2026-09-11 07:45:10 台灣時間] 完成：2337.TW 趨勢延續分數=-25.8（弱偏空延續，納入 3 檔關聯股；其中天數樣本最少的一檔為 253 天（樣本充足（>200，具統計意義）））
[2026-09-11 07:45:10 台灣時間] 處理中：編號4 - 2344.TW
[2026-09-11 07:45:13 台灣時間] 完成：2344.TW 趨勢延續分數=-31.9（弱偏空延續，納入 3 檔關聯股；其中天數樣本最少的一檔為 255 天（樣本充足（>200，具統計意義）））
[2026-09-11 07:45:13 台灣時間] 處理中：編號5 - 6239.TW
[2026-09-11 07:45:23 台灣時間] ⚠️ 關聯股 JCET 更新失敗，跳過：抓取 JCET 失敗，重試 3 次後仍失敗（含嘗試 .TWO 後綴）：JCET 沒有抓到任何資料；請確認代號是否正確（尤其台股需要 .TW / .TWO 後綴）
[2026-09-11 07:45:33 台灣時間] 完成：6239.TW 趨勢延續分數=-55.1（中度偏空延續，納入 10 檔關聯股；其中天數樣本最少的一檔為 103 天（樣本尚可（100–200，具參考意義）））
[2026-09-11 07:45:33 台灣時間] 處理中：編號5 - 2329.TW
[2026-09-11 07:45:43 台灣時間] ⚠️ 關聯股 JCET 更新失敗，跳過：抓取 JCET 失敗，重試 3 次後仍失敗（含嘗試 .TWO 後綴）：JCET 沒有抓到任何資料；請確認代號是否正確（尤其台股需要 .TW / .TWO 後綴）
[2026-09-11 07:45:52 台灣時間] 完成：2329.TW 趨勢延續分數=-51.6（中度偏空延續，納入 10 檔關聯股；其中天數樣本最少的一檔為 105 天（樣本尚可（100–200，具參考意義）））
[2026-09-11 07:45:52 台灣時間] 處理中：編號5 - 8110.TW
[2026-09-11 07:46:02 台灣時間] ⚠️ 關聯股 JCET 更新失敗，跳過：抓取 JCET 失敗，重試 3 次後仍失敗（含嘗試 .TWO 後綴）：JCET 沒有抓到任何資料；請確認代號是否正確（尤其台股需要 .TW / .TWO 後綴）
[2026-09-11 07:46:11 台灣時間] 完成：8110.TW 趨勢延續分數=-53.6（中度偏空延續，納入 10 檔關聯股；其中天數樣本最少的一檔為 103 天（樣本尚可（100–200，具參考意義）））
[2026-09-11 07:46:11 台灣時間] 處理中：編號5 - 8150.TW
[2026-09-11 07:46:21 台灣時間] ⚠️ 關聯股 JCET 更新失敗，跳過：抓取 JCET 失敗，重試 3 次後仍失敗（含嘗試 .TWO 後綴）：JCET 沒有抓到任何資料；請確認代號是否正確（尤其台股需要 .TW / .TWO 後綴）
[2026-09-11 07:46:30 台灣時間] 完成：8150.TW 趨勢延續分數=-51.9（中度偏空延續，納入 10 檔關聯股；其中天數樣本最少的一檔為 106 天（樣本尚可（100–200，具參考意義）））
[2026-09-11 07:46:30 台灣時間] 處理中：編號6 - 6147.TW
[2026-09-11 07:46:43 台灣時間] 完成：6147.TW 趨勢延續分數=-100.0（強烈偏空延續，納入 8 檔關聯股；其中天數樣本最少的一檔為 242 天（樣本充足（>200，具統計意義）））
[2026-09-11 07:46:43 台灣時間] 處理中：編號7 - 2449.TW
[2026-09-11 07:47:00 台灣時間] 完成：2449.TW 趨勢延續分數=-53.6（中度偏空延續，納入 9 檔關聯股；其中天數樣本最少的一檔為 250 天（樣本充足（>200，具統計意義）））
[2026-09-11 07:47:00 台灣時間] 處理中：編號7 - 6257.TW
[2026-09-11 07:47:18 台灣時間] 完成：6257.TW 趨勢延續分數=-60.3（中度偏空延續，納入 9 檔關聯股；其中天數樣本最少的一檔為 249 天（樣本充足（>200，具統計意義）））
[2026-09-11 07:47:18 台灣時間] 處理中：編號7 - 3264.TW
[2026-09-11 07:47:40 台灣時間] 完成：3264.TW 趨勢延續分數=-41.7（中度偏空延續，納入 9 檔關聯股；其中天數樣本最少的一檔為 255 天（樣本充足（>200，具統計意義）））
[2026-09-11 07:47:40 台灣時間] 處理中：編號8 - 6223.TW
[2026-09-11 07:48:04 台灣時間] 完成：6223.TW 趨勢延續分數=-79.0（強烈偏空延續，納入 10 檔關聯股；其中天數樣本最少的一檔為 241 天（樣本充足（>200，具統計意義）））
[2026-09-11 07:48:04 台灣時間] 處理中：編號8 - 6510.TW
[2026-09-11 07:48:27 台灣時間] 完成：6510.TW 趨勢延續分數=-83.9（強烈偏空延續，納入 10 檔關聯股；其中天數樣本最少的一檔為 239 天（樣本充足（>200，具統計意義）））
[2026-09-11 07:48:27 台灣時間] 處理中：編號8 - 6515.TW
[2026-09-11 07:48:45 台灣時間] 完成：6515.TW 趨勢延續分數=-78.1（強烈偏空延續，納入 10 檔關聯股；其中天數樣本最少的一檔為 243 天（樣本充足（>200，具統計意義）））
[2026-09-11 07:48:45 台灣時間] 處理中：編號9 - 6488.TW
[2026-09-11 07:48:59 台灣時間] 完成：6488.TW 趨勢延續分數=-75.3（強烈偏空延續，納入 9 檔關聯股；其中天數樣本最少的一檔為 241 天（樣本充足（>200，具統計意義）））
[2026-09-11 07:48:59 台灣時間] 處理中：編號9 - 5483.TW
[2026-09-11 07:49:12 台灣時間] 完成：5483.TW 趨勢延續分數=-73.7（強烈偏空延續，納入 9 檔關聯股；其中天數樣本最少的一檔為 234 天（樣本充足（>200，具統計意義）））
[2026-09-11 07:49:12 台灣時間] 處理中：編號10 - 3037.TW
[2026-09-11 07:49:19 台灣時間] 完成：3037.TW 趨勢延續分數=-63.5（中度偏空延續，納入 7 檔關聯股；其中天數樣本最少的一檔為 240 天（樣本充足（>200，具統計意義）））
[2026-09-11 07:49:19 台灣時間] 處理中：編號10 - 8046.TW
[2026-09-11 07:49:26 台灣時間] 完成：8046.TW 趨勢延續分數=-53.8（中度偏空延續，納入 7 檔關聯股；其中天數樣本最少的一檔為 242 天（樣本充足（>200，具統計意義）））
[2026-09-11 07:49:26 台灣時間] 處理中：編號10 - 3189.TW
[2026-09-11 07:49:33 台灣時間] 完成：3189.TW 趨勢延續分數=-57.0（中度偏空延續，納入 7 檔關聯股；其中天數樣本最少的一檔為 236 天（樣本充足（>200，具統計意義）））
[2026-09-11 07:49:33 台灣時間] 處理中：編號11 - 1815.TW
[2026-09-11 07:49:52 台灣時間] 完成：1815.TW 趨勢延續分數=-52.5（中度偏空延續，納入 5 檔關聯股；其中天數樣本最少的一檔為 244 天（樣本充足（>200，具統計意義）））
[2026-09-11 07:49:52 台灣時間] 處理中：編號11 - 1802.TW
[2026-09-11 07:50:06 台灣時間] 完成：1802.TW 趨勢延續分數=-50.2（中度偏空延續，納入 5 檔關聯股；其中天數樣本最少的一檔為 242 天（樣本充足（>200，具統計意義）））
[2026-09-11 07:50:06 台灣時間] 處理中：編號11 - 5475.TW
[2026-09-11 07:50:25 台灣時間] 完成：5475.TW 趨勢延續分數=-54.6（中度偏空延續，納入 5 檔關聯股；其中天數樣本最少的一檔為 243 天（樣本充足（>200，具統計意義）））
[2026-09-11 07:50:25 台灣時間] 處理中：編號11 - 1446.TW
[2026-09-11 07:50:39 台灣時間] 完成：1446.TW 趨勢延續分數=-48.5（中度偏空延續，納入 5 檔關聯股；其中天數樣本最少的一檔為 219 天（樣本充足（>200，具統計意義）））
[2026-09-11 07:50:39 台灣時間] 處理中：編號12 - 8358.TW
[2026-09-11 07:50:55 台灣時間] 完成：8358.TW 趨勢延續分數=-49.4（中度偏空延續，納入 6 檔關聯股；其中天數樣本最少的一檔為 245 天（樣本充足（>200，具統計意義）））
[2026-09-11 07:50:55 台灣時間] 處理中：編號12 - 1303.TW
[2026-09-11 07:51:05 台灣時間] 完成：1303.TW 趨勢延續分數=-57.7（中度偏空延續，納入 6 檔關聯股；其中天數樣本最少的一檔為 240 天（樣本充足（>200，具統計意義）））
[2026-09-11 07:51:05 台灣時間] 處理中：編號12 - 4989.TW
[2026-09-11 07:51:15 台灣時間] 完成：4989.TW 趨勢延續分數=-39.8（弱偏空延續，納入 6 檔關聯股；其中天數樣本最少的一檔為 241 天（樣本充足（>200，具統計意義）））
[2026-09-11 07:51:15 台灣時間] 處理中：編號13 - 2383.TW
[2026-09-11 07:51:20 台灣時間] ⚠️ 關聯股 HVLP 更新失敗，跳過：抓取 HVLP 失敗，重試 3 次後仍失敗（含嘗試 .TWO 後綴）：HVLP 沒有抓到任何資料；請確認代號是否正確（尤其台股需要 .TW / .TWO 後綴）
[2026-09-11 07:51:35 台灣時間] 完成：2383.TW 趨勢延續分數=-75.2（強烈偏空延續，納入 6 檔關聯股；其中天數樣本最少的一檔為 253 天（樣本充足（>200，具統計意義）））
[2026-09-11 07:51:35 台灣時間] 處理中：編號13 - 6274.TW
[2026-09-11 07:51:44 台灣時間] ⚠️ 關聯股 HVLP 更新失敗，跳過：抓取 HVLP 失敗，重試 3 次後仍失敗（含嘗試 .TWO 後綴）：HVLP 沒有抓到任何資料；請確認代號是否正確（尤其台股需要 .TW / .TWO 後綴）
[2026-09-11 07:52:00 台灣時間] 完成：6274.TW 趨勢延續分數=-69.7（中度偏空延續，納入 6 檔關聯股；其中天數樣本最少的一檔為 254 天（樣本充足（>200，具統計意義）））
[2026-09-11 07:52:00 台灣時間] 處理中：編號13 - 6213.TW
[2026-09-11 07:52:05 台灣時間] ⚠️ 關聯股 HVLP 更新失敗，跳過：抓取 HVLP 失敗，重試 3 次後仍失敗（含嘗試 .TWO 後綴）：HVLP 沒有抓到任何資料；請確認代號是否正確（尤其台股需要 .TW / .TWO 後綴）
[2026-09-11 07:52:20 台灣時間] 完成：6213.TW 趨勢延續分數=-50.2（中度偏空延續，納入 6 檔關聯股；其中天數樣本最少的一檔為 255 天（樣本充足（>200，具統計意義）））
[2026-09-11 07:52:20 台灣時間] 處理中：編號14 - 2368.TW
[2026-09-11 07:52:33 台灣時間] 完成：2368.TW 趨勢延續分數=-44.9（中度偏空延續，納入 9 檔關聯股；其中天數樣本最少的一檔為 244 天（樣本充足（>200，具統計意義）））
[2026-09-11 07:52:33 台灣時間] 處理中：編號14 - 3044.TW
[2026-09-11 07:52:46 台灣時間] 完成：3044.TW 趨勢延續分數=-45.7（中度偏空延續，納入 9 檔關聯股；其中天數樣本最少的一檔為 244 天（樣本充足（>200，具統計意義）））
[2026-09-11 07:52:46 台灣時間] 處理中：編號14 - 2313.TW
[2026-09-11 07:52:59 台灣時間] 完成：2313.TW 趨勢延續分數=-40.6（中度偏空延續，納入 9 檔關聯股；其中天數樣本最少的一檔為 247 天（樣本充足（>200，具統計意義）））
[2026-09-11 07:52:59 台灣時間] 處理中：編號15 - 2327.TW
[2026-09-11 07:53:12 台灣時間] ⚠️ 關聯股 SEMCO 更新失敗，跳過：抓取 SEMCO 失敗，重試 3 次後仍失敗（含嘗試 .TWO 後綴）：SEMCO 沒有抓到任何資料；請確認代號是否正確（尤其台股需要 .TW / .TWO 後綴）
[2026-09-11 07:53:18 台灣時間] ⚠️ 關聯股 TDK 更新失敗，跳過：抓取 TDK 失敗，重試 3 次後仍失敗（含嘗試 .TWO 後綴）：TDK 沒有抓到任何資料；請確認代號是否正確（尤其台股需要 .TW / .TWO 後綴）
[2026-09-11 07:53:23 台灣時間] 完成：2327.TW 趨勢延續分數=-73.9（強烈偏空延續，納入 8 檔關聯股；其中天數樣本最少的一檔為 228 天（樣本充足（>200，具統計意義）））
[2026-09-11 07:53:23 台灣時間] 處理中：編號15 - 2492.TW
[2026-09-11 07:53:36 台灣時間] ⚠️ 關聯股 SEMCO 更新失敗，跳過：抓取 SEMCO 失敗，重試 3 次後仍失敗（含嘗試 .TWO 後綴）：SEMCO 沒有抓到任何資料；請確認代號是否正確（尤其台股需要 .TW / .TWO 後綴）
[2026-09-11 07:53:42 台灣時間] ⚠️ 關聯股 TDK 更新失敗，跳過：抓取 TDK 失敗，重試 3 次後仍失敗（含嘗試 .TWO 後綴）：TDK 沒有抓到任何資料；請確認代號是否正確（尤其台股需要 .TW / .TWO 後綴）
[2026-09-11 07:53:47 台灣時間] 完成：2492.TW 趨勢延續分數=-76.8（強烈偏空延續，納入 8 檔關聯股；其中天數樣本最少的一檔為 231 天（樣本充足（>200，具統計意義）））
[2026-09-11 07:53:47 台灣時間] 處理中：編號15 - 6173.TW
[2026-09-11 07:54:04 台灣時間] ⚠️ 關聯股 SEMCO 更新失敗，跳過：抓取 SEMCO 失敗，重試 3 次後仍失敗（含嘗試 .TWO 後綴）：SEMCO 沒有抓到任何資料；請確認代號是否正確（尤其台股需要 .TW / .TWO 後綴）
[2026-09-11 07:54:10 台灣時間] ⚠️ 關聯股 TDK 更新失敗，跳過：抓取 TDK 失敗，重試 3 次後仍失敗（含嘗試 .TWO 後綴）：TDK 沒有抓到任何資料；請確認代號是否正確（尤其台股需要 .TW / .TWO 後綴）
[2026-09-11 07:54:15 台灣時間] 完成：6173.TW 趨勢延續分數=-76.0（強烈偏空延續，納入 8 檔關聯股；其中天數樣本最少的一檔為 238 天（樣本充足（>200，具統計意義）））
[2026-09-11 07:54:15 台灣時間] 處理中：編號16 - 2382.TW
[2026-09-11 07:54:25 台灣時間] 完成：2382.TW 趨勢延續分數=-87.5（強烈偏空延續，納入 10 檔關聯股；其中天數樣本最少的一檔為 239 天（樣本充足（>200，具統計意義）））
[2026-09-11 07:54:25 台灣時間] 處理中：編號16 - 6669.TW
[2026-09-11 07:54:36 台灣時間] 完成：6669.TW 趨勢延續分數=-93.6（強烈偏空延續，納入 10 檔關聯股；其中天數樣本最少的一檔為 246 天（樣本充足（>200，具統計意義）））
[2026-09-11 07:54:36 台灣時間] 處理中：編號16 - 2376.TW
[2026-09-11 07:54:45 台灣時間] 完成：2376.TW 趨勢延續分數=-96.0（強烈偏空延續，納入 10 檔關聯股；其中天數樣本最少的一檔為 239 天（樣本充足（>200，具統計意義）））
[2026-09-11 07:54:45 台灣時間] 處理中：編號16 - 2377.TW
[2026-09-11 07:54:54 台灣時間] 完成：2377.TW 趨勢延續分數=-95.5（強烈偏空延續，納入 10 檔關聯股；其中天數樣本最少的一檔為 233 天（樣本充足（>200，具統計意義）））
[2026-09-11 07:54:54 台灣時間] 處理中：編號16 - 2357.TW
[2026-09-11 07:55:05 台灣時間] 完成：2357.TW 趨勢延續分數=-86.0（強烈偏空延續，納入 10 檔關聯股；其中天數樣本最少的一檔為 230 天（樣本充足（>200，具統計意義）））
[2026-09-11 07:55:05 台灣時間] 處理中：編號17 - 3324.TW
[2026-09-11 07:55:18 台灣時間] 完成：3324.TW 趨勢延續分數=-79.9（強烈偏空延續，納入 9 檔關聯股；其中天數樣本最少的一檔為 231 天（樣本充足（>200，具統計意義）））
[2026-09-11 07:55:18 台灣時間] 處理中：編號17 - 3017.TW
[2026-09-11 07:55:27 台灣時間] 完成：3017.TW 趨勢延續分數=-83.9（強烈偏空延續，納入 9 檔關聯股；其中天數樣本最少的一檔為 242 天（樣本充足（>200，具統計意義）））
[2026-09-11 07:55:27 台灣時間] 處理中：編號17 - 3653.TW
[2026-09-11 07:55:35 台灣時間] 完成：3653.TW 趨勢延續分數=-83.9（強烈偏空延續，納入 9 檔關聯股；其中天數樣本最少的一檔為 240 天（樣本充足（>200，具統計意義）））
[2026-09-11 07:55:35 台灣時間] 處理中：編號18 - 3081.TW
[2026-09-11 07:55:45 台灣時間] ⚠️ 關聯股 MOCVD 更新失敗，跳過：抓取 MOCVD 失敗，重試 3 次後仍失敗（含嘗試 .TWO 後綴）：MOCVD 沒有抓到任何資料；請確認代號是否正確（尤其台股需要 .TW / .TWO 後綴）
[2026-09-11 07:55:50 台灣時間] ⚠️ 關聯股 MBE 更新失敗，跳過：抓取 MBE 失敗，重試 3 次後仍失敗（含嘗試 .TWO 後綴）：MBE 沒有抓到任何資料；請確認代號是否正確（尤其台股需要 .TW / .TWO 後綴）
[2026-09-11 07:55:58 台灣時間] ⚠️ 關聯股 FAU 更新失敗，跳過：抓取 FAU 失敗，重試 3 次後仍失敗（含嘗試 .TWO 後綴）：FAU 沒有抓到任何資料；請確認代號是否正確（尤其台股需要 .TW / .TWO 後綴）
[2026-09-11 07:56:03 台灣時間] ⚠️ 關聯股 CPO 更新失敗，跳過：抓取 CPO 失敗，重試 3 次後仍失敗（含嘗試 .TWO 後綴）：CPO 沒有抓到任何資料；請確認代號是否正確（尤其台股需要 .TW / .TWO 後綴）
[2026-09-11 07:56:18 台灣時間] ⚠️ 關聯股 800G 更新失敗，跳過：抓取 800G 失敗，重試 3 次後仍失敗（含嘗試 .TWO 後綴）：800G 沒有抓到任何資料；請確認代號是否正確（尤其台股需要 .TW / .TWO 後綴）
[2026-09-11 07:56:24 台灣時間] ⚠️ 關聯股 IET 更新失敗，跳過：抓取 IET 失敗，重試 3 次後仍失敗（含嘗試 .TWO 後綴）：IET 沒有抓到任何資料；請確認代號是否正確（尤其台股需要 .TW / .TWO 後綴）
[2026-09-11 07:56:25 台灣時間] 完成：3081.TW 趨勢延續分數=-91.7（強烈偏空延續，納入 12 檔關聯股；其中天數樣本最少的一檔為 243 天（樣本充足（>200，具統計意義）））
[2026-09-11 07:56:25 台灣時間] 處理中：編號18 - 2455.TW
[2026-09-11 07:56:30 台灣時間] ⚠️ 關聯股 MOCVD 更新失敗，跳過：抓取 MOCVD 失敗，重試 3 次後仍失敗（含嘗試 .TWO 後綴）：MOCVD 沒有抓到任何資料；請確認代號是否正確（尤其台股需要 .TW / .TWO 後綴）
[2026-09-11 07:56:35 台灣時間] ⚠️ 關聯股 MBE 更新失敗，跳過：抓取 MBE 失敗，重試 3 次後仍失敗（含嘗試 .TWO 後綴）：MBE 沒有抓到任何資料；請確認代號是否正確（尤其台股需要 .TW / .TWO 後綴）
[2026-09-11 07:56:42 台灣時間] ⚠️ 關聯股 FAU 更新失敗，跳過：抓取 FAU 失敗，重試 3 次後仍失敗（含嘗試 .TWO 後綴）：FAU 沒有抓到任何資料；請確認代號是否正確（尤其台股需要 .TW / .TWO 後綴）
[2026-09-11 07:56:48 台灣時間] ⚠️ 關聯股 CPO 更新失敗，跳過：抓取 CPO 失敗，重試 3 次後仍失敗（含嘗試 .TWO 後綴）：CPO 沒有抓到任何資料；請確認代號是否正確（尤其台股需要 .TW / .TWO 後綴）
[2026-09-11 07:57:02 台灣時間] ⚠️ 關聯股 800G 更新失敗，跳過：抓取 800G 失敗，重試 3 次後仍失敗（含嘗試 .TWO 後綴）：800G 沒有抓到任何資料；請確認代號是否正確（尤其台股需要 .TW / .TWO 後綴）
[2026-09-11 07:57:08 台灣時間] ⚠️ 關聯股 IET 更新失敗，跳過：抓取 IET 失敗，重試 3 次後仍失敗（含嘗試 .TWO 後綴）：IET 沒有抓到任何資料；請確認代號是否正確（尤其台股需要 .TW / .TWO 後綴）
[2026-09-11 07:57:09 台灣時間] 完成：2455.TW 趨勢延續分數=-94.7（強烈偏空延續，納入 12 檔關聯股；其中天數樣本最少的一檔為 240 天（樣本充足（>200，具統計意義）））
[2026-09-11 07:57:09 台灣時間] 處理中：編號18 - 4991.TW
[2026-09-11 07:57:18 台灣時間] ⚠️ 關聯股 MOCVD 更新失敗，跳過：抓取 MOCVD 失敗，重試 3 次後仍失敗（含嘗試 .TWO 後綴）：MOCVD 沒有抓到任何資料；請確認代號是否正確（尤其台股需要 .TW / .TWO 後綴）
[2026-09-11 07:57:24 台灣時間] ⚠️ 關聯股 MBE 更新失敗，跳過：抓取 MBE 失敗，重試 3 次後仍失敗（含嘗試 .TWO 後綴）：MBE 沒有抓到任何資料；請確認代號是否正確（尤其台股需要 .TW / .TWO 後綴）
[2026-09-11 07:57:31 台灣時間] ⚠️ 關聯股 FAU 更新失敗，跳過：抓取 FAU 失敗，重試 3 次後仍失敗（含嘗試 .TWO 後綴）：FAU 沒有抓到任何資料；請確認代號是否正確（尤其台股需要 .TW / .TWO 後綴）
[2026-09-11 07:57:37 台灣時間] ⚠️ 關聯股 CPO 更新失敗，跳過：抓取 CPO 失敗，重試 3 次後仍失敗（含嘗試 .TWO 後綴）：CPO 沒有抓到任何資料；請確認代號是否正確（尤其台股需要 .TW / .TWO 後綴）
[2026-09-11 07:57:51 台灣時間] ⚠️ 關聯股 800G 更新失敗，跳過：抓取 800G 失敗，重試 3 次後仍失敗（含嘗試 .TWO 後綴）：800G 沒有抓到任何資料；請確認代號是否正確（尤其台股需要 .TW / .TWO 後綴）
[2026-09-11 07:57:57 台灣時間] ⚠️ 關聯股 IET 更新失敗，跳過：抓取 IET 失敗，重試 3 次後仍失敗（含嘗試 .TWO 後綴）：IET 沒有抓到任何資料；請確認代號是否正確（尤其台股需要 .TW / .TWO 後綴）
[2026-09-11 07:57:58 台灣時間] 完成：4991.TW 趨勢延續分數=-94.6（強烈偏空延續，納入 12 檔關聯股；其中天數樣本最少的一檔為 241 天（樣本充足（>200，具統計意義）））
[2026-09-11 07:57:58 台灣時間] 處理中：編號18 - 4971.TW
[2026-09-11 07:58:07 台灣時間] ⚠️ 關聯股 MOCVD 更新失敗，跳過：抓取 MOCVD 失敗，重試 3 次後仍失敗（含嘗試 .TWO 後綴）：MOCVD 沒有抓到任何資料；請確認代號是否正確（尤其台股需要 .TW / .TWO 後綴）
[2026-09-11 07:58:13 台灣時間] ⚠️ 關聯股 MBE 更新失敗，跳過：抓取 MBE 失敗，重試 3 次後仍失敗（含嘗試 .TWO 後綴）：MBE 沒有抓到任何資料；請確認代號是否正確（尤其台股需要 .TW / .TWO 後綴）
[2026-09-11 07:58:20 台灣時間] ⚠️ 關聯股 FAU 更新失敗，跳過：抓取 FAU 失敗，重試 3 次後仍失敗（含嘗試 .TWO 後綴）：FAU 沒有抓到任何資料；請確認代號是否正確（尤其台股需要 .TW / .TWO 後綴）
[2026-09-11 07:58:26 台灣時間] ⚠️ 關聯股 CPO 更新失敗，跳過：抓取 CPO 失敗，重試 3 次後仍失敗（含嘗試 .TWO 後綴）：CPO 沒有抓到任何資料；請確認代號是否正確（尤其台股需要 .TW / .TWO 後綴）
[2026-09-11 07:58:40 台灣時間] ⚠️ 關聯股 800G 更新失敗，跳過：抓取 800G 失敗，重試 3 次後仍失敗（含嘗試 .TWO 後綴）：800G 沒有抓到任何資料；請確認代號是否正確（尤其台股需要 .TW / .TWO 後綴）
[2026-09-11 07:58:46 台灣時間] ⚠️ 關聯股 IET 更新失敗，跳過：抓取 IET 失敗，重試 3 次後仍失敗（含嘗試 .TWO 後綴）：IET 沒有抓到任何資料；請確認代號是否正確（尤其台股需要 .TW / .TWO 後綴）
[2026-09-11 07:58:47 台灣時間] 完成：4971.TW 趨勢延續分數=-95.7（強烈偏空延續，納入 12 檔關聯股；其中天數樣本最少的一檔為 245 天（樣本充足（>200，具統計意義）））
[2026-09-11 07:58:47 台灣時間] 處理中：編號18 - 3105.TW
[2026-09-11 07:58:57 台灣時間] ⚠️ 關聯股 MOCVD 更新失敗，跳過：抓取 MOCVD 失敗，重試 3 次後仍失敗（含嘗試 .TWO 後綴）：MOCVD 沒有抓到任何資料；請確認代號是否正確（尤其台股需要 .TW / .TWO 後綴）
[2026-09-11 07:59:03 台灣時間] ⚠️ 關聯股 MBE 更新失敗，跳過：抓取 MBE 失敗，重試 3 次後仍失敗（含嘗試 .TWO 後綴）：MBE 沒有抓到任何資料；請確認代號是否正確（尤其台股需要 .TW / .TWO 後綴）
[2026-09-11 07:59:10 台灣時間] ⚠️ 關聯股 FAU 更新失敗，跳過：抓取 FAU 失敗，重試 3 次後仍失敗（含嘗試 .TWO 後綴）：FAU 沒有抓到任何資料；請確認代號是否正確（尤其台股需要 .TW / .TWO 後綴）
[2026-09-11 07:59:15 台灣時間] ⚠️ 關聯股 CPO 更新失敗，跳過：抓取 CPO 失敗，重試 3 次後仍失敗（含嘗試 .TWO 後綴）：CPO 沒有抓到任何資料；請確認代號是否正確（尤其台股需要 .TW / .TWO 後綴）
[2026-09-11 07:59:30 台灣時間] ⚠️ 關聯股 800G 更新失敗，跳過：抓取 800G 失敗，重試 3 次後仍失敗（含嘗試 .TWO 後綴）：800G 沒有抓到任何資料；請確認代號是否正確（尤其台股需要 .TW / .TWO 後綴）
[2026-09-11 07:59:35 台灣時間] ⚠️ 關聯股 IET 更新失敗，跳過：抓取 IET 失敗，重試 3 次後仍失敗（含嘗試 .TWO 後綴）：IET 沒有抓到任何資料；請確認代號是否正確（尤其台股需要 .TW / .TWO 後綴）
[2026-09-11 07:59:36 台灣時間] 完成：3105.TW 趨勢延續分數=-91.4（強烈偏空延續，納入 12 檔關聯股；其中天數樣本最少的一檔為 242 天（樣本充足（>200，具統計意義）））
[2026-09-11 07:59:36 台灣時間] 處理中：編號18 - 8086.TW
[2026-09-11 07:59:46 台灣時間] ⚠️ 關聯股 MOCVD 更新失敗，跳過：抓取 MOCVD 失敗，重試 3 次後仍失敗（含嘗試 .TWO 後綴）：MOCVD 沒有抓到任何資料；請確認代號是否正確（尤其台股需要 .TW / .TWO 後綴）
[2026-09-11 07:59:51 台灣時間] ⚠️ 關聯股 MBE 更新失敗，跳過：抓取 MBE 失敗，重試 3 次後仍失敗（含嘗試 .TWO 後綴）：MBE 沒有抓到任何資料；請確認代號是否正確（尤其台股需要 .TW / .TWO 後綴）
[2026-09-11 07:59:59 台灣時間] ⚠️ 關聯股 FAU 更新失敗，跳過：抓取 FAU 失敗，重試 3 次後仍失敗（含嘗試 .TWO 後綴）：FAU 沒有抓到任何資料；請確認代號是否正確（尤其台股需要 .TW / .TWO 後綴）
[2026-09-11 08:00:04 台灣時間] ⚠️ 關聯股 CPO 更新失敗，跳過：抓取 CPO 失敗，重試 3 次後仍失敗（含嘗試 .TWO 後綴）：CPO 沒有抓到任何資料；請確認代號是否正確（尤其台股需要 .TW / .TWO 後綴）
[2026-09-11 08:00:19 台灣時間] ⚠️ 關聯股 800G 更新失敗，跳過：抓取 800G 失敗，重試 3 次後仍失敗（含嘗試 .TWO 後綴）：800G 沒有抓到任何資料；請確認代號是否正確（尤其台股需要 .TW / .TWO 後綴）
[2026-09-11 08:00:24 台灣時間] ⚠️ 關聯股 IET 更新失敗，跳過：抓取 IET 失敗，重試 3 次後仍失敗（含嘗試 .TWO 後綴）：IET 沒有抓到任何資料；請確認代號是否正確（尤其台股需要 .TW / .TWO 後綴）
[2026-09-11 08:00:25 台灣時間] 完成：8086.TW 趨勢延續分數=-90.8（強烈偏空延續，納入 12 檔關聯股；其中天數樣本最少的一檔為 234 天（樣本充足（>200，具統計意義）））
[2026-09-11 08:00:25 台灣時間] 處理中：編號18 - 3363.TW
[2026-09-11 08:00:35 台灣時間] ⚠️ 關聯股 MOCVD 更新失敗，跳過：抓取 MOCVD 失敗，重試 3 次後仍失敗（含嘗試 .TWO 後綴）：MOCVD 沒有抓到任何資料；請確認代號是否正確（尤其台股需要 .TW / .TWO 後綴）
[2026-09-11 08:00:40 台灣時間] ⚠️ 關聯股 MBE 更新失敗，跳過：抓取 MBE 失敗，重試 3 次後仍失敗（含嘗試 .TWO 後綴）：MBE 沒有抓到任何資料；請確認代號是否正確（尤其台股需要 .TW / .TWO 後綴）
[2026-09-11 08:00:47 台灣時間] ⚠️ 關聯股 FAU 更新失敗，跳過：抓取 FAU 失敗，重試 3 次後仍失敗（含嘗試 .TWO 後綴）：FAU 沒有抓到任何資料；請確認代號是否正確（尤其台股需要 .TW / .TWO 後綴）
[2026-09-11 08:00:53 台灣時間] ⚠️ 關聯股 CPO 更新失敗，跳過：抓取 CPO 失敗，重試 3 次後仍失敗（含嘗試 .TWO 後綴）：CPO 沒有抓到任何資料；請確認代號是否正確（尤其台股需要 .TW / .TWO 後綴）
[2026-09-11 08:01:08 台灣時間] ⚠️ 關聯股 800G 更新失敗，跳過：抓取 800G 失敗，重試 3 次後仍失敗（含嘗試 .TWO 後綴）：800G 沒有抓到任何資料；請確認代號是否正確（尤其台股需要 .TW / .TWO 後綴）
[2026-09-11 08:01:13 台灣時間] ⚠️ 關聯股 IET 更新失敗，跳過：抓取 IET 失敗，重試 3 次後仍失敗（含嘗試 .TWO 後綴）：IET 沒有抓到任何資料；請確認代號是否正確（尤其台股需要 .TW / .TWO 後綴）
[2026-09-11 08:01:14 台灣時間] 完成：3363.TW 趨勢延續分數=-91.9（強烈偏空延續，納入 12 檔關聯股；其中天數樣本最少的一檔為 242 天（樣本充足（>200，具統計意義）））
[2026-09-11 08:01:14 台灣時間] 處理中：編號18 - 3163.TW
[2026-09-11 08:01:24 台灣時間] ⚠️ 關聯股 MOCVD 更新失敗，跳過：抓取 MOCVD 失敗，重試 3 次後仍失敗（含嘗試 .TWO 後綴）：MOCVD 沒有抓到任何資料；請確認代號是否正確（尤其台股需要 .TW / .TWO 後綴）
[2026-09-11 08:01:30 台灣時間] ⚠️ 關聯股 MBE 更新失敗，跳過：抓取 MBE 失敗，重試 3 次後仍失敗（含嘗試 .TWO 後綴）：MBE 沒有抓到任何資料；請確認代號是否正確（尤其台股需要 .TW / .TWO 後綴）
[2026-09-11 08:01:37 台灣時間] ⚠️ 關聯股 FAU 更新失敗，跳過：抓取 FAU 失敗，重試 3 次後仍失敗（含嘗試 .TWO 後綴）：FAU 沒有抓到任何資料；請確認代號是否正確（尤其台股需要 .TW / .TWO 後綴）
[2026-09-11 08:01:43 台灣時間] ⚠️ 關聯股 CPO 更新失敗，跳過：抓取 CPO 失敗，重試 3 次後仍失敗（含嘗試 .TWO 後綴）：CPO 沒有抓到任何資料；請確認代號是否正確（尤其台股需要 .TW / .TWO 後綴）
[2026-09-11 08:01:57 台灣時間] ⚠️ 關聯股 800G 更新失敗，跳過：抓取 800G 失敗，重試 3 次後仍失敗（含嘗試 .TWO 後綴）：800G 沒有抓到任何資料；請確認代號是否正確（尤其台股需要 .TW / .TWO 後綴）
[2026-09-11 08:02:02 台灣時間] ⚠️ 關聯股 IET 更新失敗，跳過：抓取 IET 失敗，重試 3 次後仍失敗（含嘗試 .TWO 後綴）：IET 沒有抓到任何資料；請確認代號是否正確（尤其台股需要 .TW / .TWO 後綴）
[2026-09-11 08:02:03 台灣時間] 完成：3163.TW 趨勢延續分數=-88.7（強烈偏空延續，納入 12 檔關聯股；其中天數樣本最少的一檔為 241 天（樣本充足（>200，具統計意義）））
[2026-09-11 08:02:03 台灣時間] 處理中：編號18 - 4979.TW
[2026-09-11 08:02:13 台灣時間] ⚠️ 關聯股 MOCVD 更新失敗，跳過：抓取 MOCVD 失敗，重試 3 次後仍失敗（含嘗試 .TWO 後綴）：MOCVD 沒有抓到任何資料；請確認代號是否正確（尤其台股需要 .TW / .TWO 後綴）
[2026-09-11 08:02:18 台灣時間] ⚠️ 關聯股 MBE 更新失敗，跳過：抓取 MBE 失敗，重試 3 次後仍失敗（含嘗試 .TWO 後綴）：MBE 沒有抓到任何資料；請確認代號是否正確（尤其台股需要 .TW / .TWO 後綴）
[2026-09-11 08:02:26 台灣時間] ⚠️ 關聯股 FAU 更新失敗，跳過：抓取 FAU 失敗，重試 3 次後仍失敗（含嘗試 .TWO 後綴）：FAU 沒有抓到任何資料；請確認代號是否正確（尤其台股需要 .TW / .TWO 後綴）
[2026-09-11 08:02:32 台灣時間] ⚠️ 關聯股 CPO 更新失敗，跳過：抓取 CPO 失敗，重試 3 次後仍失敗（含嘗試 .TWO 後綴）：CPO 沒有抓到任何資料；請確認代號是否正確（尤其台股需要 .TW / .TWO 後綴）
[2026-09-11 08:02:47 台灣時間] ⚠️ 關聯股 800G 更新失敗，跳過：抓取 800G 失敗，重試 3 次後仍失敗（含嘗試 .TWO 後綴）：800G 沒有抓到任何資料；請確認代號是否正確（尤其台股需要 .TW / .TWO 後綴）
[2026-09-11 08:02:52 台灣時間] ⚠️ 關聯股 IET 更新失敗，跳過：抓取 IET 失敗，重試 3 次後仍失敗（含嘗試 .TWO 後綴）：IET 沒有抓到任何資料；請確認代號是否正確（尤其台股需要 .TW / .TWO 後綴）
[2026-09-11 08:02:53 台灣時間] 完成：4979.TW 趨勢延續分數=-95.6（強烈偏空延續，納入 12 檔關聯股；其中天數樣本最少的一檔為 244 天（樣本充足（>200，具統計意義）））
[2026-09-11 08:02:53 台灣時間] 處理中：編號18 - 3450.TW
[2026-09-11 08:02:58 台灣時間] ⚠️ 關聯股 MOCVD 更新失敗，跳過：抓取 MOCVD 失敗，重試 3 次後仍失敗（含嘗試 .TWO 後綴）：MOCVD 沒有抓到任何資料；請確認代號是否正確（尤其台股需要 .TW / .TWO 後綴）
[2026-09-11 08:03:04 台灣時間] ⚠️ 關聯股 MBE 更新失敗，跳過：抓取 MBE 失敗，重試 3 次後仍失敗（含嘗試 .TWO 後綴）：MBE 沒有抓到任何資料；請確認代號是否正確（尤其台股需要 .TW / .TWO 後綴）
[2026-09-11 08:03:11 台灣時間] ⚠️ 關聯股 FAU 更新失敗，跳過：抓取 FAU 失敗，重試 3 次後仍失敗（含嘗試 .TWO 後綴）：FAU 沒有抓到任何資料；請確認代號是否正確（尤其台股需要 .TW / .TWO 後綴）
[2026-09-11 08:03:16 台灣時間] ⚠️ 關聯股 CPO 更新失敗，跳過：抓取 CPO 失敗，重試 3 次後仍失敗（含嘗試 .TWO 後綴）：CPO 沒有抓到任何資料；請確認代號是否正確（尤其台股需要 .TW / .TWO 後綴）
[2026-09-11 08:03:31 台灣時間] ⚠️ 關聯股 800G 更新失敗，跳過：抓取 800G 失敗，重試 3 次後仍失敗（含嘗試 .TWO 後綴）：800G 沒有抓到任何資料；請確認代號是否正確（尤其台股需要 .TW / .TWO 後綴）
[2026-09-11 08:03:36 台灣時間] ⚠️ 關聯股 IET 更新失敗，跳過：抓取 IET 失敗，重試 3 次後仍失敗（含嘗試 .TWO 後綴）：IET 沒有抓到任何資料；請確認代號是否正確（尤其台股需要 .TW / .TWO 後綴）
[2026-09-11 08:03:37 台灣時間] 完成：3450.TW 趨勢延續分數=-98.9（強烈偏空延續，納入 12 檔關聯股；其中天數樣本最少的一檔為 241 天（樣本充足（>200，具統計意義）））
[2026-09-11 08:03:37 台灣時間] 處理中：編號18 - 4977.TW
[2026-09-11 08:03:42 台灣時間] ⚠️ 關聯股 MOCVD 更新失敗，跳過：抓取 MOCVD 失敗，重試 3 次後仍失敗（含嘗試 .TWO 後綴）：MOCVD 沒有抓到任何資料；請確認代號是否正確（尤其台股需要 .TW / .TWO 後綴）
[2026-09-11 08:03:48 台灣時間] ⚠️ 關聯股 MBE 更新失敗，跳過：抓取 MBE 失敗，重試 3 次後仍失敗（含嘗試 .TWO 後綴）：MBE 沒有抓到任何資料；請確認代號是否正確（尤其台股需要 .TW / .TWO 後綴）
[2026-09-11 08:03:55 台灣時間] ⚠️ 關聯股 FAU 更新失敗，跳過：抓取 FAU 失敗，重試 3 次後仍失敗（含嘗試 .TWO 後綴）：FAU 沒有抓到任何資料；請確認代號是否正確（尤其台股需要 .TW / .TWO 後綴）
[2026-09-11 08:04:01 台灣時間] ⚠️ 關聯股 CPO 更新失敗，跳過：抓取 CPO 失敗，重試 3 次後仍失敗（含嘗試 .TWO 後綴）：CPO 沒有抓到任何資料；請確認代號是否正確（尤其台股需要 .TW / .TWO 後綴）
[2026-09-11 08:04:16 台灣時間] ⚠️ 關聯股 800G 更新失敗，跳過：抓取 800G 失敗，重試 3 次後仍失敗（含嘗試 .TWO 後綴）：800G 沒有抓到任何資料；請確認代號是否正確（尤其台股需要 .TW / .TWO 後綴）
[2026-09-11 08:04:21 台灣時間] ⚠️ 關聯股 IET 更新失敗，跳過：抓取 IET 失敗，重試 3 次後仍失敗（含嘗試 .TWO 後綴）：IET 沒有抓到任何資料；請確認代號是否正確（尤其台股需要 .TW / .TWO 後綴）
[2026-09-11 08:04:22 台灣時間] 完成：4977.TW 趨勢延續分數=-87.7（強烈偏空延續，納入 12 檔關聯股；其中天數樣本最少的一檔為 240 天（樣本充足（>200，具統計意義）））
[2026-09-11 08:04:22 台灣時間] 處理中：編號18 - 6451.TW
[2026-09-11 08:04:27 台灣時間] ⚠️ 關聯股 MOCVD 更新失敗，跳過：抓取 MOCVD 失敗，重試 3 次後仍失敗（含嘗試 .TWO 後綴）：MOCVD 沒有抓到任何資料；請確認代號是否正確（尤其台股需要 .TW / .TWO 後綴）
[2026-09-11 08:04:32 台灣時間] ⚠️ 關聯股 MBE 更新失敗，跳過：抓取 MBE 失敗，重試 3 次後仍失敗（含嘗試 .TWO 後綴）：MBE 沒有抓到任何資料；請確認代號是否正確（尤其台股需要 .TW / .TWO 後綴）
[2026-09-11 08:04:40 台灣時間] ⚠️ 關聯股 FAU 更新失敗，跳過：抓取 FAU 失敗，重試 3 次後仍失敗（含嘗試 .TWO 後綴）：FAU 沒有抓到任何資料；請確認代號是否正確（尤其台股需要 .TW / .TWO 後綴）
[2026-09-11 08:04:45 台灣時間] ⚠️ 關聯股 CPO 更新失敗，跳過：抓取 CPO 失敗，重試 3 次後仍失敗（含嘗試 .TWO 後綴）：CPO 沒有抓到任何資料；請確認代號是否正確（尤其台股需要 .TW / .TWO 後綴）
[2026-09-11 08:04:59 台灣時間] ⚠️ 關聯股 800G 更新失敗，跳過：抓取 800G 失敗，重試 3 次後仍失敗（含嘗試 .TWO 後綴）：800G 沒有抓到任何資料；請確認代號是否正確（尤其台股需要 .TW / .TWO 後綴）
[2026-09-11 08:05:05 台灣時間] ⚠️ 關聯股 IET 更新失敗，跳過：抓取 IET 失敗，重試 3 次後仍失敗（含嘗試 .TWO 後綴）：IET 沒有抓到任何資料；請確認代號是否正確（尤其台股需要 .TW / .TWO 後綴）
[2026-09-11 08:05:06 台灣時間] 完成：6451.TW 趨勢延續分數=-89.5（強烈偏空延續，納入 12 檔關聯股；其中天數樣本最少的一檔為 244 天（樣本充足（>200，具統計意義）））
[2026-09-11 08:05:06 台灣時間] 處理中：編號18 - 3711.TW
[2026-09-11 08:05:11 台灣時間] ⚠️ 關聯股 MOCVD 更新失敗，跳過：抓取 MOCVD 失敗，重試 3 次後仍失敗（含嘗試 .TWO 後綴）：MOCVD 沒有抓到任何資料；請確認代號是否正確（尤其台股需要 .TW / .TWO 後綴）
[2026-09-11 08:05:16 台灣時間] ⚠️ 關聯股 MBE 更新失敗，跳過：抓取 MBE 失敗，重試 3 次後仍失敗（含嘗試 .TWO 後綴）：MBE 沒有抓到任何資料；請確認代號是否正確（尤其台股需要 .TW / .TWO 後綴）
[2026-09-11 08:05:24 台灣時間] ⚠️ 關聯股 FAU 更新失敗，跳過：抓取 FAU 失敗，重試 3 次後仍失敗（含嘗試 .TWO 後綴）：FAU 沒有抓到任何資料；請確認代號是否正確（尤其台股需要 .TW / .TWO 後綴）
[2026-09-11 08:05:29 台灣時間] ⚠️ 關聯股 CPO 更新失敗，跳過：抓取 CPO 失敗，重試 3 次後仍失敗（含嘗試 .TWO 後綴）：CPO 沒有抓到任何資料；請確認代號是否正確（尤其台股需要 .TW / .TWO 後綴）
[2026-09-11 08:05:44 台灣時間] ⚠️ 關聯股 800G 更新失敗，跳過：抓取 800G 失敗，重試 3 次後仍失敗（含嘗試 .TWO 後綴）：800G 沒有抓到任何資料；請確認代號是否正確（尤其台股需要 .TW / .TWO 後綴）
[2026-09-11 08:05:49 台灣時間] ⚠️ 關聯股 IET 更新失敗，跳過：抓取 IET 失敗，重試 3 次後仍失敗（含嘗試 .TWO 後綴）：IET 沒有抓到任何資料；請確認代號是否正確（尤其台股需要 .TW / .TWO 後綴）
[2026-09-11 08:05:50 台灣時間] 完成：3711.TW 趨勢延續分數=-98.6（強烈偏空延續，納入 12 檔關聯股；其中天數樣本最少的一檔為 233 天（樣本充足（>200，具統計意義）））
[2026-09-11 08:05:50 台灣時間] 處理中：編號18 - 2330.TW
[2026-09-11 08:05:55 台灣時間] ⚠️ 關聯股 MOCVD 更新失敗，跳過：抓取 MOCVD 失敗，重試 3 次後仍失敗（含嘗試 .TWO 後綴）：MOCVD 沒有抓到任何資料；請確認代號是否正確（尤其台股需要 .TW / .TWO 後綴）
[2026-09-11 08:06:00 台灣時間] ⚠️ 關聯股 MBE 更新失敗，跳過：抓取 MBE 失敗，重試 3 次後仍失敗（含嘗試 .TWO 後綴）：MBE 沒有抓到任何資料；請確認代號是否正確（尤其台股需要 .TW / .TWO 後綴）
[2026-09-11 08:06:08 台灣時間] ⚠️ 關聯股 FAU 更新失敗，跳過：抓取 FAU 失敗，重試 3 次後仍失敗（含嘗試 .TWO 後綴）：FAU 沒有抓到任何資料；請確認代號是否正確（尤其台股需要 .TW / .TWO 後綴）
[2026-09-11 08:06:14 台灣時間] ⚠️ 關聯股 CPO 更新失敗，跳過：抓取 CPO 失敗，重試 3 次後仍失敗（含嘗試 .TWO 後綴）：CPO 沒有抓到任何資料；請確認代號是否正確（尤其台股需要 .TW / .TWO 後綴）
[2026-09-11 08:06:29 台灣時間] ⚠️ 關聯股 800G 更新失敗，跳過：抓取 800G 失敗，重試 3 次後仍失敗（含嘗試 .TWO 後綴）：800G 沒有抓到任何資料；請確認代號是否正確（尤其台股需要 .TW / .TWO 後綴）
[2026-09-11 08:06:35 台灣時間] ⚠️ 關聯股 IET 更新失敗，跳過：抓取 IET 失敗，重試 3 次後仍失敗（含嘗試 .TWO 後綴）：IET 沒有抓到任何資料；請確認代號是否正確（尤其台股需要 .TW / .TWO 後綴）
[2026-09-11 08:06:36 台灣時間] 完成：2330.TW 趨勢延續分數=-99.0（強烈偏空延續，納入 12 檔關聯股；其中天數樣本最少的一檔為 230 天（樣本充足（>200，具統計意義）））
[2026-09-11 08:06:36 台灣時間] 處理中：編號19 - 3008.TW
[2026-09-11 08:06:40 台灣時間] 完成：3008.TW 趨勢延續分數=-39.9（弱偏空延續，納入 4 檔關聯股；其中天數樣本最少的一檔為 239 天（樣本充足（>200，具統計意義）））
[2026-09-11 08:06:40 台灣時間] 處理中：編號19 - 3362.TW
[2026-09-11 08:06:48 台灣時間] 完成：3362.TW 趨勢延續分數=-31.4（弱偏空延續，納入 4 檔關聯股；其中天數樣本最少的一檔為 238 天（樣本充足（>200，具統計意義）））
[2026-09-11 08:06:48 台灣時間] 處理中：編號19 - 3406.TW
[2026-09-11 08:06:52 台灣時間] 完成：3406.TW 趨勢延續分數=-41.9（中度偏空延續，納入 4 檔關聯股；其中天數樣本最少的一檔為 243 天（樣本充足（>200，具統計意義）））
[2026-09-11 08:06:52 台灣時間] 處理中：編號21 - 4585.TW
[2026-09-11 08:07:01 台灣時間] ⚠️ 關聯股 ABB 更新失敗，跳過：抓取 ABB 失敗，重試 3 次後仍失敗（含嘗試 .TWO 後綴）：ABB 沒有抓到任何資料；請確認代號是否正確（尤其台股需要 .TW / .TWO 後綴）
[2026-09-11 08:07:07 台灣時間] 完成：4585.TW 趨勢延續分數=-100.0（強烈偏空延續，納入 9 檔關聯股；其中天數樣本最少的一檔為 237 天（樣本充足（>200，具統計意義）））
[2026-09-11 08:07:07 台灣時間] 處理中：編號22 - 6415.TW
[2026-09-11 08:07:20 台灣時間] ⚠️ 關聯股 800G 更新失敗，跳過：抓取 800G 失敗，重試 3 次後仍失敗（含嘗試 .TWO 後綴）：800G 沒有抓到任何資料；請確認代號是否正確（尤其台股需要 .TW / .TWO 後綴）
[2026-09-11 08:07:25 台灣時間] ⚠️ 關聯股 1.6T 更新失敗，跳過：抓取 1.6T 失敗，重試 3 次後仍失敗（含嘗試 .TWO 後綴）：1.6T 沒有抓到任何資料；請確認代號是否正確（尤其台股需要 .TW / .TWO 後綴）
[2026-09-11 08:07:30 台灣時間] 完成：6415.TW 趨勢延續分數=-25.3（弱偏空延續，納入 12 檔關聯股；其中天數樣本最少的一檔為 242 天（樣本充足（>200，具統計意義）））
[2026-09-11 08:07:30 台灣時間] 處理中：編號22 - 6526.TW
[2026-09-11 08:07:42 台灣時間] ⚠️ 關聯股 800G 更新失敗，跳過：抓取 800G 失敗，重試 3 次後仍失敗（含嘗試 .TWO 後綴）：800G 沒有抓到任何資料；請確認代號是否正確（尤其台股需要 .TW / .TWO 後綴）
[2026-09-11 08:07:47 台灣時間] ⚠️ 關聯股 1.6T 更新失敗，跳過：抓取 1.6T 失敗，重試 3 次後仍失敗（含嘗試 .TWO 後綴）：1.6T 沒有抓到任何資料；請確認代號是否正確（尤其台股需要 .TW / .TWO 後綴）
[2026-09-11 08:07:52 台灣時間] 完成：6526.TW 趨勢延續分數=-61.3（中度偏空延續，納入 12 檔關聯股；其中天數樣本最少的一檔為 241 天（樣本充足（>200，具統計意義）））
[2026-09-11 08:07:52 台灣時間] 處理中：編號23 - 3231.TW
[2026-09-11 08:08:03 台灣時間] 完成：3231.TW 趨勢延續分數=-67.4（中度偏空延續，納入 6 檔關聯股；其中天數樣本最少的一檔為 101 天（樣本尚可（100–200，具參考意義）））
[2026-09-11 08:08:03 台灣時間] 處理中：編號24 - 2615.TW
[2026-09-11 08:08:08 台灣時間] ⚠️ 關聯股 SCFI 更新失敗，跳過：抓取 SCFI 失敗，重試 3 次後仍失敗（含嘗試 .TWO 後綴）：SCFI 沒有抓到任何資料；請確認代號是否正確（尤其台股需要 .TW / .TWO 後綴）
[2026-09-11 08:08:11 台灣時間] 完成：2615.TW 趨勢延續分數=-64.8（中度偏空延續，納入 3 檔關聯股；其中天數樣本最少的一檔為 235 天（樣本充足（>200，具統計意義）））
[2026-09-11 08:08:11 台灣時間] 處理中：編號25 - 8039.TW
[2026-09-11 08:08:14 台灣時間] 完成：8039.TW 趨勢延續分數=-64.6（中度偏空延續，納入 3 檔關聯股；其中天數樣本最少的一檔為 250 天（樣本充足（>200，具統計意義）））
[2026-09-11 08:08:14 台灣時間] 處理中：編號26 - 2301.TW
[2026-09-11 08:08:19 台灣時間] ⚠️ 關聯股 DELTA 更新失敗，跳過：抓取 DELTA 失敗，重試 3 次後仍失敗（含嘗試 .TWO 後綴）：DELTA 沒有抓到任何資料；請確認代號是否正確（尤其台股需要 .TW / .TWO 後綴）
[2026-09-11 08:08:22 台灣時間] 完成：2301.TW 趨勢延續分數=-100.0（強烈偏空延續，納入 2 檔關聯股；其中天數樣本最少的一檔為 221 天（樣本充足（>200，具統計意義）））
[2026-09-11 08:08:22 台灣時間] 處理中：編號27 - 2464.TW
[2026-09-11 08:08:31 台灣時間] 完成：2464.TW 趨勢延續分數=-41.1（中度偏空延續，納入 4 檔關聯股；其中天數樣本最少的一檔為 249 天（樣本充足（>200，具統計意義）））
[2026-09-11 08:08:31 台灣時間] 處理中：編號28 - 2059.TW
[2026-09-11 08:08:36 台灣時間] ⚠️ 關聯股 ACW 更新失敗，跳過：抓取 ACW 失敗，重試 3 次後仍失敗（含嘗試 .TWO 後綴）：ACW 沒有抓到任何資料；請確認代號是否正確（尤其台股需要 .TW / .TWO 後綴）
[2026-09-11 08:08:39 台灣時間] 完成：2059.TW 趨勢延續分數=-100.0（強烈偏空延續，納入 2 檔關聯股；其中天數樣本最少的一檔為 246 天（樣本充足（>200，具統計意義）））
[2026-09-11 08:08:39 台灣時間] 處理中：編號29 - 6214.TW
[2026-09-11 08:08:43 台灣時間] 完成：6214.TW 趨勢延續分數=90.7（強烈偏多延續，納入 4 檔關聯股；其中天數樣本最少的一檔為 215 天（樣本充足（>200，具統計意義）））
[2026-09-11 08:08:43 台灣時間] 處理中：編號30 - 2395.TW
[2026-09-11 08:08:48 台灣時間] ⚠️ 關聯股 ADLINK 更新失敗，跳過：抓取 ADLINK 失敗，重試 3 次後仍失敗（含嘗試 .TWO 後綴）：ADLINK 沒有抓到任何資料；請確認代號是否正確（尤其台股需要 .TW / .TWO 後綴）
[2026-09-11 08:08:51 台灣時間] 完成：2395.TW 趨勢延續分數=-51.7（中度偏空延續，納入 3 檔關聯股；其中天數樣本最少的一檔為 245 天（樣本充足（>200，具統計意義）））
[2026-09-11 08:08:51 台灣時間] 處理中：編號31 - 2474.TW
[2026-09-11 08:08:57 台灣時間] 完成：2474.TW 趨勢延續分數=-100.0（強烈偏空延續，納入 6 檔關聯股；其中天數樣本最少的一檔為 227 天（樣本充足（>200，具統計意義）））
[2026-09-11 08:08:57 台灣時間] 處理中：編號32 - 8103.TW
[2026-09-11 08:09:03 台灣時間] 完成：8103.TW 趨勢延續分數=-59.9（中度偏空延續，納入 5 檔關聯股；其中天數樣本最少的一檔為 244 天（樣本充足（>200，具統計意義）））
[2026-09-11 08:09:03 台灣時間] 處理中：編號33 - 6531.TW
[2026-09-11 08:09:11 台灣時間] ⚠️ 關聯股 HPC 更新失敗，跳過：抓取 HPC 失敗，重試 3 次後仍失敗（含嘗試 .TWO 後綴）：HPC 沒有抓到任何資料；請確認代號是否正確（尤其台股需要 .TW / .TWO 後綴）
[2026-09-11 08:09:18 台灣時間] ⚠️ 關聯股 DTC 更新失敗，跳過：抓取 DTC 失敗，重試 3 次後仍失敗（含嘗試 .TWO 後綴）：DTC 沒有抓到任何資料；請確認代號是否正確（尤其台股需要 .TW / .TWO 後綴）
[2026-09-11 08:09:23 台灣時間] ⚠️ 關聯股 PDK 更新失敗，跳過：抓取 PDK 失敗，重試 3 次後仍失敗（含嘗試 .TWO 後綴）：PDK 沒有抓到任何資料；請確認代號是否正確（尤其台股需要 .TW / .TWO 後綴）
[2026-09-11 08:09:24 台灣時間] 完成：6531.TW 趨勢延續分數=-53.7（中度偏空延續，納入 5 檔關聯股；其中天數樣本最少的一檔為 104 天（樣本尚可（100–200，具參考意義）））
[2026-09-11 08:09:24 台灣時間] 處理中：編號33 - 6770.TW
[2026-09-11 08:09:33 台灣時間] ⚠️ 關聯股 HPC 更新失敗，跳過：抓取 HPC 失敗，重試 3 次後仍失敗（含嘗試 .TWO 後綴）：HPC 沒有抓到任何資料；請確認代號是否正確（尤其台股需要 .TW / .TWO 後綴）
[2026-09-11 08:09:39 台灣時間] ⚠️ 關聯股 DTC 更新失敗，跳過：抓取 DTC 失敗，重試 3 次後仍失敗（含嘗試 .TWO 後綴）：DTC 沒有抓到任何資料；請確認代號是否正確（尤其台股需要 .TW / .TWO 後綴）
[2026-09-11 08:09:44 台灣時間] ⚠️ 關聯股 PDK 更新失敗，跳過：抓取 PDK 失敗，重試 3 次後仍失敗（含嘗試 .TWO 後綴）：PDK 沒有抓到任何資料；請確認代號是否正確（尤其台股需要 .TW / .TWO 後綴）
[2026-09-11 08:09:45 台灣時間] 完成：6770.TW 趨勢延續分數=-40.1（中度偏空延續，納入 5 檔關聯股；其中天數樣本最少的一檔為 104 天（樣本尚可（100–200，具參考意義）））
[2026-09-11 08:09:45 台灣時間] 處理中：編號33 - 2303.TW
[2026-09-11 08:09:54 台灣時間] ⚠️ 關聯股 HPC 更新失敗，跳過：抓取 HPC 失敗，重試 3 次後仍失敗（含嘗試 .TWO 後綴）：HPC 沒有抓到任何資料；請確認代號是否正確（尤其台股需要 .TW / .TWO 後綴）
[2026-09-11 08:10:00 台灣時間] ⚠️ 關聯股 DTC 更新失敗，跳過：抓取 DTC 失敗，重試 3 次後仍失敗（含嘗試 .TWO 後綴）：DTC 沒有抓到任何資料；請確認代號是否正確（尤其台股需要 .TW / .TWO 後綴）
[2026-09-11 08:10:05 台灣時間] ⚠️ 關聯股 PDK 更新失敗，跳過：抓取 PDK 失敗，重試 3 次後仍失敗（含嘗試 .TWO 後綴）：PDK 沒有抓到任何資料；請確認代號是否正確（尤其台股需要 .TW / .TWO 後綴）
[2026-09-11 08:10:06 台灣時間] 完成：2303.TW 趨勢延續分數=-42.4（中度偏空延續，納入 5 檔關聯股；其中天數樣本最少的一檔為 102 天（樣本尚可（100–200，具參考意義）））
[2026-09-11 08:10:06 台灣時間] 處理中：編號34 - 2421.TW
[2026-09-11 08:10:12 台灣時間] 完成：2421.TW 趨勢延續分數=-72.8（強烈偏空延續，納入 6 檔關聯股；其中天數樣本最少的一檔為 243 天（樣本充足（>200，具統計意義）））
[2026-09-11 08:10:12 台灣時間] 處理中：編號34 - 4931.TW
[2026-09-11 08:10:22 台灣時間] 完成：4931.TW 趨勢延續分數=-77.9（強烈偏空延續，納入 6 檔關聯股；其中天數樣本最少的一檔為 247 天（樣本充足（>200，具統計意義）））
[2026-09-11 08:10:22 台灣時間] 處理中：編號35 - 6830.TW
[2026-09-11 08:10:25 台灣時間] 完成：6830.TW 趨勢延續分數=2.3（方向不明/觀望，納入 3 檔關聯股；其中天數樣本最少的一檔為 241 天（樣本充足（>200，具統計意義）））
[2026-09-11 08:10:25 台灣時間] 處理中：編號36 - 7711.TW
[2026-09-11 08:10:31 台灣時間] 完成：7711.TW 趨勢延續分數=-100.0（強烈偏空延續，納入 6 檔關聯股；其中天數樣本最少的一檔為 180 天（樣本尚可（100–200，具參考意義）））
[2026-09-11 08:10:31 台灣時間] 處理中：編號37 - 3234.TW
[2026-09-11 08:10:43 台灣時間] ⚠️ 關聯股 800G 更新失敗，跳過：抓取 800G 失敗，重試 3 次後仍失敗（含嘗試 .TWO 後綴）：800G 沒有抓到任何資料；請確認代號是否正確（尤其台股需要 .TW / .TWO 後綴）
[2026-09-11 08:10:56 台灣時間] 完成：3234.TW 趨勢延續分數=-100.0（強烈偏空延續，納入 5 檔關聯股；其中天數樣本最少的一檔為 251 天（樣本充足（>200，具統計意義）））
[2026-09-11 08:10:56 台灣時間] 處理中：編號38 - 6291.TW
[2026-09-11 08:11:19 台灣時間] 完成：6291.TW 趨勢延續分數=-49.2（中度偏空延續，納入 5 檔關聯股；其中天數樣本最少的一檔為 255 天（樣本充足（>200，具統計意義）））
[2026-09-11 08:11:19 台灣時間] 處理中：編號39 - 4908.TW
[2026-09-11 08:11:26 台灣時間] 完成：4908.TW 趨勢延續分數=-41.9（中度偏空延續，納入 2 檔關聯股；其中天數樣本最少的一檔為 252 天（樣本充足（>200，具統計意義）））
[2026-09-11 08:11:26 台灣時間] 每日摘要已存到 /home/runner/work/brian670126/brian670126/reports/summary_2026-09-11.csv
[2026-09-11 08:11:26 台灣時間] 好讀版看板已存到 /home/runner/work/brian670126/brian670126/reports/dashboard_latest.html（同一份也存了 dashboard_2026-09-11.html）
[2026-09-11 08:11:26 台灣時間] 本次執行完畢

[2026-09-11 23:19:03 台灣時間] 開始執行每日分析，共 97 檔目標股
[2026-09-11 23:19:03 台灣時間] 處理中：編號1 - 3661.TW
[2026-09-11 23:19:47 台灣時間] 完成：3661.TW 趨勢延續分數=7.9（方向不明/觀望，納入 17 檔關聯股；其中天數樣本最少的一檔為 248 天（樣本充足（>200，具統計意義）））
[2026-09-11 23:19:47 台灣時間] 處理中：編號1 - 3443.TW
[2026-09-11 23:20:23 台灣時間] 完成：3443.TW 趨勢延續分數=4.7（方向不明/觀望，納入 17 檔關聯股；其中天數樣本最少的一檔為 243 天（樣本充足（>200，具統計意義）））
[2026-09-11 23:20:23 台灣時間] 處理中：編號1 - 3035.TW
[2026-09-11 23:20:57 台灣時間] 完成：3035.TW 趨勢延續分數=0.6（方向不明/觀望，納入 17 檔關聯股；其中天數樣本最少的一檔為 240 天（樣本充足（>200，具統計意義）））
[2026-09-11 23:20:57 台灣時間] 處理中：編號1 - 8227.TW
[2026-09-11 23:21:38 台灣時間] 完成：8227.TW 趨勢延續分數=19.2（弱偏多延續，納入 17 檔關聯股；其中天數樣本最少的一檔為 241 天（樣本充足（>200，具統計意義）））
[2026-09-11 23:21:38 台灣時間] 處理中：編號1 - 7707.TW
[2026-09-11 23:22:20 台灣時間] 完成：7707.TW 趨勢延續分數=-5.5（方向不明/觀望，納入 17 檔關聯股；其中天數樣本最少的一檔為 238 天（樣本充足（>200，具統計意義）））
[2026-09-11 23:22:20 台灣時間] 處理中：編號1 - 7796.TW
[2026-09-11 23:23:00 台灣時間] 完成：7796.TW 趨勢延續分數=-11.0（弱偏空延續，納入 17 檔關聯股；其中天數樣本最少的一檔為 237 天（樣本充足（>200，具統計意義）））
[2026-09-11 23:23:00 台灣時間] 處理中：編號1 - 2454.TW
[2026-09-11 23:23:36 台灣時間] 完成：2454.TW 趨勢延續分數=21.2（弱偏多延續，納入 17 檔關聯股；其中天數樣本最少的一檔為 233 天（樣本充足（>200，具統計意義）））
[2026-09-11 23:23:36 台灣時間] 處理中：編號1 - 2379.TW
[2026-09-11 23:24:12 台灣時間] 完成：2379.TW 趨勢延續分數=49.2（中度偏多延續，納入 17 檔關聯股；其中天數樣本最少的一檔為 238 天（樣本充足（>200，具統計意義）））
[2026-09-11 23:24:12 台灣時間] 處理中：編號1 - 3034.TW
[2026-09-11 23:24:47 台灣時間] 完成：3034.TW 趨勢延續分數=31.9（弱偏多延續，納入 17 檔關聯股；其中天數樣本最少的一檔為 244 天（樣本充足（>200，具統計意義）））
[2026-09-11 23:24:47 台灣時間] 處理中：編號1 - 8054.TW
[2026-09-11 23:25:27 台灣時間] 完成：8054.TW 趨勢延續分數=-9.9（方向不明/觀望，納入 17 檔關聯股；其中天數樣本最少的一檔為 239 天（樣本充足（>200，具統計意義）））
[2026-09-11 23:25:27 台灣時間] 處理中：編號1 - 6695.TW
[2026-09-11 23:26:03 台灣時間] 完成：6695.TW 趨勢延續分數=19.6（弱偏多延續，納入 17 檔關聯股；其中天數樣本最少的一檔為 247 天（樣本充足（>200，具統計意義）））
[2026-09-11 23:26:03 台灣時間] 處理中：編號1 - 2388.TW
[2026-09-11 23:26:38 台灣時間] 完成：2388.TW 趨勢延續分數=35.7（弱偏多延續，納入 17 檔關聯股；其中天數樣本最少的一檔為 245 天（樣本充足（>200，具統計意義）））
[2026-09-11 23:26:38 台灣時間] 處理中：編號1 - 2363.TW
[2026-09-11 23:27:13 台灣時間] 完成：2363.TW 趨勢延續分數=13.2（弱偏多延續，納入 17 檔關聯股；其中天數樣本最少的一檔為 247 天（樣本充足（>200，具統計意義）））
[2026-09-11 23:27:13 台灣時間] 處理中：編號1 - 3041.TW
[2026-09-11 23:27:48 台灣時間] 完成：3041.TW 趨勢延續分數=12.1（弱偏多延續，納入 17 檔關聯股；其中天數樣本最少的一檔為 240 天（樣本充足（>200，具統計意義）））
[2026-09-11 23:27:48 台灣時間] 處理中：編號3 - 8299.TW
[2026-09-11 23:28:07 台灣時間] 完成：8299.TW 趨勢延續分數=-11.4（弱偏空延續，納入 8 檔關聯股；其中天數樣本最少的一檔為 239 天（樣本充足（>200，具統計意義）））
[2026-09-11 23:28:07 台灣時間] 處理中：編號4 - 2337.TW
[2026-09-11 23:28:11 台灣時間] 完成：2337.TW 趨勢延續分數=32.9（弱偏多延續，納入 3 檔關聯股；其中天數樣本最少的一檔為 253 天（樣本充足（>200，具統計意義）））
[2026-09-11 23:28:11 台灣時間] 處理中：編號4 - 2344.TW
[2026-09-11 23:28:14 台灣時間] 完成：2344.TW 趨勢延續分數=28.5（弱偏多延續，納入 3 檔關聯股；其中天數樣本最少的一檔為 255 天（樣本充足（>200，具統計意義）））
[2026-09-11 23:28:14 台灣時間] 處理中：編號5 - 6239.TW
[2026-09-11 23:28:26 台灣時間] ⚠️ 關聯股 JCET 更新失敗，跳過：抓取 JCET 失敗，重試 3 次後仍失敗（含嘗試 .TWO 後綴）：JCET 沒有抓到任何資料；請確認代號是否正確（尤其台股需要 .TW / .TWO 後綴）
[2026-09-11 23:28:36 台灣時間] 完成：6239.TW 趨勢延續分數=-30.0（弱偏空延續，納入 10 檔關聯股；其中天數樣本最少的一檔為 104 天（樣本尚可（100–200，具參考意義）））
[2026-09-11 23:28:36 台灣時間] 處理中：編號5 - 2329.TW
[2026-09-11 23:28:47 台灣時間] ⚠️ 關聯股 JCET 更新失敗，跳過：抓取 JCET 失敗，重試 3 次後仍失敗（含嘗試 .TWO 後綴）：JCET 沒有抓到任何資料；請確認代號是否正確（尤其台股需要 .TW / .TWO 後綴）
[2026-09-11 23:28:56 台灣時間] 完成：2329.TW 趨勢延續分數=-34.9（弱偏空延續，納入 10 檔關聯股；其中天數樣本最少的一檔為 106 天（樣本尚可（100–200，具參考意義）））
[2026-09-11 23:28:56 台灣時間] 處理中：編號5 - 8110.TW
[2026-09-11 23:29:08 台灣時間] ⚠️ 關聯股 JCET 更新失敗，跳過：抓取 JCET 失敗，重試 3 次後仍失敗（含嘗試 .TWO 後綴）：JCET 沒有抓到任何資料；請確認代號是否正確（尤其台股需要 .TW / .TWO 後綴）
[2026-09-11 23:29:17 台灣時間] 完成：8110.TW 趨勢延續分數=-25.7（弱偏空延續，納入 10 檔關聯股；其中天數樣本最少的一檔為 104 天（樣本尚可（100–200，具參考意義）））
[2026-09-11 23:29:17 台灣時間] 處理中：編號5 - 8150.TW
[2026-09-11 23:29:28 台灣時間] ⚠️ 關聯股 JCET 更新失敗，跳過：抓取 JCET 失敗，重試 3 次後仍失敗（含嘗試 .TWO 後綴）：JCET 沒有抓到任何資料；請確認代號是否正確（尤其台股需要 .TW / .TWO 後綴）
[2026-09-11 23:29:38 台灣時間] 完成：8150.TW 趨勢延續分數=-35.1（弱偏空延續，納入 10 檔關聯股；其中天數樣本最少的一檔為 107 天（樣本尚可（100–200，具參考意義）））
[2026-09-11 23:29:38 台灣時間] 處理中：編號6 - 6147.TW
[2026-09-11 23:29:53 台灣時間] 完成：6147.TW 趨勢延續分數=-23.4（弱偏空延續，納入 8 檔關聯股；其中天數樣本最少的一檔為 243 天（樣本充足（>200，具統計意義）））
[2026-09-11 23:29:53 台灣時間] 處理中：編號7 - 2449.TW
[2026-09-11 23:30:12 台灣時間] 完成：2449.TW 趨勢延續分數=30.4（弱偏多延續，納入 9 檔關聯股；其中天數樣本最少的一檔為 251 天（樣本充足（>200，具統計意義）））
[2026-09-11 23:30:12 台灣時間] 處理中：編號7 - 6257.TW
[2026-09-11 23:30:31 台灣時間] 完成：6257.TW 趨勢延續分數=29.9（弱偏多延續，納入 9 檔關聯股；其中天數樣本最少的一檔為 250 天（樣本充足（>200，具統計意義）））
[2026-09-11 23:30:31 台灣時間] 處理中：編號7 - 3264.TW
[2026-09-11 23:30:55 台灣時間] 完成：3264.TW 趨勢延續分數=17.6（弱偏多延續，納入 9 檔關聯股；其中天數樣本最少的一檔為 256 天（樣本充足（>200，具統計意義）））
[2026-09-11 23:30:55 台灣時間] 處理中：編號8 - 6223.TW
[2026-09-11 23:31:21 台灣時間] 完成：6223.TW 趨勢延續分數=-20.3（弱偏空延續，納入 10 檔關聯股；其中天數樣本最少的一檔為 241 天（樣本充足（>200，具統計意義）））
[2026-09-11 23:31:21 台灣時間] 處理中：編號8 - 6510.TW
[2026-09-11 23:31:45 台灣時間] 完成：6510.TW 趨勢延續分數=-16.4（弱偏空延續，納入 10 檔關聯股；其中天數樣本最少的一檔為 239 天（樣本充足（>200，具統計意義）））
[2026-09-11 23:31:45 台灣時間] 處理中：編號8 - 6515.TW
[2026-09-11 23:32:04 台灣時間] 完成：6515.TW 趨勢延續分數=6.8（方向不明/觀望，納入 10 檔關聯股；其中天數樣本最少的一檔為 243 天（樣本充足（>200，具統計意義）））
[2026-09-11 23:32:04 台灣時間] 處理中：編號9 - 6488.TW
[2026-09-11 23:32:19 台灣時間] 完成：6488.TW 趨勢延續分數=-21.1（弱偏空延續，納入 9 檔關聯股；其中天數樣本最少的一檔為 241 天（樣本充足（>200，具統計意義）））
[2026-09-11 23:32:19 台灣時間] 處理中：編號9 - 5483.TW
[2026-09-11 23:32:33 台灣時間] 完成：5483.TW 趨勢延續分數=-23.5（弱偏空延續，納入 9 檔關聯股；其中天數樣本最少的一檔為 234 天（樣本充足（>200，具統計意義）））
[2026-09-11 23:32:33 台灣時間] 處理中：編號10 - 3037.TW
[2026-09-11 23:32:41 台灣時間] 完成：3037.TW 趨勢延續分數=8.9（方向不明/觀望，納入 7 檔關聯股；其中天數樣本最少的一檔為 240 天（樣本充足（>200，具統計意義）））
[2026-09-11 23:32:41 台灣時間] 處理中：編號10 - 8046.TW
[2026-09-11 23:32:48 台灣時間] 完成：8046.TW 趨勢延續分數=18.6（弱偏多延續，納入 7 檔關聯股；其中天數樣本最少的一檔為 242 天（樣本充足（>200，具統計意義）））
[2026-09-11 23:32:48 台灣時間] 處理中：編號10 - 3189.TW
[2026-09-11 23:32:55 台灣時間] 完成：3189.TW 趨勢延續分數=6.9（方向不明/觀望，納入 7 檔關聯股；其中天數樣本最少的一檔為 236 天（樣本充足（>200，具統計意義）））
[2026-09-11 23:32:55 台灣時間] 處理中：編號11 - 1815.TW
[2026-09-11 23:33:17 台灣時間] 完成：1815.TW 趨勢延續分數=37.7（弱偏多延續，納入 5 檔關聯股；其中天數樣本最少的一檔為 244 天（樣本充足（>200，具統計意義）））
[2026-09-11 23:33:17 台灣時間] 處理中：編號11 - 1802.TW
[2026-09-11 23:33:31 台灣時間] 完成：1802.TW 趨勢延續分數=31.1（弱偏多延續，納入 5 檔關聯股；其中天數樣本最少的一檔為 242 天（樣本充足（>200，具統計意義）））
[2026-09-11 23:33:31 台灣時間] 處理中：編號11 - 5475.TW
[2026-09-11 23:33:51 台灣時間] 完成：5475.TW 趨勢延續分數=50.8（中度偏多延續，納入 4 檔關聯股；其中天數樣本最少的一檔為 243 天（樣本充足（>200，具統計意義）））
[2026-09-11 23:33:51 台灣時間] 處理中：編號11 - 1446.TW
[2026-09-11 23:34:05 台灣時間] 完成：1446.TW 趨勢延續分數=42.7（中度偏多延續，納入 5 檔關聯股；其中天數樣本最少的一檔為 219 天（樣本充足（>200，具統計意義）））
[2026-09-11 23:34:05 台灣時間] 處理中：編號12 - 8358.TW
[2026-09-11 23:34:21 台灣時間] 完成：8358.TW 趨勢延續分數=-26.2（弱偏空延續，納入 6 檔關聯股；其中天數樣本最少的一檔為 245 天（樣本充足（>200，具統計意義）））
[2026-09-11 23:34:21 台灣時間] 處理中：編號12 - 1303.TW
[2026-09-11 23:34:32 台灣時間] 完成：1303.TW 趨勢延續分數=-37.7（弱偏空延續，納入 6 檔關聯股；其中天數樣本最少的一檔為 240 天（樣本充足（>200，具統計意義）））
[2026-09-11 23:34:32 台灣時間] 處理中：編號12 - 4989.TW
[2026-09-11 23:34:42 台灣時間] 完成：4989.TW 趨勢延續分數=-22.6（弱偏空延續，納入 6 檔關聯股；其中天數樣本最少的一檔為 241 天（樣本充足（>200，具統計意義）））
[2026-09-11 23:34:42 台灣時間] 處理中：編號13 - 2383.TW
[2026-09-11 23:34:47 台灣時間] ⚠️ 關聯股 HVLP 更新失敗，跳過：抓取 HVLP 失敗，重試 3 次後仍失敗（含嘗試 .TWO 後綴）：HVLP 沒有抓到任何資料；請確認代號是否正確（尤其台股需要 .TW / .TWO 後綴）
[2026-09-11 23:35:03 台灣時間] 完成：2383.TW 趨勢延續分數=17.7（弱偏多延續，納入 6 檔關聯股；其中天數樣本最少的一檔為 254 天（樣本充足（>200，具統計意義）））
[2026-09-11 23:35:03 台灣時間] 處理中：編號13 - 6274.TW
[2026-09-11 23:35:12 台灣時間] ⚠️ 關聯股 HVLP 更新失敗，跳過：抓取 HVLP 失敗，重試 3 次後仍失敗（含嘗試 .TWO 後綴）：HVLP 沒有抓到任何資料；請確認代號是否正確（尤其台股需要 .TW / .TWO 後綴）
[2026-09-11 23:35:29 台灣時間] 完成：6274.TW 趨勢延續分數=22.1（弱偏多延續，納入 6 檔關聯股；其中天數樣本最少的一檔為 254 天（樣本充足（>200，具統計意義）））
[2026-09-11 23:35:29 台灣時間] 處理中：編號13 - 6213.TW
[2026-09-11 23:35:34 台灣時間] ⚠️ 關聯股 HVLP 更新失敗，跳過：抓取 HVLP 失敗，重試 3 次後仍失敗（含嘗試 .TWO 後綴）：HVLP 沒有抓到任何資料；請確認代號是否正確（尤其台股需要 .TW / .TWO 後綴）
[2026-09-11 23:35:50 台灣時間] 完成：6213.TW 趨勢延續分數=20.2（弱偏多延續，納入 6 檔關聯股；其中天數樣本最少的一檔為 256 天（樣本充足（>200，具統計意義）））
[2026-09-11 23:35:50 台灣時間] 處理中：編號14 - 2368.TW
[2026-09-11 23:36:05 台灣時間] 完成：2368.TW 趨勢延續分數=50.5（中度偏多延續，納入 9 檔關聯股；其中天數樣本最少的一檔為 244 天（樣本充足（>200，具統計意義）））
[2026-09-11 23:36:05 台灣時間] 處理中：編號14 - 3044.TW
[2026-09-11 23:36:19 台灣時間] 完成：3044.TW 趨勢延續分數=57.6（中度偏多延續，納入 9 檔關聯股；其中天數樣本最少的一檔為 244 天（樣本充足（>200，具統計意義）））
[2026-09-11 23:36:19 台灣時間] 處理中：編號14 - 2313.TW
[2026-09-11 23:36:32 台灣時間] 完成：2313.TW 趨勢延續分數=46.0（中度偏多延續，納入 9 檔關聯股；其中天數樣本最少的一檔為 247 天（樣本充足（>200，具統計意義）））
[2026-09-11 23:36:32 台灣時間] 處理中：編號15 - 2327.TW
[2026-09-11 23:36:46 台灣時間] ⚠️ 關聯股 SEMCO 更新失敗，跳過：抓取 SEMCO 失敗，重試 3 次後仍失敗（含嘗試 .TWO 後綴）：SEMCO 沒有抓到任何資料；請確認代號是否正確（尤其台股需要 .TW / .TWO 後綴）
[2026-09-11 23:36:52 台灣時間] ⚠️ 關聯股 TDK 更新失敗，跳過：抓取 TDK 失敗，重試 3 次後仍失敗（含嘗試 .TWO 後綴）：TDK 沒有抓到任何資料；請確認代號是否正確（尤其台股需要 .TW / .TWO 後綴）
[2026-09-11 23:36:58 台灣時間] 完成：2327.TW 趨勢延續分數=-13.1（弱偏空延續，納入 8 檔關聯股；其中天數樣本最少的一檔為 228 天（樣本充足（>200，具統計意義）））
[2026-09-11 23:36:58 台灣時間] 處理中：編號15 - 2492.TW
[2026-09-11 23:37:10 台灣時間] ⚠️ 關聯股 SEMCO 更新失敗，跳過：抓取 SEMCO 失敗，重試 3 次後仍失敗（含嘗試 .TWO 後綴）：SEMCO 沒有抓到任何資料；請確認代號是否正確（尤其台股需要 .TW / .TWO 後綴）
[2026-09-11 23:37:16 台灣時間] ⚠️ 關聯股 TDK 更新失敗，跳過：抓取 TDK 失敗，重試 3 次後仍失敗（含嘗試 .TWO 後綴）：TDK 沒有抓到任何資料；請確認代號是否正確（尤其台股需要 .TW / .TWO 後綴）
[2026-09-11 23:37:21 台灣時間] 完成：2492.TW 趨勢延續分數=-19.0（弱偏空延續，納入 8 檔關聯股；其中天數樣本最少的一檔為 231 天（樣本充足（>200，具統計意義）））
[2026-09-11 23:37:21 台灣時間] 處理中：編號15 - 6173.TW
[2026-09-11 23:37:39 台灣時間] ⚠️ 關聯股 SEMCO 更新失敗，跳過：抓取 SEMCO 失敗，重試 3 次後仍失敗（含嘗試 .TWO 後綴）：SEMCO 沒有抓到任何資料；請確認代號是否正確（尤其台股需要 .TW / .TWO 後綴）
[2026-09-11 23:37:45 台灣時間] ⚠️ 關聯股 TDK 更新失敗，跳過：抓取 TDK 失敗，重試 3 次後仍失敗（含嘗試 .TWO 後綴）：TDK 沒有抓到任何資料；請確認代號是否正確（尤其台股需要 .TW / .TWO 後綴）
[2026-09-11 23:37:51 台灣時間] 完成：6173.TW 趨勢延續分數=-14.3（弱偏空延續，納入 8 檔關聯股；其中天數樣本最少的一檔為 238 天（樣本充足（>200，具統計意義）））
[2026-09-11 23:37:51 台灣時間] 處理中：編號16 - 2382.TW
[2026-09-11 23:38:01 台灣時間] 完成：2382.TW 趨勢延續分數=26.5（弱偏多延續，納入 10 檔關聯股；其中天數樣本最少的一檔為 240 天（樣本充足（>200，具統計意義）））
[2026-09-11 23:38:01 台灣時間] 處理中：編號16 - 6669.TW
[2026-09-11 23:38:11 台灣時間] 完成：6669.TW 趨勢延續分數=7.4（方向不明/觀望，納入 10 檔關聯股；其中天數樣本最少的一檔為 247 天（樣本充足（>200，具統計意義）））
[2026-09-11 23:38:11 台灣時間] 處理中：編號16 - 2376.TW
[2026-09-11 23:38:21 台灣時間] 完成：2376.TW 趨勢延續分數=18.7（弱偏多延續，納入 10 檔關聯股；其中天數樣本最少的一檔為 240 天（樣本充足（>200，具統計意義）））
[2026-09-11 23:38:21 台灣時間] 處理中：編號16 - 2377.TW
[2026-09-11 23:38:31 台灣時間] 完成：2377.TW 趨勢延續分數=8.3（方向不明/觀望，納入 10 檔關聯股；其中天數樣本最少的一檔為 234 天（樣本充足（>200，具統計意義）））
[2026-09-11 23:38:31 台灣時間] 處理中：編號16 - 2357.TW
[2026-09-11 23:38:41 台灣時間] 完成：2357.TW 趨勢延續分數=11.3（弱偏多延續，納入 10 檔關聯股；其中天數樣本最少的一檔為 231 天（樣本充足（>200，具統計意義）））
[2026-09-11 23:38:41 台灣時間] 處理中：編號17 - 3324.TW
[2026-09-11 23:38:56 台灣時間] 完成：3324.TW 趨勢延續分數=9.8（方向不明/觀望，納入 9 檔關聯股；其中天數樣本最少的一檔為 231 天（樣本充足（>200，具統計意義）））
[2026-09-11 23:38:56 台灣時間] 處理中：編號17 - 3017.TW
[2026-09-11 23:39:05 台灣時間] 完成：3017.TW 趨勢延續分數=24.3（弱偏多延續，納入 9 檔關聯股；其中天數樣本最少的一檔為 242 天（樣本充足（>200，具統計意義）））
[2026-09-11 23:39:05 台灣時間] 處理中：編號17 - 3653.TW
[2026-09-11 23:39:14 台灣時間] 完成：3653.TW 趨勢延續分數=19.9（弱偏多延續，納入 9 檔關聯股；其中天數樣本最少的一檔為 240 天（樣本充足（>200，具統計意義）））
[2026-09-11 23:39:14 台灣時間] 處理中：編號18 - 3081.TW
[2026-09-11 23:39:24 台灣時間] ⚠️ 關聯股 MOCVD 更新失敗，跳過：抓取 MOCVD 失敗，重試 3 次後仍失敗（含嘗試 .TWO 後綴）：MOCVD 沒有抓到任何資料；請確認代號是否正確（尤其台股需要 .TW / .TWO 後綴）
[2026-09-11 23:39:30 台灣時間] ⚠️ 關聯股 MBE 更新失敗，跳過：抓取 MBE 失敗，重試 3 次後仍失敗（含嘗試 .TWO 後綴）：MBE 沒有抓到任何資料；請確認代號是否正確（尤其台股需要 .TW / .TWO 後綴）
[2026-09-11 23:39:38 台灣時間] ⚠️ 關聯股 FAU 更新失敗，跳過：抓取 FAU 失敗，重試 3 次後仍失敗（含嘗試 .TWO 後綴）：FAU 沒有抓到任何資料；請確認代號是否正確（尤其台股需要 .TW / .TWO 後綴）
[2026-09-11 23:39:44 台灣時間] ⚠️ 關聯股 CPO 更新失敗，跳過：抓取 CPO 失敗，重試 3 次後仍失敗（含嘗試 .TWO 後綴）：CPO 沒有抓到任何資料；請確認代號是否正確（尤其台股需要 .TW / .TWO 後綴）
[2026-09-11 23:40:00 台灣時間] ⚠️ 關聯股 800G 更新失敗，跳過：抓取 800G 失敗，重試 3 次後仍失敗（含嘗試 .TWO 後綴）：800G 沒有抓到任何資料；請確認代號是否正確（尤其台股需要 .TW / .TWO 後綴）
[2026-09-11 23:40:06 台灣時間] ⚠️ 關聯股 IET 更新失敗，跳過：抓取 IET 失敗，重試 3 次後仍失敗（含嘗試 .TWO 後綴）：IET 沒有抓到任何資料；請確認代號是否正確（尤其台股需要 .TW / .TWO 後綴）
[2026-09-11 23:40:07 台灣時間] 完成：3081.TW 趨勢延續分數=45.7（中度偏多延續，納入 12 檔關聯股；其中天數樣本最少的一檔為 243 天（樣本充足（>200，具統計意義）））
[2026-09-11 23:40:07 台灣時間] 處理中：編號18 - 2455.TW
[2026-09-11 23:40:12 台灣時間] ⚠️ 關聯股 MOCVD 更新失敗，跳過：抓取 MOCVD 失敗，重試 3 次後仍失敗（含嘗試 .TWO 後綴）：MOCVD 沒有抓到任何資料；請確認代號是否正確（尤其台股需要 .TW / .TWO 後綴）
[2026-09-11 23:40:17 台灣時間] ⚠️ 關聯股 MBE 更新失敗，跳過：抓取 MBE 失敗，重試 3 次後仍失敗（含嘗試 .TWO 後綴）：MBE 沒有抓到任何資料；請確認代號是否正確（尤其台股需要 .TW / .TWO 後綴）
[2026-09-11 23:40:25 台灣時間] ⚠️ 關聯股 FAU 更新失敗，跳過：抓取 FAU 失敗，重試 3 次後仍失敗（含嘗試 .TWO 後綴）：FAU 沒有抓到任何資料；請確認代號是否正確（尤其台股需要 .TW / .TWO 後綴）
[2026-09-11 23:40:31 台灣時間] ⚠️ 關聯股 CPO 更新失敗，跳過：抓取 CPO 失敗，重試 3 次後仍失敗（含嘗試 .TWO 後綴）：CPO 沒有抓到任何資料；請確認代號是否正確（尤其台股需要 .TW / .TWO 後綴）
[2026-09-11 23:40:46 台灣時間] ⚠️ 關聯股 800G 更新失敗，跳過：抓取 800G 失敗，重試 3 次後仍失敗（含嘗試 .TWO 後綴）：800G 沒有抓到任何資料；請確認代號是否正確（尤其台股需要 .TW / .TWO 後綴）
[2026-09-11 23:40:51 台灣時間] ⚠️ 關聯股 IET 更新失敗，跳過：抓取 IET 失敗，重試 3 次後仍失敗（含嘗試 .TWO 後綴）：IET 沒有抓到任何資料；請確認代號是否正確（尤其台股需要 .TW / .TWO 後綴）
[2026-09-11 23:40:52 台灣時間] 完成：2455.TW 趨勢延續分數=40.8（中度偏多延續，納入 12 檔關聯股；其中天數樣本最少的一檔為 240 天（樣本充足（>200，具統計意義）））
[2026-09-11 23:40:52 台灣時間] 處理中：編號18 - 4991.TW
[2026-09-11 23:41:02 台灣時間] ⚠️ 關聯股 MOCVD 更新失敗，跳過：抓取 MOCVD 失敗，重試 3 次後仍失敗（含嘗試 .TWO 後綴）：MOCVD 沒有抓到任何資料；請確認代號是否正確（尤其台股需要 .TW / .TWO 後綴）
[2026-09-11 23:41:08 台灣時間] ⚠️ 關聯股 MBE 更新失敗，跳過：抓取 MBE 失敗，重試 3 次後仍失敗（含嘗試 .TWO 後綴）：MBE 沒有抓到任何資料；請確認代號是否正確（尤其台股需要 .TW / .TWO 後綴）
[2026-09-11 23:41:16 台灣時間] ⚠️ 關聯股 FAU 更新失敗，跳過：抓取 FAU 失敗，重試 3 次後仍失敗（含嘗試 .TWO 後綴）：FAU 沒有抓到任何資料；請確認代號是否正確（尤其台股需要 .TW / .TWO 後綴）
[2026-09-11 23:41:22 台灣時間] ⚠️ 關聯股 CPO 更新失敗，跳過：抓取 CPO 失敗，重試 3 次後仍失敗（含嘗試 .TWO 後綴）：CPO 沒有抓到任何資料；請確認代號是否正確（尤其台股需要 .TW / .TWO 後綴）
[2026-09-11 23:41:38 台灣時間] ⚠️ 關聯股 800G 更新失敗，跳過：抓取 800G 失敗，重試 3 次後仍失敗（含嘗試 .TWO 後綴）：800G 沒有抓到任何資料；請確認代號是否正確（尤其台股需要 .TW / .TWO 後綴）
[2026-09-11 23:41:44 台灣時間] ⚠️ 關聯股 IET 更新失敗，跳過：抓取 IET 失敗，重試 3 次後仍失敗（含嘗試 .TWO 後綴）：IET 沒有抓到任何資料；請確認代號是否正確（尤其台股需要 .TW / .TWO 後綴）
[2026-09-11 23:41:45 台灣時間] 完成：4991.TW 趨勢延續分數=35.6（弱偏多延續，納入 12 檔關聯股；其中天數樣本最少的一檔為 241 天（樣本充足（>200，具統計意義）））
[2026-09-11 23:41:45 台灣時間] 處理中：編號18 - 4971.TW
[2026-09-11 23:41:55 台灣時間] ⚠️ 關聯股 MOCVD 更新失敗，跳過：抓取 MOCVD 失敗，重試 3 次後仍失敗（含嘗試 .TWO 後綴）：MOCVD 沒有抓到任何資料；請確認代號是否正確（尤其台股需要 .TW / .TWO 後綴）
[2026-09-11 23:42:01 台灣時間] ⚠️ 關聯股 MBE 更新失敗，跳過：抓取 MBE 失敗，重試 3 次後仍失敗（含嘗試 .TWO 後綴）：MBE 沒有抓到任何資料；請確認代號是否正確（尤其台股需要 .TW / .TWO 後綴）
[2026-09-11 23:42:08 台灣時間] ⚠️ 關聯股 FAU 更新失敗，跳過：抓取 FAU 失敗，重試 3 次後仍失敗（含嘗試 .TWO 後綴）：FAU 沒有抓到任何資料；請確認代號是否正確（尤其台股需要 .TW / .TWO 後綴）
[2026-09-11 23:42:14 台灣時間] ⚠️ 關聯股 CPO 更新失敗，跳過：抓取 CPO 失敗，重試 3 次後仍失敗（含嘗試 .TWO 後綴）：CPO 沒有抓到任何資料；請確認代號是否正確（尤其台股需要 .TW / .TWO 後綴）
[2026-09-11 23:42:29 台灣時間] ⚠️ 關聯股 800G 更新失敗，跳過：抓取 800G 失敗，重試 3 次後仍失敗（含嘗試 .TWO 後綴）：800G 沒有抓到任何資料；請確認代號是否正確（尤其台股需要 .TW / .TWO 後綴）
[2026-09-11 23:42:35 台灣時間] ⚠️ 關聯股 IET 更新失敗，跳過：抓取 IET 失敗，重試 3 次後仍失敗（含嘗試 .TWO 後綴）：IET 沒有抓到任何資料；請確認代號是否正確（尤其台股需要 .TW / .TWO 後綴）
[2026-09-11 23:42:35 台灣時間] 完成：4971.TW 趨勢延續分數=39.0（弱偏多延續，納入 12 檔關聯股；其中天數樣本最少的一檔為 245 天（樣本充足（>200，具統計意義）））
[2026-09-11 23:42:35 台灣時間] 處理中：編號18 - 3105.TW
[2026-09-11 23:42:45 台灣時間] ⚠️ 關聯股 MOCVD 更新失敗，跳過：抓取 MOCVD 失敗，重試 3 次後仍失敗（含嘗試 .TWO 後綴）：MOCVD 沒有抓到任何資料；請確認代號是否正確（尤其台股需要 .TW / .TWO 後綴）
[2026-09-11 23:42:51 台灣時間] ⚠️ 關聯股 MBE 更新失敗，跳過：抓取 MBE 失敗，重試 3 次後仍失敗（含嘗試 .TWO 後綴）：MBE 沒有抓到任何資料；請確認代號是否正確（尤其台股需要 .TW / .TWO 後綴）
[2026-09-11 23:42:58 台灣時間] ⚠️ 關聯股 FAU 更新失敗，跳過：抓取 FAU 失敗，重試 3 次後仍失敗（含嘗試 .TWO 後綴）：FAU 沒有抓到任何資料；請確認代號是否正確（尤其台股需要 .TW / .TWO 後綴）
[2026-09-11 23:43:04 台灣時間] ⚠️ 關聯股 CPO 更新失敗，跳過：抓取 CPO 失敗，重試 3 次後仍失敗（含嘗試 .TWO 後綴）：CPO 沒有抓到任何資料；請確認代號是否正確（尤其台股需要 .TW / .TWO 後綴）
[2026-09-11 23:43:19 台灣時間] ⚠️ 關聯股 800G 更新失敗，跳過：抓取 800G 失敗，重試 3 次後仍失敗（含嘗試 .TWO 後綴）：800G 沒有抓到任何資料；請確認代號是否正確（尤其台股需要 .TW / .TWO 後綴）
[2026-09-11 23:43:24 台灣時間] ⚠️ 關聯股 IET 更新失敗，跳過：抓取 IET 失敗，重試 3 次後仍失敗（含嘗試 .TWO 後綴）：IET 沒有抓到任何資料；請確認代號是否正確（尤其台股需要 .TW / .TWO 後綴）
[2026-09-11 23:43:25 台灣時間] 完成：3105.TW 趨勢延續分數=34.8（弱偏多延續，納入 12 檔關聯股；其中天數樣本最少的一檔為 242 天（樣本充足（>200，具統計意義）））
[2026-09-11 23:43:25 台灣時間] 處理中：編號18 - 8086.TW
[2026-09-11 23:43:35 台灣時間] ⚠️ 關聯股 MOCVD 更新失敗，跳過：抓取 MOCVD 失敗，重試 3 次後仍失敗（含嘗試 .TWO 後綴）：MOCVD 沒有抓到任何資料；請確認代號是否正確（尤其台股需要 .TW / .TWO 後綴）
[2026-09-11 23:43:41 台灣時間] ⚠️ 關聯股 MBE 更新失敗，跳過：抓取 MBE 失敗，重試 3 次後仍失敗（含嘗試 .TWO 後綴）：MBE 沒有抓到任何資料；請確認代號是否正確（尤其台股需要 .TW / .TWO 後綴）
[2026-09-11 23:43:50 台灣時間] ⚠️ 關聯股 FAU 更新失敗，跳過：抓取 FAU 失敗，重試 3 次後仍失敗（含嘗試 .TWO 後綴）：FAU 沒有抓到任何資料；請確認代號是否正確（尤其台股需要 .TW / .TWO 後綴）
[2026-09-11 23:43:56 台灣時間] ⚠️ 關聯股 CPO 更新失敗，跳過：抓取 CPO 失敗，重試 3 次後仍失敗（含嘗試 .TWO 後綴）：CPO 沒有抓到任何資料；請確認代號是否正確（尤其台股需要 .TW / .TWO 後綴）
[2026-09-11 23:44:11 台灣時間] ⚠️ 關聯股 800G 更新失敗，跳過：抓取 800G 失敗，重試 3 次後仍失敗（含嘗試 .TWO 後綴）：800G 沒有抓到任何資料；請確認代號是否正確（尤其台股需要 .TW / .TWO 後綴）
[2026-09-11 23:44:17 台灣時間] ⚠️ 關聯股 IET 更新失敗，跳過：抓取 IET 失敗，重試 3 次後仍失敗（含嘗試 .TWO 後綴）：IET 沒有抓到任何資料；請確認代號是否正確（尤其台股需要 .TW / .TWO 後綴）
[2026-09-11 23:44:18 台灣時間] 完成：8086.TW 趨勢延續分數=33.2（弱偏多延續，納入 12 檔關聯股；其中天數樣本最少的一檔為 234 天（樣本充足（>200，具統計意義）））
[2026-09-11 23:44:18 台灣時間] 處理中：編號18 - 3363.TW
[2026-09-11 23:44:28 台灣時間] ⚠️ 關聯股 MOCVD 更新失敗，跳過：抓取 MOCVD 失敗，重試 3 次後仍失敗（含嘗試 .TWO 後綴）：MOCVD 沒有抓到任何資料；請確認代號是否正確（尤其台股需要 .TW / .TWO 後綴）
[2026-09-11 23:44:34 台灣時間] ⚠️ 關聯股 MBE 更新失敗，跳過：抓取 MBE 失敗，重試 3 次後仍失敗（含嘗試 .TWO 後綴）：MBE 沒有抓到任何資料；請確認代號是否正確（尤其台股需要 .TW / .TWO 後綴）
[2026-09-11 23:44:42 台灣時間] ⚠️ 關聯股 FAU 更新失敗，跳過：抓取 FAU 失敗，重試 3 次後仍失敗（含嘗試 .TWO 後綴）：FAU 沒有抓到任何資料；請確認代號是否正確（尤其台股需要 .TW / .TWO 後綴）
[2026-09-11 23:44:48 台灣時間] ⚠️ 關聯股 CPO 更新失敗，跳過：抓取 CPO 失敗，重試 3 次後仍失敗（含嘗試 .TWO 後綴）：CPO 沒有抓到任何資料；請確認代號是否正確（尤其台股需要 .TW / .TWO 後綴）
[2026-09-11 23:45:02 台灣時間] ⚠️ 關聯股 800G 更新失敗，跳過：抓取 800G 失敗，重試 3 次後仍失敗（含嘗試 .TWO 後綴）：800G 沒有抓到任何資料；請確認代號是否正確（尤其台股需要 .TW / .TWO 後綴）
[2026-09-11 23:45:08 台灣時間] ⚠️ 關聯股 IET 更新失敗，跳過：抓取 IET 失敗，重試 3 次後仍失敗（含嘗試 .TWO 後綴）：IET 沒有抓到任何資料；請確認代號是否正確（尤其台股需要 .TW / .TWO 後綴）
[2026-09-11 23:45:09 台灣時間] 完成：3363.TW 趨勢延續分數=53.2（中度偏多延續，納入 12 檔關聯股；其中天數樣本最少的一檔為 242 天（樣本充足（>200，具統計意義）））
[2026-09-11 23:45:09 台灣時間] 處理中：編號18 - 3163.TW
[2026-09-11 23:45:19 台灣時間] ⚠️ 關聯股 MOCVD 更新失敗，跳過：抓取 MOCVD 失敗，重試 3 次後仍失敗（含嘗試 .TWO 後綴）：MOCVD 沒有抓到任何資料；請確認代號是否正確（尤其台股需要 .TW / .TWO 後綴）
[2026-09-11 23:45:25 台灣時間] ⚠️ 關聯股 MBE 更新失敗，跳過：抓取 MBE 失敗，重試 3 次後仍失敗（含嘗試 .TWO 後綴）：MBE 沒有抓到任何資料；請確認代號是否正確（尤其台股需要 .TW / .TWO 後綴）
[2026-09-11 23:45:32 台灣時間] ⚠️ 關聯股 FAU 更新失敗，跳過：抓取 FAU 失敗，重試 3 次後仍失敗（含嘗試 .TWO 後綴）：FAU 沒有抓到任何資料；請確認代號是否正確（尤其台股需要 .TW / .TWO 後綴）
[2026-09-11 23:45:38 台灣時間] ⚠️ 關聯股 CPO 更新失敗，跳過：抓取 CPO 失敗，重試 3 次後仍失敗（含嘗試 .TWO 後綴）：CPO 沒有抓到任何資料；請確認代號是否正確（尤其台股需要 .TW / .TWO 後綴）
[2026-09-11 23:45:53 台灣時間] ⚠️ 關聯股 800G 更新失敗，跳過：抓取 800G 失敗，重試 3 次後仍失敗（含嘗試 .TWO 後綴）：800G 沒有抓到任何資料；請確認代號是否正確（尤其台股需要 .TW / .TWO 後綴）
[2026-09-11 23:45:59 台灣時間] ⚠️ 關聯股 IET 更新失敗，跳過：抓取 IET 失敗，重試 3 次後仍失敗（含嘗試 .TWO 後綴）：IET 沒有抓到任何資料；請確認代號是否正確（尤其台股需要 .TW / .TWO 後綴）
[2026-09-11 23:46:00 台灣時間] 完成：3163.TW 趨勢延續分數=47.6（中度偏多延續，納入 12 檔關聯股；其中天數樣本最少的一檔為 241 天（樣本充足（>200，具統計意義）））
[2026-09-11 23:46:00 台灣時間] 處理中：編號18 - 4979.TW
[2026-09-11 23:46:10 台灣時間] ⚠️ 關聯股 MOCVD 更新失敗，跳過：抓取 MOCVD 失敗，重試 3 次後仍失敗（含嘗試 .TWO 後綴）：MOCVD 沒有抓到任何資料；請確認代號是否正確（尤其台股需要 .TW / .TWO 後綴）
[2026-09-11 23:46:16 台灣時間] ⚠️ 關聯股 MBE 更新失敗，跳過：抓取 MBE 失敗，重試 3 次後仍失敗（含嘗試 .TWO 後綴）：MBE 沒有抓到任何資料；請確認代號是否正確（尤其台股需要 .TW / .TWO 後綴）
[2026-09-11 23:46:24 台灣時間] ⚠️ 關聯股 FAU 更新失敗，跳過：抓取 FAU 失敗，重試 3 次後仍失敗（含嘗試 .TWO 後綴）：FAU 沒有抓到任何資料；請確認代號是否正確（尤其台股需要 .TW / .TWO 後綴）
[2026-09-11 23:46:30 台灣時間] ⚠️ 關聯股 CPO 更新失敗，跳過：抓取 CPO 失敗，重試 3 次後仍失敗（含嘗試 .TWO 後綴）：CPO 沒有抓到任何資料；請確認代號是否正確（尤其台股需要 .TW / .TWO 後綴）
[2026-09-11 23:46:45 台灣時間] ⚠️ 關聯股 800G 更新失敗，跳過：抓取 800G 失敗，重試 3 次後仍失敗（含嘗試 .TWO 後綴）：800G 沒有抓到任何資料；請確認代號是否正確（尤其台股需要 .TW / .TWO 後綴）
[2026-09-11 23:46:51 台灣時間] ⚠️ 關聯股 IET 更新失敗，跳過：抓取 IET 失敗，重試 3 次後仍失敗（含嘗試 .TWO 後綴）：IET 沒有抓到任何資料；請確認代號是否正確（尤其台股需要 .TW / .TWO 後綴）
[2026-09-11 23:46:51 台灣時間] 完成：4979.TW 趨勢延續分數=56.3（中度偏多延續，納入 12 檔關聯股；其中天數樣本最少的一檔為 244 天（樣本充足（>200，具統計意義）））
[2026-09-11 23:46:51 台灣時間] 處理中：編號18 - 3450.TW
[2026-09-11 23:46:56 台灣時間] ⚠️ 關聯股 MOCVD 更新失敗，跳過：抓取 MOCVD 失敗，重試 3 次後仍失敗（含嘗試 .TWO 後綴）：MOCVD 沒有抓到任何資料；請確認代號是否正確（尤其台股需要 .TW / .TWO 後綴）
[2026-09-11 23:47:02 台灣時間] ⚠️ 關聯股 MBE 更新失敗，跳過：抓取 MBE 失敗，重試 3 次後仍失敗（含嘗試 .TWO 後綴）：MBE 沒有抓到任何資料；請確認代號是否正確（尤其台股需要 .TW / .TWO 後綴）
[2026-09-11 23:47:10 台灣時間] ⚠️ 關聯股 FAU 更新失敗，跳過：抓取 FAU 失敗，重試 3 次後仍失敗（含嘗試 .TWO 後綴）：FAU 沒有抓到任何資料；請確認代號是否正確（尤其台股需要 .TW / .TWO 後綴）
[2026-09-11 23:47:16 台灣時間] ⚠️ 關聯股 CPO 更新失敗，跳過：抓取 CPO 失敗，重試 3 次後仍失敗（含嘗試 .TWO 後綴）：CPO 沒有抓到任何資料；請確認代號是否正確（尤其台股需要 .TW / .TWO 後綴）
[2026-09-11 23:47:32 台灣時間] ⚠️ 關聯股 800G 更新失敗，跳過：抓取 800G 失敗，重試 3 次後仍失敗（含嘗試 .TWO 後綴）：800G 沒有抓到任何資料；請確認代號是否正確（尤其台股需要 .TW / .TWO 後綴）
[2026-09-11 23:47:38 台灣時間] ⚠️ 關聯股 IET 更新失敗，跳過：抓取 IET 失敗，重試 3 次後仍失敗（含嘗試 .TWO 後綴）：IET 沒有抓到任何資料；請確認代號是否正確（尤其台股需要 .TW / .TWO 後綴）
[2026-09-11 23:47:39 台灣時間] 完成：3450.TW 趨勢延續分數=37.7（弱偏多延續，納入 12 檔關聯股；其中天數樣本最少的一檔為 241 天（樣本充足（>200，具統計意義）））
[2026-09-11 23:47:39 台灣時間] 處理中：編號18 - 4977.TW
[2026-09-11 23:47:44 台灣時間] ⚠️ 關聯股 MOCVD 更新失敗，跳過：抓取 MOCVD 失敗，重試 3 次後仍失敗（含嘗試 .TWO 後綴）：MOCVD 沒有抓到任何資料；請確認代號是否正確（尤其台股需要 .TW / .TWO 後綴）
[2026-09-11 23:47:50 台灣時間] ⚠️ 關聯股 MBE 更新失敗，跳過：抓取 MBE 失敗，重試 3 次後仍失敗（含嘗試 .TWO 後綴）：MBE 沒有抓到任何資料；請確認代號是否正確（尤其台股需要 .TW / .TWO 後綴）
[2026-09-11 23:47:57 台灣時間] ⚠️ 關聯股 FAU 更新失敗，跳過：抓取 FAU 失敗，重試 3 次後仍失敗（含嘗試 .TWO 後綴）：FAU 沒有抓到任何資料；請確認代號是否正確（尤其台股需要 .TW / .TWO 後綴）
[2026-09-11 23:48:03 台灣時間] ⚠️ 關聯股 CPO 更新失敗，跳過：抓取 CPO 失敗，重試 3 次後仍失敗（含嘗試 .TWO 後綴）：CPO 沒有抓到任何資料；請確認代號是否正確（尤其台股需要 .TW / .TWO 後綴）
[2026-09-11 23:48:18 台灣時間] ⚠️ 關聯股 800G 更新失敗，跳過：抓取 800G 失敗，重試 3 次後仍失敗（含嘗試 .TWO 後綴）：800G 沒有抓到任何資料；請確認代號是否正確（尤其台股需要 .TW / .TWO 後綴）
[2026-09-11 23:48:24 台灣時間] ⚠️ 關聯股 IET 更新失敗，跳過：抓取 IET 失敗，重試 3 次後仍失敗（含嘗試 .TWO 後綴）：IET 沒有抓到任何資料；請確認代號是否正確（尤其台股需要 .TW / .TWO 後綴）
[2026-09-11 23:48:25 台灣時間] 完成：4977.TW 趨勢延續分數=53.8（中度偏多延續，納入 12 檔關聯股；其中天數樣本最少的一檔為 240 天（樣本充足（>200，具統計意義）））
[2026-09-11 23:48:25 台灣時間] 處理中：編號18 - 6451.TW
[2026-09-11 23:48:29 台灣時間] ⚠️ 關聯股 MOCVD 更新失敗，跳過：抓取 MOCVD 失敗，重試 3 次後仍失敗（含嘗試 .TWO 後綴）：MOCVD 沒有抓到任何資料；請確認代號是否正確（尤其台股需要 .TW / .TWO 後綴）
[2026-09-11 23:48:35 台灣時間] ⚠️ 關聯股 MBE 更新失敗，跳過：抓取 MBE 失敗，重試 3 次後仍失敗（含嘗試 .TWO 後綴）：MBE 沒有抓到任何資料；請確認代號是否正確（尤其台股需要 .TW / .TWO 後綴）
[2026-09-11 23:48:43 台灣時間] ⚠️ 關聯股 FAU 更新失敗，跳過：抓取 FAU 失敗，重試 3 次後仍失敗（含嘗試 .TWO 後綴）：FAU 沒有抓到任何資料；請確認代號是否正確（尤其台股需要 .TW / .TWO 後綴）
[2026-09-11 23:48:48 台灣時間] ⚠️ 關聯股 CPO 更新失敗，跳過：抓取 CPO 失敗，重試 3 次後仍失敗（含嘗試 .TWO 後綴）：CPO 沒有抓到任何資料；請確認代號是否正確（尤其台股需要 .TW / .TWO 後綴）
[2026-09-11 23:49:03 台灣時間] ⚠️ 關聯股 800G 更新失敗，跳過：抓取 800G 失敗，重試 3 次後仍失敗（含嘗試 .TWO 後綴）：800G 沒有抓到任何資料；請確認代號是否正確（尤其台股需要 .TW / .TWO 後綴）
[2026-09-11 23:49:09 台灣時間] ⚠️ 關聯股 IET 更新失敗，跳過：抓取 IET 失敗，重試 3 次後仍失敗（含嘗試 .TWO 後綴）：IET 沒有抓到任何資料；請確認代號是否正確（尤其台股需要 .TW / .TWO 後綴）
[2026-09-11 23:49:10 台灣時間] 完成：6451.TW 趨勢延續分數=61.9（中度偏多延續，納入 12 檔關聯股；其中天數樣本最少的一檔為 244 天（樣本充足（>200，具統計意義）））
[2026-09-11 23:49:10 台灣時間] 處理中：編號18 - 3711.TW
[2026-09-11 23:49:15 台灣時間] ⚠️ 關聯股 MOCVD 更新失敗，跳過：抓取 MOCVD 失敗，重試 3 次後仍失敗（含嘗試 .TWO 後綴）：MOCVD 沒有抓到任何資料；請確認代號是否正確（尤其台股需要 .TW / .TWO 後綴）
[2026-09-11 23:49:20 台灣時間] ⚠️ 關聯股 MBE 更新失敗，跳過：抓取 MBE 失敗，重試 3 次後仍失敗（含嘗試 .TWO 後綴）：MBE 沒有抓到任何資料；請確認代號是否正確（尤其台股需要 .TW / .TWO 後綴）
[2026-09-11 23:49:28 台灣時間] ⚠️ 關聯股 FAU 更新失敗，跳過：抓取 FAU 失敗，重試 3 次後仍失敗（含嘗試 .TWO 後綴）：FAU 沒有抓到任何資料；請確認代號是否正確（尤其台股需要 .TW / .TWO 後綴）
[2026-09-11 23:49:34 台灣時間] ⚠️ 關聯股 CPO 更新失敗，跳過：抓取 CPO 失敗，重試 3 次後仍失敗（含嘗試 .TWO 後綴）：CPO 沒有抓到任何資料；請確認代號是否正確（尤其台股需要 .TW / .TWO 後綴）
[2026-09-11 23:49:49 台灣時間] ⚠️ 關聯股 800G 更新失敗，跳過：抓取 800G 失敗，重試 3 次後仍失敗（含嘗試 .TWO 後綴）：800G 沒有抓到任何資料；請確認代號是否正確（尤其台股需要 .TW / .TWO 後綴）
[2026-09-11 23:49:55 台灣時間] ⚠️ 關聯股 IET 更新失敗，跳過：抓取 IET 失敗，重試 3 次後仍失敗（含嘗試 .TWO 後綴）：IET 沒有抓到任何資料；請確認代號是否正確（尤其台股需要 .TW / .TWO 後綴）
[2026-09-11 23:49:56 台灣時間] 完成：3711.TW 趨勢延續分數=44.0（中度偏多延續，納入 12 檔關聯股；其中天數樣本最少的一檔為 233 天（樣本充足（>200，具統計意義）））
[2026-09-11 23:49:56 台灣時間] 處理中：編號18 - 2330.TW
[2026-09-11 23:50:01 台灣時間] ⚠️ 關聯股 MOCVD 更新失敗，跳過：抓取 MOCVD 失敗，重試 3 次後仍失敗（含嘗試 .TWO 後綴）：MOCVD 沒有抓到任何資料；請確認代號是否正確（尤其台股需要 .TW / .TWO 後綴）
[2026-09-11 23:50:07 台灣時間] ⚠️ 關聯股 MBE 更新失敗，跳過：抓取 MBE 失敗，重試 3 次後仍失敗（含嘗試 .TWO 後綴）：MBE 沒有抓到任何資料；請確認代號是否正確（尤其台股需要 .TW / .TWO 後綴）
[2026-09-11 23:50:14 台灣時間] ⚠️ 關聯股 FAU 更新失敗，跳過：抓取 FAU 失敗，重試 3 次後仍失敗（含嘗試 .TWO 後綴）：FAU 沒有抓到任何資料；請確認代號是否正確（尤其台股需要 .TW / .TWO 後綴）
[2026-09-11 23:50:20 台灣時間] ⚠️ 關聯股 CPO 更新失敗，跳過：抓取 CPO 失敗，重試 3 次後仍失敗（含嘗試 .TWO 後綴）：CPO 沒有抓到任何資料；請確認代號是否正確（尤其台股需要 .TW / .TWO 後綴）
[2026-09-11 23:50:35 台灣時間] ⚠️ 關聯股 800G 更新失敗，跳過：抓取 800G 失敗，重試 3 次後仍失敗（含嘗試 .TWO 後綴）：800G 沒有抓到任何資料；請確認代號是否正確（尤其台股需要 .TW / .TWO 後綴）
[2026-09-11 23:50:41 台灣時間] ⚠️ 關聯股 IET 更新失敗，跳過：抓取 IET 失敗，重試 3 次後仍失敗（含嘗試 .TWO 後綴）：IET 沒有抓到任何資料；請確認代號是否正確（尤其台股需要 .TW / .TWO 後綴）
[2026-09-11 23:50:42 台灣時間] 完成：2330.TW 趨勢延續分數=48.2（中度偏多延續，納入 12 檔關聯股；其中天數樣本最少的一檔為 230 天（樣本充足（>200，具統計意義）））
[2026-09-11 23:50:42 台灣時間] 處理中：編號19 - 3008.TW
[2026-09-11 23:50:47 台灣時間] 完成：3008.TW 趨勢延續分數=-41.4（中度偏空延續，納入 4 檔關聯股；其中天數樣本最少的一檔為 240 天（樣本充足（>200，具統計意義）））
[2026-09-11 23:50:47 台灣時間] 處理中：編號19 - 3362.TW
[2026-09-11 23:50:57 台灣時間] 完成：3362.TW 趨勢延續分數=-31.7（弱偏空延續，納入 4 檔關聯股；其中天數樣本最少的一檔為 239 天（樣本充足（>200，具統計意義）））
[2026-09-11 23:50:57 台灣時間] 處理中：編號19 - 3406.TW
[2026-09-11 23:51:01 台灣時間] 完成：3406.TW 趨勢延續分數=-42.0（中度偏空延續，納入 4 檔關聯股；其中天數樣本最少的一檔為 244 天（樣本充足（>200，具統計意義）））
[2026-09-11 23:51:01 台灣時間] 處理中：編號21 - 4585.TW
[2026-09-11 23:51:09 台灣時間] ⚠️ 關聯股 ABB 更新失敗，跳過：抓取 ABB 失敗，重試 3 次後仍失敗（含嘗試 .TWO 後綴）：ABB 沒有抓到任何資料；請確認代號是否正確（尤其台股需要 .TW / .TWO 後綴）
[2026-09-11 23:51:16 台灣時間] 完成：4585.TW 趨勢延續分數=-52.2（中度偏空延續，納入 9 檔關聯股；其中天數樣本最少的一檔為 237 天（樣本充足（>200，具統計意義）））
[2026-09-11 23:51:16 台灣時間] 處理中：編號22 - 6415.TW
[2026-09-11 23:51:30 台灣時間] ⚠️ 關聯股 800G 更新失敗，跳過：抓取 800G 失敗，重試 3 次後仍失敗（含嘗試 .TWO 後綴）：800G 沒有抓到任何資料；請確認代號是否正確（尤其台股需要 .TW / .TWO 後綴）
[2026-09-11 23:51:36 台灣時間] ⚠️ 關聯股 1.6T 更新失敗，跳過：抓取 1.6T 失敗，重試 3 次後仍失敗（含嘗試 .TWO 後綴）：1.6T 沒有抓到任何資料；請確認代號是否正確（尤其台股需要 .TW / .TWO 後綴）
[2026-09-11 23:51:41 台灣時間] 完成：6415.TW 趨勢延續分數=43.4（中度偏多延續，納入 12 檔關聯股；其中天數樣本最少的一檔為 243 天（樣本充足（>200，具統計意義）））
[2026-09-11 23:51:41 台灣時間] 處理中：編號22 - 6526.TW
[2026-09-11 23:51:55 台灣時間] ⚠️ 關聯股 800G 更新失敗，跳過：抓取 800G 失敗，重試 3 次後仍失敗（含嘗試 .TWO 後綴）：800G 沒有抓到任何資料；請確認代號是否正確（尤其台股需要 .TW / .TWO 後綴）
[2026-09-11 23:52:00 台灣時間] ⚠️ 關聯股 1.6T 更新失敗，跳過：抓取 1.6T 失敗，重試 3 次後仍失敗（含嘗試 .TWO 後綴）：1.6T 沒有抓到任何資料；請確認代號是否正確（尤其台股需要 .TW / .TWO 後綴）
[2026-09-11 23:52:05 台灣時間] 完成：6526.TW 趨勢延續分數=32.0（弱偏多延續，納入 12 檔關聯股；其中天數樣本最少的一檔為 242 天（樣本充足（>200，具統計意義）））
[2026-09-11 23:52:05 台灣時間] 處理中：編號23 - 3231.TW
[2026-09-11 23:52:17 台灣時間] 完成：3231.TW 趨勢延續分數=-24.1（弱偏空延續，納入 6 檔關聯股；其中天數樣本最少的一檔為 102 天（樣本尚可（100–200，具參考意義）））
[2026-09-11 23:52:17 台灣時間] 處理中：編號24 - 2615.TW
[2026-09-11 23:52:24 台灣時間] ⚠️ 關聯股 SCFI 更新失敗，跳過：抓取 SCFI 失敗，重試 3 次後仍失敗（含嘗試 .TWO 後綴）：SCFI 沒有抓到任何資料；請確認代號是否正確（尤其台股需要 .TW / .TWO 後綴）
[2026-09-11 23:52:27 台灣時間] 完成：2615.TW 趨勢延續分數=100.0（強烈偏多延續，納入 3 檔關聯股；其中天數樣本最少的一檔為 236 天（樣本充足（>200，具統計意義）））｜均線濾網：訊號未過濾(偏多)
[2026-09-11 23:52:27 台灣時間] 處理中：編號25 - 8039.TW
[2026-09-11 23:52:31 台灣時間] 完成：8039.TW 趨勢延續分數=25.8（弱偏多延續，納入 3 檔關聯股；其中天數樣本最少的一檔為 250 天（樣本充足（>200，具統計意義）））
[2026-09-11 23:52:31 台灣時間] 處理中：編號26 - 2301.TW
[2026-09-11 23:52:36 台灣時間] ⚠️ 關聯股 DELTA 更新失敗，跳過：抓取 DELTA 失敗，重試 3 次後仍失敗（含嘗試 .TWO 後綴）：DELTA 沒有抓到任何資料；請確認代號是否正確（尤其台股需要 .TW / .TWO 後綴）
[2026-09-11 23:52:40 台灣時間] 完成：2301.TW 趨勢延續分數=-15.6（弱偏空延續，納入 2 檔關聯股；其中天數樣本最少的一檔為 222 天（樣本充足（>200，具統計意義）））
[2026-09-11 23:52:40 台灣時間] 處理中：編號27 - 2464.TW
[2026-09-11 23:52:49 台灣時間] 完成：2464.TW 趨勢延續分數=-41.2（中度偏空延續，納入 4 檔關聯股；其中天數樣本最少的一檔為 250 天（樣本充足（>200，具統計意義）））
[2026-09-11 23:52:49 台灣時間] 處理中：編號28 - 2059.TW
[2026-09-11 23:52:54 台灣時間] ⚠️ 關聯股 ACW 更新失敗，跳過：抓取 ACW 失敗，重試 3 次後仍失敗（含嘗試 .TWO 後綴）：ACW 沒有抓到任何資料；請確認代號是否正確（尤其台股需要 .TW / .TWO 後綴）
[2026-09-11 23:52:57 台灣時間] 完成：2059.TW 趨勢延續分數=-100.0（強烈偏空延續，納入 2 檔關聯股；其中天數樣本最少的一檔為 247 天（樣本充足（>200，具統計意義）））｜均線濾網：留意/警示
[2026-09-11 23:52:57 台灣時間] 處理中：編號29 - 6214.TW
[2026-09-11 23:53:02 台灣時間] 完成：6214.TW 趨勢延續分數=90.4（強烈偏多延續，納入 4 檔關聯股；其中天數樣本最少的一檔為 216 天（樣本充足（>200，具統計意義）））｜均線濾網：推薦買進
[2026-09-11 23:53:02 台灣時間] 處理中：編號30 - 2395.TW
[2026-09-11 23:53:07 台灣時間] ⚠️ 關聯股 ADLINK 更新失敗，跳過：抓取 ADLINK 失敗，重試 3 次後仍失敗（含嘗試 .TWO 後綴）：ADLINK 沒有抓到任何資料；請確認代號是否正確（尤其台股需要 .TW / .TWO 後綴）
[2026-09-11 23:53:11 台灣時間] 完成：2395.TW 趨勢延續分數=-51.2（中度偏空延續，納入 3 檔關聯股；其中天數樣本最少的一檔為 246 天（樣本充足（>200，具統計意義）））
[2026-09-11 23:53:11 台灣時間] 處理中：編號31 - 2474.TW
[2026-09-11 23:53:17 台灣時間] 完成：2474.TW 趨勢延續分數=-53.7（中度偏空延續，納入 6 檔關聯股；其中天數樣本最少的一檔為 228 天（樣本充足（>200，具統計意義）））
[2026-09-11 23:53:17 台灣時間] 處理中：編號32 - 8103.TW
[2026-09-11 23:53:23 台灣時間] 完成：8103.TW 趨勢延續分數=-58.7（中度偏空延續，納入 5 檔關聯股；其中天數樣本最少的一檔為 245 天（樣本充足（>200，具統計意義）））
[2026-09-11 23:53:23 台灣時間] 處理中：編號33 - 6531.TW
[2026-09-11 23:53:32 台灣時間] ⚠️ 關聯股 HPC 更新失敗，跳過：抓取 HPC 失敗，重試 3 次後仍失敗（含嘗試 .TWO 後綴）：HPC 沒有抓到任何資料；請確認代號是否正確（尤其台股需要 .TW / .TWO 後綴）
[2026-09-11 23:53:38 台灣時間] ⚠️ 關聯股 DTC 更新失敗，跳過：抓取 DTC 失敗，重試 3 次後仍失敗（含嘗試 .TWO 後綴）：DTC 沒有抓到任何資料；請確認代號是否正確（尤其台股需要 .TW / .TWO 後綴）
[2026-09-11 23:53:44 台灣時間] ⚠️ 關聯股 PDK 更新失敗，跳過：抓取 PDK 失敗，重試 3 次後仍失敗（含嘗試 .TWO 後綴）：PDK 沒有抓到任何資料；請確認代號是否正確（尤其台股需要 .TW / .TWO 後綴）
[2026-09-11 23:53:45 台灣時間] 完成：6531.TW 趨勢延續分數=-21.9（弱偏空延續，納入 5 檔關聯股；其中天數樣本最少的一檔為 105 天（樣本尚可（100–200，具參考意義）））
[2026-09-11 23:53:45 台灣時間] 處理中：編號33 - 6770.TW
[2026-09-11 23:53:54 台灣時間] ⚠️ 關聯股 HPC 更新失敗，跳過：抓取 HPC 失敗，重試 3 次後仍失敗（含嘗試 .TWO 後綴）：HPC 沒有抓到任何資料；請確認代號是否正確（尤其台股需要 .TW / .TWO 後綴）
[2026-09-11 23:54:01 台灣時間] ⚠️ 關聯股 DTC 更新失敗，跳過：抓取 DTC 失敗，重試 3 次後仍失敗（含嘗試 .TWO 後綴）：DTC 沒有抓到任何資料；請確認代號是否正確（尤其台股需要 .TW / .TWO 後綴）
[2026-09-11 23:54:06 台灣時間] ⚠️ 關聯股 PDK 更新失敗，跳過：抓取 PDK 失敗，重試 3 次後仍失敗（含嘗試 .TWO 後綴）：PDK 沒有抓到任何資料；請確認代號是否正確（尤其台股需要 .TW / .TWO 後綴）
[2026-09-11 23:54:07 台灣時間] 完成：6770.TW 趨勢延續分數=-32.0（弱偏空延續，納入 5 檔關聯股；其中天數樣本最少的一檔為 105 天（樣本尚可（100–200，具參考意義）））
[2026-09-11 23:54:07 台灣時間] 處理中：編號33 - 2303.TW
[2026-09-11 23:54:16 台灣時間] ⚠️ 關聯股 HPC 更新失敗，跳過：抓取 HPC 失敗，重試 3 次後仍失敗（含嘗試 .TWO 後綴）：HPC 沒有抓到任何資料；請確認代號是否正確（尤其台股需要 .TW / .TWO 後綴）
[2026-09-11 23:54:22 台灣時間] ⚠️ 關聯股 DTC 更新失敗，跳過：抓取 DTC 失敗，重試 3 次後仍失敗（含嘗試 .TWO 後綴）：DTC 沒有抓到任何資料；請確認代號是否正確（尤其台股需要 .TW / .TWO 後綴）
[2026-09-11 23:54:28 台灣時間] ⚠️ 關聯股 PDK 更新失敗，跳過：抓取 PDK 失敗，重試 3 次後仍失敗（含嘗試 .TWO 後綴）：PDK 沒有抓到任何資料；請確認代號是否正確（尤其台股需要 .TW / .TWO 後綴）
[2026-09-11 23:54:29 台灣時間] 完成：2303.TW 趨勢延續分數=-18.4（弱偏空延續，納入 5 檔關聯股；其中天數樣本最少的一檔為 103 天（樣本尚可（100–200，具參考意義）））
[2026-09-11 23:54:29 台灣時間] 處理中：編號34 - 2421.TW
[2026-09-11 23:54:36 台灣時間] 完成：2421.TW 趨勢延續分數=2.4（方向不明/觀望，納入 6 檔關聯股；其中天數樣本最少的一檔為 244 天（樣本充足（>200，具統計意義）））
[2026-09-11 23:54:36 台灣時間] 處理中：編號34 - 4931.TW
[2026-09-11 23:54:48 台灣時間] 完成：4931.TW 趨勢延續分數=9.0（方向不明/觀望，納入 6 檔關聯股；其中天數樣本最少的一檔為 248 天（樣本充足（>200，具統計意義）））
[2026-09-11 23:54:48 台灣時間] 處理中：編號35 - 6830.TW
[2026-09-11 23:54:51 台灣時間] 完成：6830.TW 趨勢延續分數=-100.0（強烈偏空延續，納入 3 檔關聯股；其中天數樣本最少的一檔為 242 天（樣本充足（>200，具統計意義）））｜均線濾網：訊號未過濾(偏空)
[2026-09-11 23:54:51 台灣時間] 處理中：編號36 - 7711.TW
[2026-09-11 23:54:58 台灣時間] 完成：7711.TW 趨勢延續分數=-3.2（方向不明/觀望，納入 6 檔關聯股；其中天數樣本最少的一檔為 181 天（樣本尚可（100–200，具參考意義）））
[2026-09-11 23:54:58 台灣時間] 處理中：編號37 - 3234.TW
[2026-09-11 23:55:10 台灣時間] ⚠️ 關聯股 800G 更新失敗，跳過：抓取 800G 失敗，重試 3 次後仍失敗（含嘗試 .TWO 後綴）：800G 沒有抓到任何資料；請確認代號是否正確（尤其台股需要 .TW / .TWO 後綴）
[2026-09-11 23:55:23 台灣時間] 完成：3234.TW 趨勢延續分數=-43.0（中度偏空延續，納入 5 檔關聯股；其中天數樣本最少的一檔為 252 天（樣本充足（>200，具統計意義）））
[2026-09-11 23:55:23 台灣時間] 處理中：編號38 - 6291.TW
[2026-09-11 23:55:48 台灣時間] 完成：6291.TW 趨勢延續分數=-34.5（弱偏空延續，納入 5 檔關聯股；其中天數樣本最少的一檔為 256 天（樣本充足（>200，具統計意義）））
[2026-09-11 23:55:48 台灣時間] 處理中：編號39 - 4908.TW
[2026-09-11 23:55:55 台灣時間] 完成：4908.TW 趨勢延續分數=-18.2（弱偏空延續，納入 2 檔關聯股；其中天數樣本最少的一檔為 253 天（樣本充足（>200，具統計意義）））
[2026-09-11 23:55:55 台灣時間] 每日摘要已存到 /home/runner/work/brian670126/brian670126/reports/summary_2026-09-11.csv
[2026-09-11 23:55:55 台灣時間] 好讀版看板已存到 /home/runner/work/brian670126/brian670126/reports/dashboard_latest.html（同一份也存了 dashboard_2026-09-11.html）
[2026-09-11 23:55:55 台灣時間] 本次執行完畢

